solid OpenSCAD_Model
  facet normal -0.987682 -0.156475 0
    outer loop
      vertex 11.25 86 0
      vertex 11.1888 86.3863 2
      vertex 11.1888 86.3863 0
    endloop
  endfacet
  facet normal -0.987682 -0.156475 0
    outer loop
      vertex 11.1888 86.3863 2
      vertex 11.25 86 0
      vertex 11.25 86 2
    endloop
  endfacet
  facet normal 0.156486 -0.98768 0
    outer loop
      vertex 9.61373 87.1888 0
      vertex 10 87.25 2
      vertex 9.61373 87.1888 2
    endloop
  endfacet
  facet normal 0.156486 -0.98768 0
    outer loop
      vertex 10 87.25 2
      vertex 9.61373 87.1888 0
      vertex 10 87.25 0
    endloop
  endfacet
  facet normal -0.453953 0.891026 0
    outer loop
      vertex 10.7347 84.9887 0
      vertex 10.3863 84.8112 2
      vertex 10.7347 84.9887 2
    endloop
  endfacet
  facet normal -0.453953 0.891026 0
    outer loop
      vertex 10.3863 84.8112 2
      vertex 10.7347 84.9887 0
      vertex 10.3863 84.8112 0
    endloop
  endfacet
  facet normal -0.707107 -0.707107 0
    outer loop
      vertex 10.7347 87.0113 0
      vertex 11.0113 86.7347 2
      vertex 10.7347 87.0113 2
    endloop
  endfacet
  facet normal -0.707107 -0.707107 -0
    outer loop
      vertex 11.0113 86.7347 2
      vertex 10.7347 87.0113 0
      vertex 11.0113 86.7347 0
    endloop
  endfacet
  facet normal -0.891026 -0.453953 0
    outer loop
      vertex 11.1888 86.3863 0
      vertex 11.0113 86.7347 2
      vertex 11.0113 86.7347 0
    endloop
  endfacet
  facet normal -0.891026 -0.453953 0
    outer loop
      vertex 11.0113 86.7347 2
      vertex 11.1888 86.3863 0
      vertex 11.1888 86.3863 2
    endloop
  endfacet
  facet normal 0.707183 -0.70703 0
    outer loop
      vertex 8.98873 86.7347 0
      vertex 9.26527 87.0113 2
      vertex 8.98873 86.7347 2
    endloop
  endfacet
  facet normal 0.707183 -0.70703 0
    outer loop
      vertex 9.26527 87.0113 2
      vertex 8.98873 86.7347 0
      vertex 9.26527 87.0113 0
    endloop
  endfacet
  facet normal 0.890974 -0.454054 0
    outer loop
      vertex 8.81118 86.3863 2
      vertex 8.98873 86.7347 0
      vertex 8.98873 86.7347 2
    endloop
  endfacet
  facet normal 0.890974 -0.454054 0
    outer loop
      vertex 8.98873 86.7347 0
      vertex 8.81118 86.3863 2
      vertex 8.81118 86.3863 0
    endloop
  endfacet
  facet normal 0.453891 -0.891057 0
    outer loop
      vertex 9.26527 87.0113 0
      vertex 9.61373 87.1888 2
      vertex 9.26527 87.0113 2
    endloop
  endfacet
  facet normal 0.453891 -0.891057 0
    outer loop
      vertex 9.61373 87.1888 2
      vertex 9.26527 87.0113 0
      vertex 9.61373 87.1888 0
    endloop
  endfacet
  facet normal 0.453891 0.891057 -0
    outer loop
      vertex 9.61373 84.8112 0
      vertex 9.26527 84.9887 2
      vertex 9.61373 84.8112 2
    endloop
  endfacet
  facet normal 0.453891 0.891057 0
    outer loop
      vertex 9.26527 84.9887 2
      vertex 9.61373 84.8112 0
      vertex 9.26527 84.9887 0
    endloop
  endfacet
  facet normal 0.890974 0.454054 0
    outer loop
      vertex 8.98873 85.2653 2
      vertex 8.81118 85.6137 0
      vertex 8.81118 85.6137 2
    endloop
  endfacet
  facet normal 0.890974 0.454054 0
    outer loop
      vertex 8.81118 85.6137 0
      vertex 8.98873 85.2653 2
      vertex 8.98873 85.2653 0
    endloop
  endfacet
  facet normal -0.156475 -0.987682 0
    outer loop
      vertex 10 87.25 0
      vertex 10.3863 87.1888 2
      vertex 10 87.25 2
    endloop
  endfacet
  facet normal -0.156475 -0.987682 -0
    outer loop
      vertex 10.3863 87.1888 2
      vertex 10 87.25 0
      vertex 10.3863 87.1888 0
    endloop
  endfacet
  facet normal -0.453953 -0.891026 0
    outer loop
      vertex 10.3863 87.1888 0
      vertex 10.7347 87.0113 2
      vertex 10.3863 87.1888 2
    endloop
  endfacet
  facet normal -0.453953 -0.891026 -0
    outer loop
      vertex 10.7347 87.0113 2
      vertex 10.3863 87.1888 0
      vertex 10.7347 87.0113 0
    endloop
  endfacet
  facet normal 0.98769 -0.156425 0
    outer loop
      vertex 8.75 86 2
      vertex 8.81118 86.3863 0
      vertex 8.81118 86.3863 2
    endloop
  endfacet
  facet normal 0.98769 -0.156425 0
    outer loop
      vertex 8.81118 86.3863 0
      vertex 8.75 86 2
      vertex 8.75 86 0
    endloop
  endfacet
  facet normal -0.987682 0.156475 0
    outer loop
      vertex 11.1888 85.6137 0
      vertex 11.25 86 2
      vertex 11.25 86 0
    endloop
  endfacet
  facet normal -0.987682 0.156475 0
    outer loop
      vertex 11.25 86 2
      vertex 11.1888 85.6137 0
      vertex 11.1888 85.6137 2
    endloop
  endfacet
  facet normal -0.707107 0.707107 0
    outer loop
      vertex 11.0113 85.2653 0
      vertex 10.7347 84.9887 2
      vertex 11.0113 85.2653 2
    endloop
  endfacet
  facet normal -0.707107 0.707107 0
    outer loop
      vertex 10.7347 84.9887 2
      vertex 11.0113 85.2653 0
      vertex 10.7347 84.9887 0
    endloop
  endfacet
  facet normal -0.891026 0.453953 0
    outer loop
      vertex 11.0113 85.2653 0
      vertex 11.1888 85.6137 2
      vertex 11.1888 85.6137 0
    endloop
  endfacet
  facet normal -0.891026 0.453953 0
    outer loop
      vertex 11.1888 85.6137 2
      vertex 11.0113 85.2653 0
      vertex 11.0113 85.2653 2
    endloop
  endfacet
  facet normal 0.156486 0.98768 -0
    outer loop
      vertex 10 84.75 0
      vertex 9.61373 84.8112 2
      vertex 10 84.75 2
    endloop
  endfacet
  facet normal 0.156486 0.98768 0
    outer loop
      vertex 9.61373 84.8112 2
      vertex 10 84.75 0
      vertex 9.61373 84.8112 0
    endloop
  endfacet
  facet normal 0.707183 0.70703 -0
    outer loop
      vertex 9.26527 84.9887 0
      vertex 8.98873 85.2653 2
      vertex 9.26527 84.9887 2
    endloop
  endfacet
  facet normal 0.707183 0.70703 0
    outer loop
      vertex 8.98873 85.2653 2
      vertex 9.26527 84.9887 0
      vertex 8.98873 85.2653 0
    endloop
  endfacet
  facet normal 0.98769 0.156425 0
    outer loop
      vertex 8.81118 85.6137 2
      vertex 8.75 86 0
      vertex 8.75 86 2
    endloop
  endfacet
  facet normal 0.98769 0.156425 0
    outer loop
      vertex 8.75 86 0
      vertex 8.81118 85.6137 2
      vertex 8.81118 85.6137 0
    endloop
  endfacet
  facet normal -0.156475 0.987682 0
    outer loop
      vertex 10.3863 84.8112 0
      vertex 10 84.75 2
      vertex 10.3863 84.8112 2
    endloop
  endfacet
  facet normal -0.156475 0.987682 0
    outer loop
      vertex 10 84.75 2
      vertex 10.3863 84.8112 0
      vertex 10 84.75 0
    endloop
  endfacet
  facet normal -0.987682 -0.156475 0
    outer loop
      vertex 11.25 91 0
      vertex 11.1888 91.3863 2
      vertex 11.1888 91.3863 0
    endloop
  endfacet
  facet normal -0.987682 -0.156475 0
    outer loop
      vertex 11.1888 91.3863 2
      vertex 11.25 91 0
      vertex 11.25 91 2
    endloop
  endfacet
  facet normal 0.156486 -0.98768 0
    outer loop
      vertex 9.61373 92.1888 0
      vertex 10 92.25 2
      vertex 9.61373 92.1888 2
    endloop
  endfacet
  facet normal 0.156486 -0.98768 0
    outer loop
      vertex 10 92.25 2
      vertex 9.61373 92.1888 0
      vertex 10 92.25 0
    endloop
  endfacet
  facet normal -0.453953 0.891026 0
    outer loop
      vertex 10.7347 89.9887 0
      vertex 10.3863 89.8112 2
      vertex 10.7347 89.9887 2
    endloop
  endfacet
  facet normal -0.453953 0.891026 0
    outer loop
      vertex 10.3863 89.8112 2
      vertex 10.7347 89.9887 0
      vertex 10.3863 89.8112 0
    endloop
  endfacet
  facet normal -0.707107 -0.707107 0
    outer loop
      vertex 10.7347 92.0113 0
      vertex 11.0113 91.7347 2
      vertex 10.7347 92.0113 2
    endloop
  endfacet
  facet normal -0.707107 -0.707107 -0
    outer loop
      vertex 11.0113 91.7347 2
      vertex 10.7347 92.0113 0
      vertex 11.0113 91.7347 0
    endloop
  endfacet
  facet normal -0.891026 -0.453953 0
    outer loop
      vertex 11.1888 91.3863 0
      vertex 11.0113 91.7347 2
      vertex 11.0113 91.7347 0
    endloop
  endfacet
  facet normal -0.891026 -0.453953 0
    outer loop
      vertex 11.0113 91.7347 2
      vertex 11.1888 91.3863 0
      vertex 11.1888 91.3863 2
    endloop
  endfacet
  facet normal 0.707183 -0.70703 0
    outer loop
      vertex 8.98873 91.7347 0
      vertex 9.26527 92.0113 2
      vertex 8.98873 91.7347 2
    endloop
  endfacet
  facet normal 0.707183 -0.70703 0
    outer loop
      vertex 9.26527 92.0113 2
      vertex 8.98873 91.7347 0
      vertex 9.26527 92.0113 0
    endloop
  endfacet
  facet normal 0.890974 -0.454054 0
    outer loop
      vertex 8.81118 91.3863 2
      vertex 8.98873 91.7347 0
      vertex 8.98873 91.7347 2
    endloop
  endfacet
  facet normal 0.890974 -0.454054 0
    outer loop
      vertex 8.98873 91.7347 0
      vertex 8.81118 91.3863 2
      vertex 8.81118 91.3863 0
    endloop
  endfacet
  facet normal 0.453891 -0.891057 0
    outer loop
      vertex 9.26527 92.0113 0
      vertex 9.61373 92.1888 2
      vertex 9.26527 92.0113 2
    endloop
  endfacet
  facet normal 0.453891 -0.891057 0
    outer loop
      vertex 9.61373 92.1888 2
      vertex 9.26527 92.0113 0
      vertex 9.61373 92.1888 0
    endloop
  endfacet
  facet normal 0.453891 0.891057 -0
    outer loop
      vertex 9.61373 89.8112 0
      vertex 9.26527 89.9887 2
      vertex 9.61373 89.8112 2
    endloop
  endfacet
  facet normal 0.453891 0.891057 0
    outer loop
      vertex 9.26527 89.9887 2
      vertex 9.61373 89.8112 0
      vertex 9.26527 89.9887 0
    endloop
  endfacet
  facet normal 0.890974 0.454054 0
    outer loop
      vertex 8.98873 90.2653 2
      vertex 8.81118 90.6137 0
      vertex 8.81118 90.6137 2
    endloop
  endfacet
  facet normal 0.890974 0.454054 0
    outer loop
      vertex 8.81118 90.6137 0
      vertex 8.98873 90.2653 2
      vertex 8.98873 90.2653 0
    endloop
  endfacet
  facet normal -0.156475 -0.987682 0
    outer loop
      vertex 10 92.25 0
      vertex 10.3863 92.1888 2
      vertex 10 92.25 2
    endloop
  endfacet
  facet normal -0.156475 -0.987682 -0
    outer loop
      vertex 10.3863 92.1888 2
      vertex 10 92.25 0
      vertex 10.3863 92.1888 0
    endloop
  endfacet
  facet normal -0.453953 -0.891026 0
    outer loop
      vertex 10.3863 92.1888 0
      vertex 10.7347 92.0113 2
      vertex 10.3863 92.1888 2
    endloop
  endfacet
  facet normal -0.453953 -0.891026 -0
    outer loop
      vertex 10.7347 92.0113 2
      vertex 10.3863 92.1888 0
      vertex 10.7347 92.0113 0
    endloop
  endfacet
  facet normal 0.98769 -0.156425 0
    outer loop
      vertex 8.75 91 2
      vertex 8.81118 91.3863 0
      vertex 8.81118 91.3863 2
    endloop
  endfacet
  facet normal 0.98769 -0.156425 0
    outer loop
      vertex 8.81118 91.3863 0
      vertex 8.75 91 2
      vertex 8.75 91 0
    endloop
  endfacet
  facet normal -0.707107 0.707107 0
    outer loop
      vertex 11.0113 90.2653 0
      vertex 10.7347 89.9887 2
      vertex 11.0113 90.2653 2
    endloop
  endfacet
  facet normal -0.707107 0.707107 0
    outer loop
      vertex 10.7347 89.9887 2
      vertex 11.0113 90.2653 0
      vertex 10.7347 89.9887 0
    endloop
  endfacet
  facet normal -0.891026 0.453953 0
    outer loop
      vertex 11.0113 90.2653 0
      vertex 11.1888 90.6137 2
      vertex 11.1888 90.6137 0
    endloop
  endfacet
  facet normal -0.891026 0.453953 0
    outer loop
      vertex 11.1888 90.6137 2
      vertex 11.0113 90.2653 0
      vertex 11.0113 90.2653 2
    endloop
  endfacet
  facet normal 0.156486 0.98768 -0
    outer loop
      vertex 10 89.75 0
      vertex 9.61373 89.8112 2
      vertex 10 89.75 2
    endloop
  endfacet
  facet normal 0.156486 0.98768 0
    outer loop
      vertex 9.61373 89.8112 2
      vertex 10 89.75 0
      vertex 9.61373 89.8112 0
    endloop
  endfacet
  facet normal 0.707183 0.70703 -0
    outer loop
      vertex 9.26527 89.9887 0
      vertex 8.98873 90.2653 2
      vertex 9.26527 89.9887 2
    endloop
  endfacet
  facet normal 0.707183 0.70703 0
    outer loop
      vertex 8.98873 90.2653 2
      vertex 9.26527 89.9887 0
      vertex 8.98873 90.2653 0
    endloop
  endfacet
  facet normal 0.98769 0.156425 0
    outer loop
      vertex 8.81118 90.6137 2
      vertex 8.75 91 0
      vertex 8.75 91 2
    endloop
  endfacet
  facet normal 0.98769 0.156425 0
    outer loop
      vertex 8.75 91 0
      vertex 8.81118 90.6137 2
      vertex 8.81118 90.6137 0
    endloop
  endfacet
  facet normal -0.987682 0.156475 0
    outer loop
      vertex 11.1888 90.6137 0
      vertex 11.25 91 2
      vertex 11.25 91 0
    endloop
  endfacet
  facet normal -0.987682 0.156475 0
    outer loop
      vertex 11.25 91 2
      vertex 11.1888 90.6137 0
      vertex 11.1888 90.6137 2
    endloop
  endfacet
  facet normal -0.156475 0.987682 0
    outer loop
      vertex 10.3863 89.8112 0
      vertex 10 89.75 2
      vertex 10.3863 89.8112 2
    endloop
  endfacet
  facet normal -0.156475 0.987682 0
    outer loop
      vertex 10 89.75 2
      vertex 10.3863 89.8112 0
      vertex 10 89.75 0
    endloop
  endfacet
  facet normal -0.987682 -0.156475 0
    outer loop
      vertex 11.25 96 0
      vertex 11.1888 96.3863 2
      vertex 11.1888 96.3863 0
    endloop
  endfacet
  facet normal -0.987682 -0.156475 0
    outer loop
      vertex 11.1888 96.3863 2
      vertex 11.25 96 0
      vertex 11.25 96 2
    endloop
  endfacet
  facet normal 0.98769 0.156425 0
    outer loop
      vertex 8.81118 95.6137 2
      vertex 8.75 96 0
      vertex 8.75 96 2
    endloop
  endfacet
  facet normal 0.98769 0.156425 0
    outer loop
      vertex 8.75 96 0
      vertex 8.81118 95.6137 2
      vertex 8.81118 95.6137 0
    endloop
  endfacet
  facet normal 0.156486 -0.98768 0
    outer loop
      vertex 9.61373 97.1888 0
      vertex 10 97.25 2
      vertex 9.61373 97.1888 2
    endloop
  endfacet
  facet normal 0.156486 -0.98768 0
    outer loop
      vertex 10 97.25 2
      vertex 9.61373 97.1888 0
      vertex 10 97.25 0
    endloop
  endfacet
  facet normal -0.453953 0.891026 0
    outer loop
      vertex 10.7347 94.9887 0
      vertex 10.3863 94.8112 2
      vertex 10.7347 94.9887 2
    endloop
  endfacet
  facet normal -0.453953 0.891026 0
    outer loop
      vertex 10.3863 94.8112 2
      vertex 10.7347 94.9887 0
      vertex 10.3863 94.8112 0
    endloop
  endfacet
  facet normal -0.707107 -0.707107 0
    outer loop
      vertex 10.7347 97.0113 0
      vertex 11.0113 96.7347 2
      vertex 10.7347 97.0113 2
    endloop
  endfacet
  facet normal -0.707107 -0.707107 -0
    outer loop
      vertex 11.0113 96.7347 2
      vertex 10.7347 97.0113 0
      vertex 11.0113 96.7347 0
    endloop
  endfacet
  facet normal -0.891026 -0.453953 0
    outer loop
      vertex 11.1888 96.3863 0
      vertex 11.0113 96.7347 2
      vertex 11.0113 96.7347 0
    endloop
  endfacet
  facet normal -0.891026 -0.453953 0
    outer loop
      vertex 11.0113 96.7347 2
      vertex 11.1888 96.3863 0
      vertex 11.1888 96.3863 2
    endloop
  endfacet
  facet normal 0.707183 -0.70703 0
    outer loop
      vertex 8.98873 96.7347 0
      vertex 9.26527 97.0113 2
      vertex 8.98873 96.7347 2
    endloop
  endfacet
  facet normal 0.707183 -0.70703 0
    outer loop
      vertex 9.26527 97.0113 2
      vertex 8.98873 96.7347 0
      vertex 9.26527 97.0113 0
    endloop
  endfacet
  facet normal 0.890974 -0.454054 0
    outer loop
      vertex 8.81118 96.3863 2
      vertex 8.98873 96.7347 0
      vertex 8.98873 96.7347 2
    endloop
  endfacet
  facet normal 0.890974 -0.454054 0
    outer loop
      vertex 8.98873 96.7347 0
      vertex 8.81118 96.3863 2
      vertex 8.81118 96.3863 0
    endloop
  endfacet
  facet normal 0.453891 -0.891057 0
    outer loop
      vertex 9.26527 97.0113 0
      vertex 9.61373 97.1888 2
      vertex 9.26527 97.0113 2
    endloop
  endfacet
  facet normal 0.453891 -0.891057 0
    outer loop
      vertex 9.61373 97.1888 2
      vertex 9.26527 97.0113 0
      vertex 9.61373 97.1888 0
    endloop
  endfacet
  facet normal 0.453891 0.891057 -0
    outer loop
      vertex 9.61373 94.8112 0
      vertex 9.26527 94.9887 2
      vertex 9.61373 94.8112 2
    endloop
  endfacet
  facet normal 0.453891 0.891057 0
    outer loop
      vertex 9.26527 94.9887 2
      vertex 9.61373 94.8112 0
      vertex 9.26527 94.9887 0
    endloop
  endfacet
  facet normal 0.890974 0.454054 0
    outer loop
      vertex 8.98873 95.2653 2
      vertex 8.81118 95.6137 0
      vertex 8.81118 95.6137 2
    endloop
  endfacet
  facet normal 0.890974 0.454054 0
    outer loop
      vertex 8.81118 95.6137 0
      vertex 8.98873 95.2653 2
      vertex 8.98873 95.2653 0
    endloop
  endfacet
  facet normal -0.156475 -0.987682 0
    outer loop
      vertex 10 97.25 0
      vertex 10.3863 97.1888 2
      vertex 10 97.25 2
    endloop
  endfacet
  facet normal -0.156475 -0.987682 -0
    outer loop
      vertex 10.3863 97.1888 2
      vertex 10 97.25 0
      vertex 10.3863 97.1888 0
    endloop
  endfacet
  facet normal -0.453953 -0.891026 0
    outer loop
      vertex 10.3863 97.1888 0
      vertex 10.7347 97.0113 2
      vertex 10.3863 97.1888 2
    endloop
  endfacet
  facet normal -0.453953 -0.891026 -0
    outer loop
      vertex 10.7347 97.0113 2
      vertex 10.3863 97.1888 0
      vertex 10.7347 97.0113 0
    endloop
  endfacet
  facet normal 0.98769 -0.156425 0
    outer loop
      vertex 8.75 96 2
      vertex 8.81118 96.3863 0
      vertex 8.81118 96.3863 2
    endloop
  endfacet
  facet normal 0.98769 -0.156425 0
    outer loop
      vertex 8.81118 96.3863 0
      vertex 8.75 96 2
      vertex 8.75 96 0
    endloop
  endfacet
  facet normal -0.987682 0.156475 0
    outer loop
      vertex 11.1888 95.6137 0
      vertex 11.25 96 2
      vertex 11.25 96 0
    endloop
  endfacet
  facet normal -0.987682 0.156475 0
    outer loop
      vertex 11.25 96 2
      vertex 11.1888 95.6137 0
      vertex 11.1888 95.6137 2
    endloop
  endfacet
  facet normal -0.707107 0.707107 0
    outer loop
      vertex 11.0113 95.2653 0
      vertex 10.7347 94.9887 2
      vertex 11.0113 95.2653 2
    endloop
  endfacet
  facet normal -0.707107 0.707107 0
    outer loop
      vertex 10.7347 94.9887 2
      vertex 11.0113 95.2653 0
      vertex 10.7347 94.9887 0
    endloop
  endfacet
  facet normal -0.891026 0.453953 0
    outer loop
      vertex 11.0113 95.2653 0
      vertex 11.1888 95.6137 2
      vertex 11.1888 95.6137 0
    endloop
  endfacet
  facet normal -0.891026 0.453953 0
    outer loop
      vertex 11.1888 95.6137 2
      vertex 11.0113 95.2653 0
      vertex 11.0113 95.2653 2
    endloop
  endfacet
  facet normal 0.156486 0.98768 -0
    outer loop
      vertex 10 94.75 0
      vertex 9.61373 94.8112 2
      vertex 10 94.75 2
    endloop
  endfacet
  facet normal 0.156486 0.98768 0
    outer loop
      vertex 9.61373 94.8112 2
      vertex 10 94.75 0
      vertex 9.61373 94.8112 0
    endloop
  endfacet
  facet normal 0.707183 0.70703 -0
    outer loop
      vertex 9.26527 94.9887 0
      vertex 8.98873 95.2653 2
      vertex 9.26527 94.9887 2
    endloop
  endfacet
  facet normal 0.707183 0.70703 0
    outer loop
      vertex 8.98873 95.2653 2
      vertex 9.26527 94.9887 0
      vertex 8.98873 95.2653 0
    endloop
  endfacet
  facet normal -0.156475 0.987682 0
    outer loop
      vertex 10.3863 94.8112 0
      vertex 10 94.75 2
      vertex 10.3863 94.8112 2
    endloop
  endfacet
  facet normal -0.156475 0.987682 0
    outer loop
      vertex 10 94.75 2
      vertex 10.3863 94.8112 0
      vertex 10 94.75 0
    endloop
  endfacet
  facet normal -0.987682 -0.156475 0
    outer loop
      vertex 16.25 86 0
      vertex 16.1888 86.3863 2
      vertex 16.1888 86.3863 0
    endloop
  endfacet
  facet normal -0.987682 -0.156475 0
    outer loop
      vertex 16.1888 86.3863 2
      vertex 16.25 86 0
      vertex 16.25 86 2
    endloop
  endfacet
  facet normal 0.156475 -0.987682 0
    outer loop
      vertex 14.6137 87.1888 0
      vertex 15 87.25 2
      vertex 14.6137 87.1888 2
    endloop
  endfacet
  facet normal 0.156475 -0.987682 0
    outer loop
      vertex 15 87.25 2
      vertex 14.6137 87.1888 0
      vertex 15 87.25 0
    endloop
  endfacet
  facet normal -0.453953 0.891026 0
    outer loop
      vertex 15.7347 84.9887 0
      vertex 15.3863 84.8112 2
      vertex 15.7347 84.9887 2
    endloop
  endfacet
  facet normal -0.453953 0.891026 0
    outer loop
      vertex 15.3863 84.8112 2
      vertex 15.7347 84.9887 0
      vertex 15.3863 84.8112 0
    endloop
  endfacet
  facet normal -0.707107 -0.707107 0
    outer loop
      vertex 15.7347 87.0113 0
      vertex 16.0113 86.7347 2
      vertex 15.7347 87.0113 2
    endloop
  endfacet
  facet normal -0.707107 -0.707107 -0
    outer loop
      vertex 16.0113 86.7347 2
      vertex 15.7347 87.0113 0
      vertex 16.0113 86.7347 0
    endloop
  endfacet
  facet normal -0.891026 -0.453953 0
    outer loop
      vertex 16.1888 86.3863 0
      vertex 16.0113 86.7347 2
      vertex 16.0113 86.7347 0
    endloop
  endfacet
  facet normal -0.891026 -0.453953 0
    outer loop
      vertex 16.0113 86.7347 2
      vertex 16.1888 86.3863 0
      vertex 16.1888 86.3863 2
    endloop
  endfacet
  facet normal 0.707107 -0.707107 0
    outer loop
      vertex 13.9887 86.7347 0
      vertex 14.2653 87.0113 2
      vertex 13.9887 86.7347 2
    endloop
  endfacet
  facet normal 0.707107 -0.707107 0
    outer loop
      vertex 14.2653 87.0113 2
      vertex 13.9887 86.7347 0
      vertex 14.2653 87.0113 0
    endloop
  endfacet
  facet normal 0.891026 -0.453953 0
    outer loop
      vertex 13.8112 86.3863 2
      vertex 13.9887 86.7347 0
      vertex 13.9887 86.7347 2
    endloop
  endfacet
  facet normal 0.891026 -0.453953 0
    outer loop
      vertex 13.9887 86.7347 0
      vertex 13.8112 86.3863 2
      vertex 13.8112 86.3863 0
    endloop
  endfacet
  facet normal 0.453953 -0.891026 0
    outer loop
      vertex 14.2653 87.0113 0
      vertex 14.6137 87.1888 2
      vertex 14.2653 87.0113 2
    endloop
  endfacet
  facet normal 0.453953 -0.891026 0
    outer loop
      vertex 14.6137 87.1888 2
      vertex 14.2653 87.0113 0
      vertex 14.6137 87.1888 0
    endloop
  endfacet
  facet normal 0.453953 0.891026 -0
    outer loop
      vertex 14.6137 84.8112 0
      vertex 14.2653 84.9887 2
      vertex 14.6137 84.8112 2
    endloop
  endfacet
  facet normal 0.453953 0.891026 0
    outer loop
      vertex 14.2653 84.9887 2
      vertex 14.6137 84.8112 0
      vertex 14.2653 84.9887 0
    endloop
  endfacet
  facet normal 0.891026 0.453953 0
    outer loop
      vertex 13.9887 85.2653 2
      vertex 13.8112 85.6137 0
      vertex 13.8112 85.6137 2
    endloop
  endfacet
  facet normal 0.891026 0.453953 0
    outer loop
      vertex 13.8112 85.6137 0
      vertex 13.9887 85.2653 2
      vertex 13.9887 85.2653 0
    endloop
  endfacet
  facet normal -0.156475 -0.987682 0
    outer loop
      vertex 15 87.25 0
      vertex 15.3863 87.1888 2
      vertex 15 87.25 2
    endloop
  endfacet
  facet normal -0.156475 -0.987682 -0
    outer loop
      vertex 15.3863 87.1888 2
      vertex 15 87.25 0
      vertex 15.3863 87.1888 0
    endloop
  endfacet
  facet normal -0.453953 -0.891026 0
    outer loop
      vertex 15.3863 87.1888 0
      vertex 15.7347 87.0113 2
      vertex 15.3863 87.1888 2
    endloop
  endfacet
  facet normal -0.453953 -0.891026 -0
    outer loop
      vertex 15.7347 87.0113 2
      vertex 15.3863 87.1888 0
      vertex 15.7347 87.0113 0
    endloop
  endfacet
  facet normal 0.987682 -0.156475 0
    outer loop
      vertex 13.75 86 2
      vertex 13.8112 86.3863 0
      vertex 13.8112 86.3863 2
    endloop
  endfacet
  facet normal 0.987682 -0.156475 0
    outer loop
      vertex 13.8112 86.3863 0
      vertex 13.75 86 2
      vertex 13.75 86 0
    endloop
  endfacet
  facet normal -0.707107 0.707107 0
    outer loop
      vertex 16.0113 85.2653 0
      vertex 15.7347 84.9887 2
      vertex 16.0113 85.2653 2
    endloop
  endfacet
  facet normal -0.707107 0.707107 0
    outer loop
      vertex 15.7347 84.9887 2
      vertex 16.0113 85.2653 0
      vertex 15.7347 84.9887 0
    endloop
  endfacet
  facet normal -0.891026 0.453953 0
    outer loop
      vertex 16.0113 85.2653 0
      vertex 16.1888 85.6137 2
      vertex 16.1888 85.6137 0
    endloop
  endfacet
  facet normal -0.891026 0.453953 0
    outer loop
      vertex 16.1888 85.6137 2
      vertex 16.0113 85.2653 0
      vertex 16.0113 85.2653 2
    endloop
  endfacet
  facet normal 0.156475 0.987682 -0
    outer loop
      vertex 15 84.75 0
      vertex 14.6137 84.8112 2
      vertex 15 84.75 2
    endloop
  endfacet
  facet normal 0.156475 0.987682 0
    outer loop
      vertex 14.6137 84.8112 2
      vertex 15 84.75 0
      vertex 14.6137 84.8112 0
    endloop
  endfacet
  facet normal 0.707107 0.707107 -0
    outer loop
      vertex 14.2653 84.9887 0
      vertex 13.9887 85.2653 2
      vertex 14.2653 84.9887 2
    endloop
  endfacet
  facet normal 0.707107 0.707107 0
    outer loop
      vertex 13.9887 85.2653 2
      vertex 14.2653 84.9887 0
      vertex 13.9887 85.2653 0
    endloop
  endfacet
  facet normal 0.987682 0.156475 0
    outer loop
      vertex 13.8112 85.6137 2
      vertex 13.75 86 0
      vertex 13.75 86 2
    endloop
  endfacet
  facet normal 0.987682 0.156475 0
    outer loop
      vertex 13.75 86 0
      vertex 13.8112 85.6137 2
      vertex 13.8112 85.6137 0
    endloop
  endfacet
  facet normal -0.987682 0.156475 0
    outer loop
      vertex 16.1888 85.6137 0
      vertex 16.25 86 2
      vertex 16.25 86 0
    endloop
  endfacet
  facet normal -0.987682 0.156475 0
    outer loop
      vertex 16.25 86 2
      vertex 16.1888 85.6137 0
      vertex 16.1888 85.6137 2
    endloop
  endfacet
  facet normal -0.156475 0.987682 0
    outer loop
      vertex 15.3863 84.8112 0
      vertex 15 84.75 2
      vertex 15.3863 84.8112 2
    endloop
  endfacet
  facet normal -0.156475 0.987682 0
    outer loop
      vertex 15 84.75 2
      vertex 15.3863 84.8112 0
      vertex 15 84.75 0
    endloop
  endfacet
  facet normal -0.987682 -0.156475 0
    outer loop
      vertex 16.25 91 0
      vertex 16.1888 91.3863 2
      vertex 16.1888 91.3863 0
    endloop
  endfacet
  facet normal -0.987682 -0.156475 0
    outer loop
      vertex 16.1888 91.3863 2
      vertex 16.25 91 0
      vertex 16.25 91 2
    endloop
  endfacet
  facet normal -0.453953 -0.891026 0
    outer loop
      vertex 15.3863 92.1888 0
      vertex 15.7347 92.0113 2
      vertex 15.3863 92.1888 2
    endloop
  endfacet
  facet normal -0.453953 -0.891026 -0
    outer loop
      vertex 15.7347 92.0113 2
      vertex 15.3863 92.1888 0
      vertex 15.7347 92.0113 0
    endloop
  endfacet
  facet normal -0.453953 0.891026 0
    outer loop
      vertex 15.7347 89.9887 0
      vertex 15.3863 89.8112 2
      vertex 15.7347 89.9887 2
    endloop
  endfacet
  facet normal -0.453953 0.891026 0
    outer loop
      vertex 15.3863 89.8112 2
      vertex 15.7347 89.9887 0
      vertex 15.3863 89.8112 0
    endloop
  endfacet
  facet normal 0.156475 0.987682 -0
    outer loop
      vertex 15 89.75 0
      vertex 14.6137 89.8112 2
      vertex 15 89.75 2
    endloop
  endfacet
  facet normal 0.156475 0.987682 0
    outer loop
      vertex 14.6137 89.8112 2
      vertex 15 89.75 0
      vertex 14.6137 89.8112 0
    endloop
  endfacet
  facet normal -0.707107 -0.707107 0
    outer loop
      vertex 15.7347 92.0113 0
      vertex 16.0113 91.7347 2
      vertex 15.7347 92.0113 2
    endloop
  endfacet
  facet normal -0.707107 -0.707107 -0
    outer loop
      vertex 16.0113 91.7347 2
      vertex 15.7347 92.0113 0
      vertex 16.0113 91.7347 0
    endloop
  endfacet
  facet normal -0.891026 -0.453953 0
    outer loop
      vertex 16.1888 91.3863 0
      vertex 16.0113 91.7347 2
      vertex 16.0113 91.7347 0
    endloop
  endfacet
  facet normal -0.891026 -0.453953 0
    outer loop
      vertex 16.0113 91.7347 2
      vertex 16.1888 91.3863 0
      vertex 16.1888 91.3863 2
    endloop
  endfacet
  facet normal 0.156475 -0.987682 0
    outer loop
      vertex 14.6137 92.1888 0
      vertex 15 92.25 2
      vertex 14.6137 92.1888 2
    endloop
  endfacet
  facet normal 0.156475 -0.987682 0
    outer loop
      vertex 15 92.25 2
      vertex 14.6137 92.1888 0
      vertex 15 92.25 0
    endloop
  endfacet
  facet normal 0.453953 -0.891026 0
    outer loop
      vertex 14.2653 92.0113 0
      vertex 14.6137 92.1888 2
      vertex 14.2653 92.0113 2
    endloop
  endfacet
  facet normal 0.453953 -0.891026 0
    outer loop
      vertex 14.6137 92.1888 2
      vertex 14.2653 92.0113 0
      vertex 14.6137 92.1888 0
    endloop
  endfacet
  facet normal 0.891026 -0.453953 0
    outer loop
      vertex 13.8112 91.3863 2
      vertex 13.9887 91.7347 0
      vertex 13.9887 91.7347 2
    endloop
  endfacet
  facet normal 0.891026 -0.453953 0
    outer loop
      vertex 13.9887 91.7347 0
      vertex 13.8112 91.3863 2
      vertex 13.8112 91.3863 0
    endloop
  endfacet
  facet normal 0.707107 -0.707107 0
    outer loop
      vertex 13.9887 91.7347 0
      vertex 14.2653 92.0113 2
      vertex 13.9887 91.7347 2
    endloop
  endfacet
  facet normal 0.707107 -0.707107 0
    outer loop
      vertex 14.2653 92.0113 2
      vertex 13.9887 91.7347 0
      vertex 14.2653 92.0113 0
    endloop
  endfacet
  facet normal 0.891026 0.453953 0
    outer loop
      vertex 13.9887 90.2653 2
      vertex 13.8112 90.6137 0
      vertex 13.8112 90.6137 2
    endloop
  endfacet
  facet normal 0.891026 0.453953 0
    outer loop
      vertex 13.8112 90.6137 0
      vertex 13.9887 90.2653 2
      vertex 13.9887 90.2653 0
    endloop
  endfacet
  facet normal 0.453953 0.891026 -0
    outer loop
      vertex 14.6137 89.8112 0
      vertex 14.2653 89.9887 2
      vertex 14.6137 89.8112 2
    endloop
  endfacet
  facet normal 0.453953 0.891026 0
    outer loop
      vertex 14.2653 89.9887 2
      vertex 14.6137 89.8112 0
      vertex 14.2653 89.9887 0
    endloop
  endfacet
  facet normal -0.156475 -0.987682 0
    outer loop
      vertex 15 92.25 0
      vertex 15.3863 92.1888 2
      vertex 15 92.25 2
    endloop
  endfacet
  facet normal -0.156475 -0.987682 -0
    outer loop
      vertex 15.3863 92.1888 2
      vertex 15 92.25 0
      vertex 15.3863 92.1888 0
    endloop
  endfacet
  facet normal 0.987682 0.156475 0
    outer loop
      vertex 13.8112 90.6137 2
      vertex 13.75 91 0
      vertex 13.75 91 2
    endloop
  endfacet
  facet normal 0.987682 0.156475 0
    outer loop
      vertex 13.75 91 0
      vertex 13.8112 90.6137 2
      vertex 13.8112 90.6137 0
    endloop
  endfacet
  facet normal -0.891026 0.453953 0
    outer loop
      vertex 16.0113 90.2653 0
      vertex 16.1888 90.6137 2
      vertex 16.1888 90.6137 0
    endloop
  endfacet
  facet normal -0.891026 0.453953 0
    outer loop
      vertex 16.1888 90.6137 2
      vertex 16.0113 90.2653 0
      vertex 16.0113 90.2653 2
    endloop
  endfacet
  facet normal -0.707107 0.707107 0
    outer loop
      vertex 16.0113 90.2653 0
      vertex 15.7347 89.9887 2
      vertex 16.0113 90.2653 2
    endloop
  endfacet
  facet normal -0.707107 0.707107 0
    outer loop
      vertex 15.7347 89.9887 2
      vertex 16.0113 90.2653 0
      vertex 15.7347 89.9887 0
    endloop
  endfacet
  facet normal -0.987682 0.156475 0
    outer loop
      vertex 16.1888 90.6137 0
      vertex 16.25 91 2
      vertex 16.25 91 0
    endloop
  endfacet
  facet normal -0.987682 0.156475 0
    outer loop
      vertex 16.25 91 2
      vertex 16.1888 90.6137 0
      vertex 16.1888 90.6137 2
    endloop
  endfacet
  facet normal -0.156475 0.987682 0
    outer loop
      vertex 15.3863 89.8112 0
      vertex 15 89.75 2
      vertex 15.3863 89.8112 2
    endloop
  endfacet
  facet normal -0.156475 0.987682 0
    outer loop
      vertex 15 89.75 2
      vertex 15.3863 89.8112 0
      vertex 15 89.75 0
    endloop
  endfacet
  facet normal 0.707107 0.707107 -0
    outer loop
      vertex 14.2653 89.9887 0
      vertex 13.9887 90.2653 2
      vertex 14.2653 89.9887 2
    endloop
  endfacet
  facet normal 0.707107 0.707107 0
    outer loop
      vertex 13.9887 90.2653 2
      vertex 14.2653 89.9887 0
      vertex 13.9887 90.2653 0
    endloop
  endfacet
  facet normal 0.987682 -0.156475 0
    outer loop
      vertex 13.75 91 2
      vertex 13.8112 91.3863 0
      vertex 13.8112 91.3863 2
    endloop
  endfacet
  facet normal 0.987682 -0.156475 0
    outer loop
      vertex 13.8112 91.3863 0
      vertex 13.75 91 2
      vertex 13.75 91 0
    endloop
  endfacet
  facet normal -0.987682 -0.156475 0
    outer loop
      vertex 16.25 96 0
      vertex 16.1888 96.3863 2
      vertex 16.1888 96.3863 0
    endloop
  endfacet
  facet normal -0.987682 -0.156475 0
    outer loop
      vertex 16.1888 96.3863 2
      vertex 16.25 96 0
      vertex 16.25 96 2
    endloop
  endfacet
  facet normal 0.987682 0.156475 0
    outer loop
      vertex 13.8112 95.6137 2
      vertex 13.75 96 0
      vertex 13.75 96 2
    endloop
  endfacet
  facet normal 0.987682 0.156475 0
    outer loop
      vertex 13.75 96 0
      vertex 13.8112 95.6137 2
      vertex 13.8112 95.6137 0
    endloop
  endfacet
  facet normal 0.156475 -0.987682 0
    outer loop
      vertex 14.6137 97.1888 0
      vertex 15 97.25 2
      vertex 14.6137 97.1888 2
    endloop
  endfacet
  facet normal 0.156475 -0.987682 0
    outer loop
      vertex 15 97.25 2
      vertex 14.6137 97.1888 0
      vertex 15 97.25 0
    endloop
  endfacet
  facet normal -0.453953 0.891026 0
    outer loop
      vertex 15.7347 94.9887 0
      vertex 15.3863 94.8112 2
      vertex 15.7347 94.9887 2
    endloop
  endfacet
  facet normal -0.453953 0.891026 0
    outer loop
      vertex 15.3863 94.8112 2
      vertex 15.7347 94.9887 0
      vertex 15.3863 94.8112 0
    endloop
  endfacet
  facet normal -0.707107 -0.707107 0
    outer loop
      vertex 15.7347 97.0113 0
      vertex 16.0113 96.7347 2
      vertex 15.7347 97.0113 2
    endloop
  endfacet
  facet normal -0.707107 -0.707107 -0
    outer loop
      vertex 16.0113 96.7347 2
      vertex 15.7347 97.0113 0
      vertex 16.0113 96.7347 0
    endloop
  endfacet
  facet normal -0.891026 -0.453953 0
    outer loop
      vertex 16.1888 96.3863 0
      vertex 16.0113 96.7347 2
      vertex 16.0113 96.7347 0
    endloop
  endfacet
  facet normal -0.891026 -0.453953 0
    outer loop
      vertex 16.0113 96.7347 2
      vertex 16.1888 96.3863 0
      vertex 16.1888 96.3863 2
    endloop
  endfacet
  facet normal 0.707107 -0.707107 0
    outer loop
      vertex 13.9887 96.7347 0
      vertex 14.2653 97.0113 2
      vertex 13.9887 96.7347 2
    endloop
  endfacet
  facet normal 0.707107 -0.707107 0
    outer loop
      vertex 14.2653 97.0113 2
      vertex 13.9887 96.7347 0
      vertex 14.2653 97.0113 0
    endloop
  endfacet
  facet normal 0.891026 -0.453953 0
    outer loop
      vertex 13.8112 96.3863 2
      vertex 13.9887 96.7347 0
      vertex 13.9887 96.7347 2
    endloop
  endfacet
  facet normal 0.891026 -0.453953 0
    outer loop
      vertex 13.9887 96.7347 0
      vertex 13.8112 96.3863 2
      vertex 13.8112 96.3863 0
    endloop
  endfacet
  facet normal 0.453953 -0.891026 0
    outer loop
      vertex 14.2653 97.0113 0
      vertex 14.6137 97.1888 2
      vertex 14.2653 97.0113 2
    endloop
  endfacet
  facet normal 0.453953 -0.891026 0
    outer loop
      vertex 14.6137 97.1888 2
      vertex 14.2653 97.0113 0
      vertex 14.6137 97.1888 0
    endloop
  endfacet
  facet normal 0.453953 0.891026 -0
    outer loop
      vertex 14.6137 94.8112 0
      vertex 14.2653 94.9887 2
      vertex 14.6137 94.8112 2
    endloop
  endfacet
  facet normal 0.453953 0.891026 0
    outer loop
      vertex 14.2653 94.9887 2
      vertex 14.6137 94.8112 0
      vertex 14.2653 94.9887 0
    endloop
  endfacet
  facet normal 0.891026 0.453953 0
    outer loop
      vertex 13.9887 95.2653 2
      vertex 13.8112 95.6137 0
      vertex 13.8112 95.6137 2
    endloop
  endfacet
  facet normal 0.891026 0.453953 0
    outer loop
      vertex 13.8112 95.6137 0
      vertex 13.9887 95.2653 2
      vertex 13.9887 95.2653 0
    endloop
  endfacet
  facet normal -0.156475 -0.987682 0
    outer loop
      vertex 15 97.25 0
      vertex 15.3863 97.1888 2
      vertex 15 97.25 2
    endloop
  endfacet
  facet normal -0.156475 -0.987682 -0
    outer loop
      vertex 15.3863 97.1888 2
      vertex 15 97.25 0
      vertex 15.3863 97.1888 0
    endloop
  endfacet
  facet normal -0.453953 -0.891026 0
    outer loop
      vertex 15.3863 97.1888 0
      vertex 15.7347 97.0113 2
      vertex 15.3863 97.1888 2
    endloop
  endfacet
  facet normal -0.453953 -0.891026 -0
    outer loop
      vertex 15.7347 97.0113 2
      vertex 15.3863 97.1888 0
      vertex 15.7347 97.0113 0
    endloop
  endfacet
  facet normal 0.987682 -0.156475 0
    outer loop
      vertex 13.75 96 2
      vertex 13.8112 96.3863 0
      vertex 13.8112 96.3863 2
    endloop
  endfacet
  facet normal 0.987682 -0.156475 0
    outer loop
      vertex 13.8112 96.3863 0
      vertex 13.75 96 2
      vertex 13.75 96 0
    endloop
  endfacet
  facet normal -0.987682 0.156475 0
    outer loop
      vertex 16.1888 95.6137 0
      vertex 16.25 96 2
      vertex 16.25 96 0
    endloop
  endfacet
  facet normal -0.987682 0.156475 0
    outer loop
      vertex 16.25 96 2
      vertex 16.1888 95.6137 0
      vertex 16.1888 95.6137 2
    endloop
  endfacet
  facet normal -0.707107 0.707107 0
    outer loop
      vertex 16.0113 95.2653 0
      vertex 15.7347 94.9887 2
      vertex 16.0113 95.2653 2
    endloop
  endfacet
  facet normal -0.707107 0.707107 0
    outer loop
      vertex 15.7347 94.9887 2
      vertex 16.0113 95.2653 0
      vertex 15.7347 94.9887 0
    endloop
  endfacet
  facet normal -0.891026 0.453953 0
    outer loop
      vertex 16.0113 95.2653 0
      vertex 16.1888 95.6137 2
      vertex 16.1888 95.6137 0
    endloop
  endfacet
  facet normal -0.891026 0.453953 0
    outer loop
      vertex 16.1888 95.6137 2
      vertex 16.0113 95.2653 0
      vertex 16.0113 95.2653 2
    endloop
  endfacet
  facet normal 0.156475 0.987682 -0
    outer loop
      vertex 15 94.75 0
      vertex 14.6137 94.8112 2
      vertex 15 94.75 2
    endloop
  endfacet
  facet normal 0.156475 0.987682 0
    outer loop
      vertex 14.6137 94.8112 2
      vertex 15 94.75 0
      vertex 14.6137 94.8112 0
    endloop
  endfacet
  facet normal 0.707107 0.707107 -0
    outer loop
      vertex 14.2653 94.9887 0
      vertex 13.9887 95.2653 2
      vertex 14.2653 94.9887 2
    endloop
  endfacet
  facet normal 0.707107 0.707107 0
    outer loop
      vertex 13.9887 95.2653 2
      vertex 14.2653 94.9887 0
      vertex 13.9887 95.2653 0
    endloop
  endfacet
  facet normal -0.156475 0.987682 0
    outer loop
      vertex 15.3863 94.8112 0
      vertex 15 94.75 2
      vertex 15.3863 94.8112 2
    endloop
  endfacet
  facet normal -0.156475 0.987682 0
    outer loop
      vertex 15 94.75 2
      vertex 15.3863 94.8112 0
      vertex 15 94.75 0
    endloop
  endfacet
  facet normal -0.987682 -0.156475 0
    outer loop
      vertex 21.25 86 0
      vertex 21.1888 86.3863 2
      vertex 21.1888 86.3863 0
    endloop
  endfacet
  facet normal -0.987682 -0.156475 0
    outer loop
      vertex 21.1888 86.3863 2
      vertex 21.25 86 0
      vertex 21.25 86 2
    endloop
  endfacet
  facet normal 0.156475 -0.987682 0
    outer loop
      vertex 19.6137 87.1888 0
      vertex 20 87.25 2
      vertex 19.6137 87.1888 2
    endloop
  endfacet
  facet normal 0.156475 -0.987682 0
    outer loop
      vertex 20 87.25 2
      vertex 19.6137 87.1888 0
      vertex 20 87.25 0
    endloop
  endfacet
  facet normal -0.453953 0.891026 0
    outer loop
      vertex 20.7347 84.9887 0
      vertex 20.3863 84.8112 2
      vertex 20.7347 84.9887 2
    endloop
  endfacet
  facet normal -0.453953 0.891026 0
    outer loop
      vertex 20.3863 84.8112 2
      vertex 20.7347 84.9887 0
      vertex 20.3863 84.8112 0
    endloop
  endfacet
  facet normal -0.707107 -0.707107 0
    outer loop
      vertex 20.7347 87.0113 0
      vertex 21.0113 86.7347 2
      vertex 20.7347 87.0113 2
    endloop
  endfacet
  facet normal -0.707107 -0.707107 -0
    outer loop
      vertex 21.0113 86.7347 2
      vertex 20.7347 87.0113 0
      vertex 21.0113 86.7347 0
    endloop
  endfacet
  facet normal -0.891026 -0.453953 0
    outer loop
      vertex 21.1888 86.3863 0
      vertex 21.0113 86.7347 2
      vertex 21.0113 86.7347 0
    endloop
  endfacet
  facet normal -0.891026 -0.453953 0
    outer loop
      vertex 21.0113 86.7347 2
      vertex 21.1888 86.3863 0
      vertex 21.1888 86.3863 2
    endloop
  endfacet
  facet normal 0.707107 -0.707107 0
    outer loop
      vertex 18.9887 86.7347 0
      vertex 19.2653 87.0113 2
      vertex 18.9887 86.7347 2
    endloop
  endfacet
  facet normal 0.707107 -0.707107 0
    outer loop
      vertex 19.2653 87.0113 2
      vertex 18.9887 86.7347 0
      vertex 19.2653 87.0113 0
    endloop
  endfacet
  facet normal 0.891026 -0.453953 0
    outer loop
      vertex 18.8112 86.3863 2
      vertex 18.9887 86.7347 0
      vertex 18.9887 86.7347 2
    endloop
  endfacet
  facet normal 0.891026 -0.453953 0
    outer loop
      vertex 18.9887 86.7347 0
      vertex 18.8112 86.3863 2
      vertex 18.8112 86.3863 0
    endloop
  endfacet
  facet normal 0.453953 -0.891026 0
    outer loop
      vertex 19.2653 87.0113 0
      vertex 19.6137 87.1888 2
      vertex 19.2653 87.0113 2
    endloop
  endfacet
  facet normal 0.453953 -0.891026 0
    outer loop
      vertex 19.6137 87.1888 2
      vertex 19.2653 87.0113 0
      vertex 19.6137 87.1888 0
    endloop
  endfacet
  facet normal 0.453953 0.891026 -0
    outer loop
      vertex 19.6137 84.8112 0
      vertex 19.2653 84.9887 2
      vertex 19.6137 84.8112 2
    endloop
  endfacet
  facet normal 0.453953 0.891026 0
    outer loop
      vertex 19.2653 84.9887 2
      vertex 19.6137 84.8112 0
      vertex 19.2653 84.9887 0
    endloop
  endfacet
  facet normal 0.891026 0.453953 0
    outer loop
      vertex 18.9887 85.2653 2
      vertex 18.8112 85.6137 0
      vertex 18.8112 85.6137 2
    endloop
  endfacet
  facet normal 0.891026 0.453953 0
    outer loop
      vertex 18.8112 85.6137 0
      vertex 18.9887 85.2653 2
      vertex 18.9887 85.2653 0
    endloop
  endfacet
  facet normal -0.156475 -0.987682 0
    outer loop
      vertex 20 87.25 0
      vertex 20.3863 87.1888 2
      vertex 20 87.25 2
    endloop
  endfacet
  facet normal -0.156475 -0.987682 -0
    outer loop
      vertex 20.3863 87.1888 2
      vertex 20 87.25 0
      vertex 20.3863 87.1888 0
    endloop
  endfacet
  facet normal -0.453953 -0.891026 0
    outer loop
      vertex 20.3863 87.1888 0
      vertex 20.7347 87.0113 2
      vertex 20.3863 87.1888 2
    endloop
  endfacet
  facet normal -0.453953 -0.891026 -0
    outer loop
      vertex 20.7347 87.0113 2
      vertex 20.3863 87.1888 0
      vertex 20.7347 87.0113 0
    endloop
  endfacet
  facet normal 0.987682 -0.156475 0
    outer loop
      vertex 18.75 86 2
      vertex 18.8112 86.3863 0
      vertex 18.8112 86.3863 2
    endloop
  endfacet
  facet normal 0.987682 -0.156475 0
    outer loop
      vertex 18.8112 86.3863 0
      vertex 18.75 86 2
      vertex 18.75 86 0
    endloop
  endfacet
  facet normal -0.987682 0.156475 0
    outer loop
      vertex 21.1888 85.6137 0
      vertex 21.25 86 2
      vertex 21.25 86 0
    endloop
  endfacet
  facet normal -0.987682 0.156475 0
    outer loop
      vertex 21.25 86 2
      vertex 21.1888 85.6137 0
      vertex 21.1888 85.6137 2
    endloop
  endfacet
  facet normal -0.707107 0.707107 0
    outer loop
      vertex 21.0113 85.2653 0
      vertex 20.7347 84.9887 2
      vertex 21.0113 85.2653 2
    endloop
  endfacet
  facet normal -0.707107 0.707107 0
    outer loop
      vertex 20.7347 84.9887 2
      vertex 21.0113 85.2653 0
      vertex 20.7347 84.9887 0
    endloop
  endfacet
  facet normal -0.891026 0.453953 0
    outer loop
      vertex 21.0113 85.2653 0
      vertex 21.1888 85.6137 2
      vertex 21.1888 85.6137 0
    endloop
  endfacet
  facet normal -0.891026 0.453953 0
    outer loop
      vertex 21.1888 85.6137 2
      vertex 21.0113 85.2653 0
      vertex 21.0113 85.2653 2
    endloop
  endfacet
  facet normal 0.156475 0.987682 -0
    outer loop
      vertex 20 84.75 0
      vertex 19.6137 84.8112 2
      vertex 20 84.75 2
    endloop
  endfacet
  facet normal 0.156475 0.987682 0
    outer loop
      vertex 19.6137 84.8112 2
      vertex 20 84.75 0
      vertex 19.6137 84.8112 0
    endloop
  endfacet
  facet normal 0.707107 0.707107 -0
    outer loop
      vertex 19.2653 84.9887 0
      vertex 18.9887 85.2653 2
      vertex 19.2653 84.9887 2
    endloop
  endfacet
  facet normal 0.707107 0.707107 0
    outer loop
      vertex 18.9887 85.2653 2
      vertex 19.2653 84.9887 0
      vertex 18.9887 85.2653 0
    endloop
  endfacet
  facet normal 0.987682 0.156475 0
    outer loop
      vertex 18.8112 85.6137 2
      vertex 18.75 86 0
      vertex 18.75 86 2
    endloop
  endfacet
  facet normal 0.987682 0.156475 0
    outer loop
      vertex 18.75 86 0
      vertex 18.8112 85.6137 2
      vertex 18.8112 85.6137 0
    endloop
  endfacet
  facet normal -0.156475 0.987682 0
    outer loop
      vertex 20.3863 84.8112 0
      vertex 20 84.75 2
      vertex 20.3863 84.8112 2
    endloop
  endfacet
  facet normal -0.156475 0.987682 0
    outer loop
      vertex 20 84.75 2
      vertex 20.3863 84.8112 0
      vertex 20 84.75 0
    endloop
  endfacet
  facet normal -0.987682 -0.156475 0
    outer loop
      vertex 21.25 91 0
      vertex 21.1888 91.3863 2
      vertex 21.1888 91.3863 0
    endloop
  endfacet
  facet normal -0.987682 -0.156475 0
    outer loop
      vertex 21.1888 91.3863 2
      vertex 21.25 91 0
      vertex 21.25 91 2
    endloop
  endfacet
  facet normal -0.453953 -0.891026 0
    outer loop
      vertex 20.3863 92.1888 0
      vertex 20.7347 92.0113 2
      vertex 20.3863 92.1888 2
    endloop
  endfacet
  facet normal -0.453953 -0.891026 -0
    outer loop
      vertex 20.7347 92.0113 2
      vertex 20.3863 92.1888 0
      vertex 20.7347 92.0113 0
    endloop
  endfacet
  facet normal 0.987682 -0.156475 0
    outer loop
      vertex 18.75 91 2
      vertex 18.8112 91.3863 0
      vertex 18.8112 91.3863 2
    endloop
  endfacet
  facet normal 0.987682 -0.156475 0
    outer loop
      vertex 18.8112 91.3863 0
      vertex 18.75 91 2
      vertex 18.75 91 0
    endloop
  endfacet
  facet normal -0.453953 0.891026 0
    outer loop
      vertex 20.7347 89.9887 0
      vertex 20.3863 89.8112 2
      vertex 20.7347 89.9887 2
    endloop
  endfacet
  facet normal -0.453953 0.891026 0
    outer loop
      vertex 20.3863 89.8112 2
      vertex 20.7347 89.9887 0
      vertex 20.3863 89.8112 0
    endloop
  endfacet
  facet normal 0.156475 0.987682 -0
    outer loop
      vertex 20 89.75 0
      vertex 19.6137 89.8112 2
      vertex 20 89.75 2
    endloop
  endfacet
  facet normal 0.156475 0.987682 0
    outer loop
      vertex 19.6137 89.8112 2
      vertex 20 89.75 0
      vertex 19.6137 89.8112 0
    endloop
  endfacet
  facet normal -0.707107 -0.707107 0
    outer loop
      vertex 20.7347 92.0113 0
      vertex 21.0113 91.7347 2
      vertex 20.7347 92.0113 2
    endloop
  endfacet
  facet normal -0.707107 -0.707107 -0
    outer loop
      vertex 21.0113 91.7347 2
      vertex 20.7347 92.0113 0
      vertex 21.0113 91.7347 0
    endloop
  endfacet
  facet normal -0.891026 -0.453953 0
    outer loop
      vertex 21.1888 91.3863 0
      vertex 21.0113 91.7347 2
      vertex 21.0113 91.7347 0
    endloop
  endfacet
  facet normal -0.891026 -0.453953 0
    outer loop
      vertex 21.0113 91.7347 2
      vertex 21.1888 91.3863 0
      vertex 21.1888 91.3863 2
    endloop
  endfacet
  facet normal 0.156475 -0.987682 0
    outer loop
      vertex 19.6137 92.1888 0
      vertex 20 92.25 2
      vertex 19.6137 92.1888 2
    endloop
  endfacet
  facet normal 0.156475 -0.987682 0
    outer loop
      vertex 20 92.25 2
      vertex 19.6137 92.1888 0
      vertex 20 92.25 0
    endloop
  endfacet
  facet normal 0.453953 -0.891026 0
    outer loop
      vertex 19.2653 92.0113 0
      vertex 19.6137 92.1888 2
      vertex 19.2653 92.0113 2
    endloop
  endfacet
  facet normal 0.453953 -0.891026 0
    outer loop
      vertex 19.6137 92.1888 2
      vertex 19.2653 92.0113 0
      vertex 19.6137 92.1888 0
    endloop
  endfacet
  facet normal 0.707107 -0.707107 0
    outer loop
      vertex 18.9887 91.7347 0
      vertex 19.2653 92.0113 2
      vertex 18.9887 91.7347 2
    endloop
  endfacet
  facet normal 0.707107 -0.707107 0
    outer loop
      vertex 19.2653 92.0113 2
      vertex 18.9887 91.7347 0
      vertex 19.2653 92.0113 0
    endloop
  endfacet
  facet normal 0.891026 0.453953 0
    outer loop
      vertex 18.9887 90.2653 2
      vertex 18.8112 90.6137 0
      vertex 18.8112 90.6137 2
    endloop
  endfacet
  facet normal 0.891026 0.453953 0
    outer loop
      vertex 18.8112 90.6137 0
      vertex 18.9887 90.2653 2
      vertex 18.9887 90.2653 0
    endloop
  endfacet
  facet normal 0.453953 0.891026 -0
    outer loop
      vertex 19.6137 89.8112 0
      vertex 19.2653 89.9887 2
      vertex 19.6137 89.8112 2
    endloop
  endfacet
  facet normal 0.453953 0.891026 0
    outer loop
      vertex 19.2653 89.9887 2
      vertex 19.6137 89.8112 0
      vertex 19.2653 89.9887 0
    endloop
  endfacet
  facet normal -0.156475 -0.987682 0
    outer loop
      vertex 20 92.25 0
      vertex 20.3863 92.1888 2
      vertex 20 92.25 2
    endloop
  endfacet
  facet normal -0.156475 -0.987682 -0
    outer loop
      vertex 20.3863 92.1888 2
      vertex 20 92.25 0
      vertex 20.3863 92.1888 0
    endloop
  endfacet
  facet normal 0.987682 0.156475 0
    outer loop
      vertex 18.8112 90.6137 2
      vertex 18.75 91 0
      vertex 18.75 91 2
    endloop
  endfacet
  facet normal 0.987682 0.156475 0
    outer loop
      vertex 18.75 91 0
      vertex 18.8112 90.6137 2
      vertex 18.8112 90.6137 0
    endloop
  endfacet
  facet normal 0.891026 -0.453953 0
    outer loop
      vertex 18.8112 91.3863 2
      vertex 18.9887 91.7347 0
      vertex 18.9887 91.7347 2
    endloop
  endfacet
  facet normal 0.891026 -0.453953 0
    outer loop
      vertex 18.9887 91.7347 0
      vertex 18.8112 91.3863 2
      vertex 18.8112 91.3863 0
    endloop
  endfacet
  facet normal -0.891026 0.453953 0
    outer loop
      vertex 21.0113 90.2653 0
      vertex 21.1888 90.6137 2
      vertex 21.1888 90.6137 0
    endloop
  endfacet
  facet normal -0.891026 0.453953 0
    outer loop
      vertex 21.1888 90.6137 2
      vertex 21.0113 90.2653 0
      vertex 21.0113 90.2653 2
    endloop
  endfacet
  facet normal -0.707107 0.707107 0
    outer loop
      vertex 21.0113 90.2653 0
      vertex 20.7347 89.9887 2
      vertex 21.0113 90.2653 2
    endloop
  endfacet
  facet normal -0.707107 0.707107 0
    outer loop
      vertex 20.7347 89.9887 2
      vertex 21.0113 90.2653 0
      vertex 20.7347 89.9887 0
    endloop
  endfacet
  facet normal -0.987682 0.156475 0
    outer loop
      vertex 21.1888 90.6137 0
      vertex 21.25 91 2
      vertex 21.25 91 0
    endloop
  endfacet
  facet normal -0.987682 0.156475 0
    outer loop
      vertex 21.25 91 2
      vertex 21.1888 90.6137 0
      vertex 21.1888 90.6137 2
    endloop
  endfacet
  facet normal -0.156475 0.987682 0
    outer loop
      vertex 20.3863 89.8112 0
      vertex 20 89.75 2
      vertex 20.3863 89.8112 2
    endloop
  endfacet
  facet normal -0.156475 0.987682 0
    outer loop
      vertex 20 89.75 2
      vertex 20.3863 89.8112 0
      vertex 20 89.75 0
    endloop
  endfacet
  facet normal 0.707107 0.707107 -0
    outer loop
      vertex 19.2653 89.9887 0
      vertex 18.9887 90.2653 2
      vertex 19.2653 89.9887 2
    endloop
  endfacet
  facet normal 0.707107 0.707107 0
    outer loop
      vertex 18.9887 90.2653 2
      vertex 19.2653 89.9887 0
      vertex 18.9887 90.2653 0
    endloop
  endfacet
  facet normal -0.987682 -0.156475 0
    outer loop
      vertex 21.25 96 0
      vertex 21.1888 96.3863 2
      vertex 21.1888 96.3863 0
    endloop
  endfacet
  facet normal -0.987682 -0.156475 0
    outer loop
      vertex 21.1888 96.3863 2
      vertex 21.25 96 0
      vertex 21.25 96 2
    endloop
  endfacet
  facet normal 0.156475 -0.987682 0
    outer loop
      vertex 19.6137 97.1888 0
      vertex 20 97.25 2
      vertex 19.6137 97.1888 2
    endloop
  endfacet
  facet normal 0.156475 -0.987682 0
    outer loop
      vertex 20 97.25 2
      vertex 19.6137 97.1888 0
      vertex 20 97.25 0
    endloop
  endfacet
  facet normal -0.453953 0.891026 0
    outer loop
      vertex 20.7347 94.9887 0
      vertex 20.3863 94.8112 2
      vertex 20.7347 94.9887 2
    endloop
  endfacet
  facet normal -0.453953 0.891026 0
    outer loop
      vertex 20.3863 94.8112 2
      vertex 20.7347 94.9887 0
      vertex 20.3863 94.8112 0
    endloop
  endfacet
  facet normal -0.707107 -0.707107 0
    outer loop
      vertex 20.7347 97.0113 0
      vertex 21.0113 96.7347 2
      vertex 20.7347 97.0113 2
    endloop
  endfacet
  facet normal -0.707107 -0.707107 -0
    outer loop
      vertex 21.0113 96.7347 2
      vertex 20.7347 97.0113 0
      vertex 21.0113 96.7347 0
    endloop
  endfacet
  facet normal -0.891026 -0.453953 0
    outer loop
      vertex 21.1888 96.3863 0
      vertex 21.0113 96.7347 2
      vertex 21.0113 96.7347 0
    endloop
  endfacet
  facet normal -0.891026 -0.453953 0
    outer loop
      vertex 21.0113 96.7347 2
      vertex 21.1888 96.3863 0
      vertex 21.1888 96.3863 2
    endloop
  endfacet
  facet normal 0.707107 -0.707107 0
    outer loop
      vertex 18.9887 96.7347 0
      vertex 19.2653 97.0113 2
      vertex 18.9887 96.7347 2
    endloop
  endfacet
  facet normal 0.707107 -0.707107 0
    outer loop
      vertex 19.2653 97.0113 2
      vertex 18.9887 96.7347 0
      vertex 19.2653 97.0113 0
    endloop
  endfacet
  facet normal 0.891026 -0.453953 0
    outer loop
      vertex 18.8112 96.3863 2
      vertex 18.9887 96.7347 0
      vertex 18.9887 96.7347 2
    endloop
  endfacet
  facet normal 0.891026 -0.453953 0
    outer loop
      vertex 18.9887 96.7347 0
      vertex 18.8112 96.3863 2
      vertex 18.8112 96.3863 0
    endloop
  endfacet
  facet normal 0.453953 -0.891026 0
    outer loop
      vertex 19.2653 97.0113 0
      vertex 19.6137 97.1888 2
      vertex 19.2653 97.0113 2
    endloop
  endfacet
  facet normal 0.453953 -0.891026 0
    outer loop
      vertex 19.6137 97.1888 2
      vertex 19.2653 97.0113 0
      vertex 19.6137 97.1888 0
    endloop
  endfacet
  facet normal 0.453953 0.891026 -0
    outer loop
      vertex 19.6137 94.8112 0
      vertex 19.2653 94.9887 2
      vertex 19.6137 94.8112 2
    endloop
  endfacet
  facet normal 0.453953 0.891026 0
    outer loop
      vertex 19.2653 94.9887 2
      vertex 19.6137 94.8112 0
      vertex 19.2653 94.9887 0
    endloop
  endfacet
  facet normal 0.891026 0.453953 0
    outer loop
      vertex 18.9887 95.2653 2
      vertex 18.8112 95.6137 0
      vertex 18.8112 95.6137 2
    endloop
  endfacet
  facet normal 0.891026 0.453953 0
    outer loop
      vertex 18.8112 95.6137 0
      vertex 18.9887 95.2653 2
      vertex 18.9887 95.2653 0
    endloop
  endfacet
  facet normal -0.156475 -0.987682 0
    outer loop
      vertex 20 97.25 0
      vertex 20.3863 97.1888 2
      vertex 20 97.25 2
    endloop
  endfacet
  facet normal -0.156475 -0.987682 -0
    outer loop
      vertex 20.3863 97.1888 2
      vertex 20 97.25 0
      vertex 20.3863 97.1888 0
    endloop
  endfacet
  facet normal -0.453953 -0.891026 0
    outer loop
      vertex 20.3863 97.1888 0
      vertex 20.7347 97.0113 2
      vertex 20.3863 97.1888 2
    endloop
  endfacet
  facet normal -0.453953 -0.891026 -0
    outer loop
      vertex 20.7347 97.0113 2
      vertex 20.3863 97.1888 0
      vertex 20.7347 97.0113 0
    endloop
  endfacet
  facet normal 0.987682 -0.156475 0
    outer loop
      vertex 18.75 96 2
      vertex 18.8112 96.3863 0
      vertex 18.8112 96.3863 2
    endloop
  endfacet
  facet normal 0.987682 -0.156475 0
    outer loop
      vertex 18.8112 96.3863 0
      vertex 18.75 96 2
      vertex 18.75 96 0
    endloop
  endfacet
  facet normal -0.987682 0.156475 0
    outer loop
      vertex 21.1888 95.6137 0
      vertex 21.25 96 2
      vertex 21.25 96 0
    endloop
  endfacet
  facet normal -0.987682 0.156475 0
    outer loop
      vertex 21.25 96 2
      vertex 21.1888 95.6137 0
      vertex 21.1888 95.6137 2
    endloop
  endfacet
  facet normal -0.707107 0.707107 0
    outer loop
      vertex 21.0113 95.2653 0
      vertex 20.7347 94.9887 2
      vertex 21.0113 95.2653 2
    endloop
  endfacet
  facet normal -0.707107 0.707107 0
    outer loop
      vertex 20.7347 94.9887 2
      vertex 21.0113 95.2653 0
      vertex 20.7347 94.9887 0
    endloop
  endfacet
  facet normal -0.891026 0.453953 0
    outer loop
      vertex 21.0113 95.2653 0
      vertex 21.1888 95.6137 2
      vertex 21.1888 95.6137 0
    endloop
  endfacet
  facet normal -0.891026 0.453953 0
    outer loop
      vertex 21.1888 95.6137 2
      vertex 21.0113 95.2653 0
      vertex 21.0113 95.2653 2
    endloop
  endfacet
  facet normal 0.156475 0.987682 -0
    outer loop
      vertex 20 94.75 0
      vertex 19.6137 94.8112 2
      vertex 20 94.75 2
    endloop
  endfacet
  facet normal 0.156475 0.987682 0
    outer loop
      vertex 19.6137 94.8112 2
      vertex 20 94.75 0
      vertex 19.6137 94.8112 0
    endloop
  endfacet
  facet normal 0.707107 0.707107 -0
    outer loop
      vertex 19.2653 94.9887 0
      vertex 18.9887 95.2653 2
      vertex 19.2653 94.9887 2
    endloop
  endfacet
  facet normal 0.707107 0.707107 0
    outer loop
      vertex 18.9887 95.2653 2
      vertex 19.2653 94.9887 0
      vertex 18.9887 95.2653 0
    endloop
  endfacet
  facet normal 0.987682 0.156475 0
    outer loop
      vertex 18.8112 95.6137 2
      vertex 18.75 96 0
      vertex 18.75 96 2
    endloop
  endfacet
  facet normal 0.987682 0.156475 0
    outer loop
      vertex 18.75 96 0
      vertex 18.8112 95.6137 2
      vertex 18.8112 95.6137 0
    endloop
  endfacet
  facet normal -0.156475 0.987682 0
    outer loop
      vertex 20.3863 94.8112 0
      vertex 20 94.75 2
      vertex 20.3863 94.8112 2
    endloop
  endfacet
  facet normal -0.156475 0.987682 0
    outer loop
      vertex 20 94.75 2
      vertex 20.3863 94.8112 0
      vertex 20 94.75 0
    endloop
  endfacet
  facet normal -0.987682 -0.156475 0
    outer loop
      vertex 26.25 86 0
      vertex 26.1888 86.3863 2
      vertex 26.1888 86.3863 0
    endloop
  endfacet
  facet normal -0.987682 -0.156475 0
    outer loop
      vertex 26.1888 86.3863 2
      vertex 26.25 86 0
      vertex 26.25 86 2
    endloop
  endfacet
  facet normal -0.453953 -0.891026 0
    outer loop
      vertex 25.3863 87.1888 0
      vertex 25.7347 87.0113 2
      vertex 25.3863 87.1888 2
    endloop
  endfacet
  facet normal -0.453953 -0.891026 -0
    outer loop
      vertex 25.7347 87.0113 2
      vertex 25.3863 87.1888 0
      vertex 25.7347 87.0113 0
    endloop
  endfacet
  facet normal -0.453953 0.891026 0
    outer loop
      vertex 25.7347 84.9887 0
      vertex 25.3863 84.8112 2
      vertex 25.7347 84.9887 2
    endloop
  endfacet
  facet normal -0.453953 0.891026 0
    outer loop
      vertex 25.3863 84.8112 2
      vertex 25.7347 84.9887 0
      vertex 25.3863 84.8112 0
    endloop
  endfacet
  facet normal 0.156475 0.987682 -0
    outer loop
      vertex 25 84.75 0
      vertex 24.6137 84.8112 2
      vertex 25 84.75 2
    endloop
  endfacet
  facet normal 0.156475 0.987682 0
    outer loop
      vertex 24.6137 84.8112 2
      vertex 25 84.75 0
      vertex 24.6137 84.8112 0
    endloop
  endfacet
  facet normal -0.707107 -0.707107 0
    outer loop
      vertex 25.7347 87.0113 0
      vertex 26.0113 86.7347 2
      vertex 25.7347 87.0113 2
    endloop
  endfacet
  facet normal -0.707107 -0.707107 -0
    outer loop
      vertex 26.0113 86.7347 2
      vertex 25.7347 87.0113 0
      vertex 26.0113 86.7347 0
    endloop
  endfacet
  facet normal -0.891026 -0.453953 0
    outer loop
      vertex 26.1888 86.3863 0
      vertex 26.0113 86.7347 2
      vertex 26.0113 86.7347 0
    endloop
  endfacet
  facet normal -0.891026 -0.453953 0
    outer loop
      vertex 26.0113 86.7347 2
      vertex 26.1888 86.3863 0
      vertex 26.1888 86.3863 2
    endloop
  endfacet
  facet normal 0.156475 -0.987682 0
    outer loop
      vertex 24.6137 87.1888 0
      vertex 25 87.25 2
      vertex 24.6137 87.1888 2
    endloop
  endfacet
  facet normal 0.156475 -0.987682 0
    outer loop
      vertex 25 87.25 2
      vertex 24.6137 87.1888 0
      vertex 25 87.25 0
    endloop
  endfacet
  facet normal 0.453953 -0.891026 0
    outer loop
      vertex 24.2653 87.0113 0
      vertex 24.6137 87.1888 2
      vertex 24.2653 87.0113 2
    endloop
  endfacet
  facet normal 0.453953 -0.891026 0
    outer loop
      vertex 24.6137 87.1888 2
      vertex 24.2653 87.0113 0
      vertex 24.6137 87.1888 0
    endloop
  endfacet
  facet normal 0.707107 -0.707107 0
    outer loop
      vertex 23.9887 86.7347 0
      vertex 24.2653 87.0113 2
      vertex 23.9887 86.7347 2
    endloop
  endfacet
  facet normal 0.707107 -0.707107 0
    outer loop
      vertex 24.2653 87.0113 2
      vertex 23.9887 86.7347 0
      vertex 24.2653 87.0113 0
    endloop
  endfacet
  facet normal 0.891026 0.453953 0
    outer loop
      vertex 23.9887 85.2653 2
      vertex 23.8112 85.6137 0
      vertex 23.8112 85.6137 2
    endloop
  endfacet
  facet normal 0.891026 0.453953 0
    outer loop
      vertex 23.8112 85.6137 0
      vertex 23.9887 85.2653 2
      vertex 23.9887 85.2653 0
    endloop
  endfacet
  facet normal 0.453953 0.891026 -0
    outer loop
      vertex 24.6137 84.8112 0
      vertex 24.2653 84.9887 2
      vertex 24.6137 84.8112 2
    endloop
  endfacet
  facet normal 0.453953 0.891026 0
    outer loop
      vertex 24.2653 84.9887 2
      vertex 24.6137 84.8112 0
      vertex 24.2653 84.9887 0
    endloop
  endfacet
  facet normal -0.156475 -0.987682 0
    outer loop
      vertex 25 87.25 0
      vertex 25.3863 87.1888 2
      vertex 25 87.25 2
    endloop
  endfacet
  facet normal -0.156475 -0.987682 -0
    outer loop
      vertex 25.3863 87.1888 2
      vertex 25 87.25 0
      vertex 25.3863 87.1888 0
    endloop
  endfacet
  facet normal 0.987682 0.156475 0
    outer loop
      vertex 23.8112 85.6137 2
      vertex 23.75 86 0
      vertex 23.75 86 2
    endloop
  endfacet
  facet normal 0.987682 0.156475 0
    outer loop
      vertex 23.75 86 0
      vertex 23.8112 85.6137 2
      vertex 23.8112 85.6137 0
    endloop
  endfacet
  facet normal 0.891026 -0.453953 0
    outer loop
      vertex 23.8112 86.3863 2
      vertex 23.9887 86.7347 0
      vertex 23.9887 86.7347 2
    endloop
  endfacet
  facet normal 0.891026 -0.453953 0
    outer loop
      vertex 23.9887 86.7347 0
      vertex 23.8112 86.3863 2
      vertex 23.8112 86.3863 0
    endloop
  endfacet
  facet normal -0.891026 0.453953 0
    outer loop
      vertex 26.0113 85.2653 0
      vertex 26.1888 85.6137 2
      vertex 26.1888 85.6137 0
    endloop
  endfacet
  facet normal -0.891026 0.453953 0
    outer loop
      vertex 26.1888 85.6137 2
      vertex 26.0113 85.2653 0
      vertex 26.0113 85.2653 2
    endloop
  endfacet
  facet normal -0.707107 0.707107 0
    outer loop
      vertex 26.0113 85.2653 0
      vertex 25.7347 84.9887 2
      vertex 26.0113 85.2653 2
    endloop
  endfacet
  facet normal -0.707107 0.707107 0
    outer loop
      vertex 25.7347 84.9887 2
      vertex 26.0113 85.2653 0
      vertex 25.7347 84.9887 0
    endloop
  endfacet
  facet normal -0.987682 0.156475 0
    outer loop
      vertex 26.1888 85.6137 0
      vertex 26.25 86 2
      vertex 26.25 86 0
    endloop
  endfacet
  facet normal -0.987682 0.156475 0
    outer loop
      vertex 26.25 86 2
      vertex 26.1888 85.6137 0
      vertex 26.1888 85.6137 2
    endloop
  endfacet
  facet normal -0.156475 0.987682 0
    outer loop
      vertex 25.3863 84.8112 0
      vertex 25 84.75 2
      vertex 25.3863 84.8112 2
    endloop
  endfacet
  facet normal -0.156475 0.987682 0
    outer loop
      vertex 25 84.75 2
      vertex 25.3863 84.8112 0
      vertex 25 84.75 0
    endloop
  endfacet
  facet normal 0.707107 0.707107 -0
    outer loop
      vertex 24.2653 84.9887 0
      vertex 23.9887 85.2653 2
      vertex 24.2653 84.9887 2
    endloop
  endfacet
  facet normal 0.707107 0.707107 0
    outer loop
      vertex 23.9887 85.2653 2
      vertex 24.2653 84.9887 0
      vertex 23.9887 85.2653 0
    endloop
  endfacet
  facet normal 0.987682 -0.156475 0
    outer loop
      vertex 23.75 86 2
      vertex 23.8112 86.3863 0
      vertex 23.8112 86.3863 2
    endloop
  endfacet
  facet normal 0.987682 -0.156475 0
    outer loop
      vertex 23.8112 86.3863 0
      vertex 23.75 86 2
      vertex 23.75 86 0
    endloop
  endfacet
  facet normal -0.987682 -0.156475 0
    outer loop
      vertex 26.25 91 0
      vertex 26.1888 91.3863 2
      vertex 26.1888 91.3863 0
    endloop
  endfacet
  facet normal -0.987682 -0.156475 0
    outer loop
      vertex 26.1888 91.3863 2
      vertex 26.25 91 0
      vertex 26.25 91 2
    endloop
  endfacet
  facet normal -0.453953 -0.891026 0
    outer loop
      vertex 25.3863 92.1888 0
      vertex 25.7347 92.0113 2
      vertex 25.3863 92.1888 2
    endloop
  endfacet
  facet normal -0.453953 -0.891026 -0
    outer loop
      vertex 25.7347 92.0113 2
      vertex 25.3863 92.1888 0
      vertex 25.7347 92.0113 0
    endloop
  endfacet
  facet normal 0.987682 -0.156475 0
    outer loop
      vertex 23.75 91 2
      vertex 23.8112 91.3863 0
      vertex 23.8112 91.3863 2
    endloop
  endfacet
  facet normal 0.987682 -0.156475 0
    outer loop
      vertex 23.8112 91.3863 0
      vertex 23.75 91 2
      vertex 23.75 91 0
    endloop
  endfacet
  facet normal -0.453953 0.891026 0
    outer loop
      vertex 25.7347 89.9887 0
      vertex 25.3863 89.8112 2
      vertex 25.7347 89.9887 2
    endloop
  endfacet
  facet normal -0.453953 0.891026 0
    outer loop
      vertex 25.3863 89.8112 2
      vertex 25.7347 89.9887 0
      vertex 25.3863 89.8112 0
    endloop
  endfacet
  facet normal 0.156475 0.987682 -0
    outer loop
      vertex 25 89.75 0
      vertex 24.6137 89.8112 2
      vertex 25 89.75 2
    endloop
  endfacet
  facet normal 0.156475 0.987682 0
    outer loop
      vertex 24.6137 89.8112 2
      vertex 25 89.75 0
      vertex 24.6137 89.8112 0
    endloop
  endfacet
  facet normal -0.707107 -0.707107 0
    outer loop
      vertex 25.7347 92.0113 0
      vertex 26.0113 91.7347 2
      vertex 25.7347 92.0113 2
    endloop
  endfacet
  facet normal -0.707107 -0.707107 -0
    outer loop
      vertex 26.0113 91.7347 2
      vertex 25.7347 92.0113 0
      vertex 26.0113 91.7347 0
    endloop
  endfacet
  facet normal -0.891026 -0.453953 0
    outer loop
      vertex 26.1888 91.3863 0
      vertex 26.0113 91.7347 2
      vertex 26.0113 91.7347 0
    endloop
  endfacet
  facet normal -0.891026 -0.453953 0
    outer loop
      vertex 26.0113 91.7347 2
      vertex 26.1888 91.3863 0
      vertex 26.1888 91.3863 2
    endloop
  endfacet
  facet normal 0.156475 -0.987682 0
    outer loop
      vertex 24.6137 92.1888 0
      vertex 25 92.25 2
      vertex 24.6137 92.1888 2
    endloop
  endfacet
  facet normal 0.156475 -0.987682 0
    outer loop
      vertex 25 92.25 2
      vertex 24.6137 92.1888 0
      vertex 25 92.25 0
    endloop
  endfacet
  facet normal 0.453953 -0.891026 0
    outer loop
      vertex 24.2653 92.0113 0
      vertex 24.6137 92.1888 2
      vertex 24.2653 92.0113 2
    endloop
  endfacet
  facet normal 0.453953 -0.891026 0
    outer loop
      vertex 24.6137 92.1888 2
      vertex 24.2653 92.0113 0
      vertex 24.6137 92.1888 0
    endloop
  endfacet
  facet normal 0.707107 -0.707107 0
    outer loop
      vertex 23.9887 91.7347 0
      vertex 24.2653 92.0113 2
      vertex 23.9887 91.7347 2
    endloop
  endfacet
  facet normal 0.707107 -0.707107 0
    outer loop
      vertex 24.2653 92.0113 2
      vertex 23.9887 91.7347 0
      vertex 24.2653 92.0113 0
    endloop
  endfacet
  facet normal 0.891026 0.453953 0
    outer loop
      vertex 23.9887 90.2653 2
      vertex 23.8112 90.6137 0
      vertex 23.8112 90.6137 2
    endloop
  endfacet
  facet normal 0.891026 0.453953 0
    outer loop
      vertex 23.8112 90.6137 0
      vertex 23.9887 90.2653 2
      vertex 23.9887 90.2653 0
    endloop
  endfacet
  facet normal 0.453953 0.891026 -0
    outer loop
      vertex 24.6137 89.8112 0
      vertex 24.2653 89.9887 2
      vertex 24.6137 89.8112 2
    endloop
  endfacet
  facet normal 0.453953 0.891026 0
    outer loop
      vertex 24.2653 89.9887 2
      vertex 24.6137 89.8112 0
      vertex 24.2653 89.9887 0
    endloop
  endfacet
  facet normal 0.707107 0.707107 -0
    outer loop
      vertex 24.2653 89.9887 0
      vertex 23.9887 90.2653 2
      vertex 24.2653 89.9887 2
    endloop
  endfacet
  facet normal 0.707107 0.707107 0
    outer loop
      vertex 23.9887 90.2653 2
      vertex 24.2653 89.9887 0
      vertex 23.9887 90.2653 0
    endloop
  endfacet
  facet normal -0.156475 -0.987682 0
    outer loop
      vertex 25 92.25 0
      vertex 25.3863 92.1888 2
      vertex 25 92.25 2
    endloop
  endfacet
  facet normal -0.156475 -0.987682 -0
    outer loop
      vertex 25.3863 92.1888 2
      vertex 25 92.25 0
      vertex 25.3863 92.1888 0
    endloop
  endfacet
  facet normal 0.987682 0.156475 0
    outer loop
      vertex 23.8112 90.6137 2
      vertex 23.75 91 0
      vertex 23.75 91 2
    endloop
  endfacet
  facet normal 0.987682 0.156475 0
    outer loop
      vertex 23.75 91 0
      vertex 23.8112 90.6137 2
      vertex 23.8112 90.6137 0
    endloop
  endfacet
  facet normal 0.891026 -0.453953 0
    outer loop
      vertex 23.8112 91.3863 2
      vertex 23.9887 91.7347 0
      vertex 23.9887 91.7347 2
    endloop
  endfacet
  facet normal 0.891026 -0.453953 0
    outer loop
      vertex 23.9887 91.7347 0
      vertex 23.8112 91.3863 2
      vertex 23.8112 91.3863 0
    endloop
  endfacet
  facet normal -0.891026 0.453953 0
    outer loop
      vertex 26.0113 90.2653 0
      vertex 26.1888 90.6137 2
      vertex 26.1888 90.6137 0
    endloop
  endfacet
  facet normal -0.891026 0.453953 0
    outer loop
      vertex 26.1888 90.6137 2
      vertex 26.0113 90.2653 0
      vertex 26.0113 90.2653 2
    endloop
  endfacet
  facet normal -0.707107 0.707107 0
    outer loop
      vertex 26.0113 90.2653 0
      vertex 25.7347 89.9887 2
      vertex 26.0113 90.2653 2
    endloop
  endfacet
  facet normal -0.707107 0.707107 0
    outer loop
      vertex 25.7347 89.9887 2
      vertex 26.0113 90.2653 0
      vertex 25.7347 89.9887 0
    endloop
  endfacet
  facet normal -0.987682 0.156475 0
    outer loop
      vertex 26.1888 90.6137 0
      vertex 26.25 91 2
      vertex 26.25 91 0
    endloop
  endfacet
  facet normal -0.987682 0.156475 0
    outer loop
      vertex 26.25 91 2
      vertex 26.1888 90.6137 0
      vertex 26.1888 90.6137 2
    endloop
  endfacet
  facet normal -0.156475 0.987682 0
    outer loop
      vertex 25.3863 89.8112 0
      vertex 25 89.75 2
      vertex 25.3863 89.8112 2
    endloop
  endfacet
  facet normal -0.156475 0.987682 0
    outer loop
      vertex 25 89.75 2
      vertex 25.3863 89.8112 0
      vertex 25 89.75 0
    endloop
  endfacet
  facet normal -0.987682 -0.156475 0
    outer loop
      vertex 26.25 96 0
      vertex 26.1888 96.3863 2
      vertex 26.1888 96.3863 0
    endloop
  endfacet
  facet normal -0.987682 -0.156475 0
    outer loop
      vertex 26.1888 96.3863 2
      vertex 26.25 96 0
      vertex 26.25 96 2
    endloop
  endfacet
  facet normal -0.453953 -0.891026 0
    outer loop
      vertex 25.3863 97.1888 0
      vertex 25.7347 97.0113 2
      vertex 25.3863 97.1888 2
    endloop
  endfacet
  facet normal -0.453953 -0.891026 -0
    outer loop
      vertex 25.7347 97.0113 2
      vertex 25.3863 97.1888 0
      vertex 25.7347 97.0113 0
    endloop
  endfacet
  facet normal -0.453953 0.891026 0
    outer loop
      vertex 25.7347 94.9887 0
      vertex 25.3863 94.8112 2
      vertex 25.7347 94.9887 2
    endloop
  endfacet
  facet normal -0.453953 0.891026 0
    outer loop
      vertex 25.3863 94.8112 2
      vertex 25.7347 94.9887 0
      vertex 25.3863 94.8112 0
    endloop
  endfacet
  facet normal 0.156475 0.987682 -0
    outer loop
      vertex 25 94.75 0
      vertex 24.6137 94.8112 2
      vertex 25 94.75 2
    endloop
  endfacet
  facet normal 0.156475 0.987682 0
    outer loop
      vertex 24.6137 94.8112 2
      vertex 25 94.75 0
      vertex 24.6137 94.8112 0
    endloop
  endfacet
  facet normal -0.707107 -0.707107 0
    outer loop
      vertex 25.7347 97.0113 0
      vertex 26.0113 96.7347 2
      vertex 25.7347 97.0113 2
    endloop
  endfacet
  facet normal -0.707107 -0.707107 -0
    outer loop
      vertex 26.0113 96.7347 2
      vertex 25.7347 97.0113 0
      vertex 26.0113 96.7347 0
    endloop
  endfacet
  facet normal -0.891026 -0.453953 0
    outer loop
      vertex 26.1888 96.3863 0
      vertex 26.0113 96.7347 2
      vertex 26.0113 96.7347 0
    endloop
  endfacet
  facet normal -0.891026 -0.453953 0
    outer loop
      vertex 26.0113 96.7347 2
      vertex 26.1888 96.3863 0
      vertex 26.1888 96.3863 2
    endloop
  endfacet
  facet normal 0.156475 -0.987682 0
    outer loop
      vertex 24.6137 97.1888 0
      vertex 25 97.25 2
      vertex 24.6137 97.1888 2
    endloop
  endfacet
  facet normal 0.156475 -0.987682 0
    outer loop
      vertex 25 97.25 2
      vertex 24.6137 97.1888 0
      vertex 25 97.25 0
    endloop
  endfacet
  facet normal 0.453953 -0.891026 0
    outer loop
      vertex 24.2653 97.0113 0
      vertex 24.6137 97.1888 2
      vertex 24.2653 97.0113 2
    endloop
  endfacet
  facet normal 0.453953 -0.891026 0
    outer loop
      vertex 24.6137 97.1888 2
      vertex 24.2653 97.0113 0
      vertex 24.6137 97.1888 0
    endloop
  endfacet
  facet normal 0.707107 -0.707107 0
    outer loop
      vertex 23.9887 96.7347 0
      vertex 24.2653 97.0113 2
      vertex 23.9887 96.7347 2
    endloop
  endfacet
  facet normal 0.707107 -0.707107 0
    outer loop
      vertex 24.2653 97.0113 2
      vertex 23.9887 96.7347 0
      vertex 24.2653 97.0113 0
    endloop
  endfacet
  facet normal 0.891026 0.453953 0
    outer loop
      vertex 23.9887 95.2653 2
      vertex 23.8112 95.6137 0
      vertex 23.8112 95.6137 2
    endloop
  endfacet
  facet normal 0.891026 0.453953 0
    outer loop
      vertex 23.8112 95.6137 0
      vertex 23.9887 95.2653 2
      vertex 23.9887 95.2653 0
    endloop
  endfacet
  facet normal 0.453953 0.891026 -0
    outer loop
      vertex 24.6137 94.8112 0
      vertex 24.2653 94.9887 2
      vertex 24.6137 94.8112 2
    endloop
  endfacet
  facet normal 0.453953 0.891026 0
    outer loop
      vertex 24.2653 94.9887 2
      vertex 24.6137 94.8112 0
      vertex 24.2653 94.9887 0
    endloop
  endfacet
  facet normal 0.707107 0.707107 -0
    outer loop
      vertex 24.2653 94.9887 0
      vertex 23.9887 95.2653 2
      vertex 24.2653 94.9887 2
    endloop
  endfacet
  facet normal 0.707107 0.707107 0
    outer loop
      vertex 23.9887 95.2653 2
      vertex 24.2653 94.9887 0
      vertex 23.9887 95.2653 0
    endloop
  endfacet
  facet normal -0.156475 -0.987682 0
    outer loop
      vertex 25 97.25 0
      vertex 25.3863 97.1888 2
      vertex 25 97.25 2
    endloop
  endfacet
  facet normal -0.156475 -0.987682 -0
    outer loop
      vertex 25.3863 97.1888 2
      vertex 25 97.25 0
      vertex 25.3863 97.1888 0
    endloop
  endfacet
  facet normal 0.987682 0.156475 0
    outer loop
      vertex 23.8112 95.6137 2
      vertex 23.75 96 0
      vertex 23.75 96 2
    endloop
  endfacet
  facet normal 0.987682 0.156475 0
    outer loop
      vertex 23.75 96 0
      vertex 23.8112 95.6137 2
      vertex 23.8112 95.6137 0
    endloop
  endfacet
  facet normal 0.891026 -0.453953 0
    outer loop
      vertex 23.8112 96.3863 2
      vertex 23.9887 96.7347 0
      vertex 23.9887 96.7347 2
    endloop
  endfacet
  facet normal 0.891026 -0.453953 0
    outer loop
      vertex 23.9887 96.7347 0
      vertex 23.8112 96.3863 2
      vertex 23.8112 96.3863 0
    endloop
  endfacet
  facet normal -0.891026 0.453953 0
    outer loop
      vertex 26.0113 95.2653 0
      vertex 26.1888 95.6137 2
      vertex 26.1888 95.6137 0
    endloop
  endfacet
  facet normal -0.891026 0.453953 0
    outer loop
      vertex 26.1888 95.6137 2
      vertex 26.0113 95.2653 0
      vertex 26.0113 95.2653 2
    endloop
  endfacet
  facet normal -0.707107 0.707107 0
    outer loop
      vertex 26.0113 95.2653 0
      vertex 25.7347 94.9887 2
      vertex 26.0113 95.2653 2
    endloop
  endfacet
  facet normal -0.707107 0.707107 0
    outer loop
      vertex 25.7347 94.9887 2
      vertex 26.0113 95.2653 0
      vertex 25.7347 94.9887 0
    endloop
  endfacet
  facet normal -0.987682 0.156475 0
    outer loop
      vertex 26.1888 95.6137 0
      vertex 26.25 96 2
      vertex 26.25 96 0
    endloop
  endfacet
  facet normal -0.987682 0.156475 0
    outer loop
      vertex 26.25 96 2
      vertex 26.1888 95.6137 0
      vertex 26.1888 95.6137 2
    endloop
  endfacet
  facet normal -0.156475 0.987682 0
    outer loop
      vertex 25.3863 94.8112 0
      vertex 25 94.75 2
      vertex 25.3863 94.8112 2
    endloop
  endfacet
  facet normal -0.156475 0.987682 0
    outer loop
      vertex 25 94.75 2
      vertex 25.3863 94.8112 0
      vertex 25 94.75 0
    endloop
  endfacet
  facet normal 0.987682 -0.156475 0
    outer loop
      vertex 23.75 96 2
      vertex 23.8112 96.3863 0
      vertex 23.8112 96.3863 2
    endloop
  endfacet
  facet normal 0.987682 -0.156475 0
    outer loop
      vertex 23.8112 96.3863 0
      vertex 23.75 96 2
      vertex 23.75 96 0
    endloop
  endfacet
  facet normal -0.987682 -0.156475 0
    outer loop
      vertex 31.25 86 0
      vertex 31.1888 86.3863 2
      vertex 31.1888 86.3863 0
    endloop
  endfacet
  facet normal -0.987682 -0.156475 0
    outer loop
      vertex 31.1888 86.3863 2
      vertex 31.25 86 0
      vertex 31.25 86 2
    endloop
  endfacet
  facet normal 0.156475 -0.987682 0
    outer loop
      vertex 29.6137 87.1888 0
      vertex 30 87.25 2
      vertex 29.6137 87.1888 2
    endloop
  endfacet
  facet normal 0.156475 -0.987682 0
    outer loop
      vertex 30 87.25 2
      vertex 29.6137 87.1888 0
      vertex 30 87.25 0
    endloop
  endfacet
  facet normal -0.453953 0.891026 0
    outer loop
      vertex 30.7347 84.9887 0
      vertex 30.3863 84.8112 2
      vertex 30.7347 84.9887 2
    endloop
  endfacet
  facet normal -0.453953 0.891026 0
    outer loop
      vertex 30.3863 84.8112 2
      vertex 30.7347 84.9887 0
      vertex 30.3863 84.8112 0
    endloop
  endfacet
  facet normal -0.707107 -0.707107 0
    outer loop
      vertex 30.7347 87.0113 0
      vertex 31.0113 86.7347 2
      vertex 30.7347 87.0113 2
    endloop
  endfacet
  facet normal -0.707107 -0.707107 -0
    outer loop
      vertex 31.0113 86.7347 2
      vertex 30.7347 87.0113 0
      vertex 31.0113 86.7347 0
    endloop
  endfacet
  facet normal -0.891026 -0.453953 0
    outer loop
      vertex 31.1888 86.3863 0
      vertex 31.0113 86.7347 2
      vertex 31.0113 86.7347 0
    endloop
  endfacet
  facet normal -0.891026 -0.453953 0
    outer loop
      vertex 31.0113 86.7347 2
      vertex 31.1888 86.3863 0
      vertex 31.1888 86.3863 2
    endloop
  endfacet
  facet normal 0.707107 -0.707107 0
    outer loop
      vertex 28.9887 86.7347 0
      vertex 29.2653 87.0113 2
      vertex 28.9887 86.7347 2
    endloop
  endfacet
  facet normal 0.707107 -0.707107 0
    outer loop
      vertex 29.2653 87.0113 2
      vertex 28.9887 86.7347 0
      vertex 29.2653 87.0113 0
    endloop
  endfacet
  facet normal 0.891026 -0.453953 0
    outer loop
      vertex 28.8112 86.3863 2
      vertex 28.9887 86.7347 0
      vertex 28.9887 86.7347 2
    endloop
  endfacet
  facet normal 0.891026 -0.453953 0
    outer loop
      vertex 28.9887 86.7347 0
      vertex 28.8112 86.3863 2
      vertex 28.8112 86.3863 0
    endloop
  endfacet
  facet normal 0.453953 -0.891026 0
    outer loop
      vertex 29.2653 87.0113 0
      vertex 29.6137 87.1888 2
      vertex 29.2653 87.0113 2
    endloop
  endfacet
  facet normal 0.453953 -0.891026 0
    outer loop
      vertex 29.6137 87.1888 2
      vertex 29.2653 87.0113 0
      vertex 29.6137 87.1888 0
    endloop
  endfacet
  facet normal 0.453953 0.891026 -0
    outer loop
      vertex 29.6137 84.8112 0
      vertex 29.2653 84.9887 2
      vertex 29.6137 84.8112 2
    endloop
  endfacet
  facet normal 0.453953 0.891026 0
    outer loop
      vertex 29.2653 84.9887 2
      vertex 29.6137 84.8112 0
      vertex 29.2653 84.9887 0
    endloop
  endfacet
  facet normal 0.891026 0.453953 0
    outer loop
      vertex 28.9887 85.2653 2
      vertex 28.8112 85.6137 0
      vertex 28.8112 85.6137 2
    endloop
  endfacet
  facet normal 0.891026 0.453953 0
    outer loop
      vertex 28.8112 85.6137 0
      vertex 28.9887 85.2653 2
      vertex 28.9887 85.2653 0
    endloop
  endfacet
  facet normal -0.156475 -0.987682 0
    outer loop
      vertex 30 87.25 0
      vertex 30.3863 87.1888 2
      vertex 30 87.25 2
    endloop
  endfacet
  facet normal -0.156475 -0.987682 -0
    outer loop
      vertex 30.3863 87.1888 2
      vertex 30 87.25 0
      vertex 30.3863 87.1888 0
    endloop
  endfacet
  facet normal -0.453953 -0.891026 0
    outer loop
      vertex 30.3863 87.1888 0
      vertex 30.7347 87.0113 2
      vertex 30.3863 87.1888 2
    endloop
  endfacet
  facet normal -0.453953 -0.891026 -0
    outer loop
      vertex 30.7347 87.0113 2
      vertex 30.3863 87.1888 0
      vertex 30.7347 87.0113 0
    endloop
  endfacet
  facet normal 0.987682 -0.156475 0
    outer loop
      vertex 28.75 86 2
      vertex 28.8112 86.3863 0
      vertex 28.8112 86.3863 2
    endloop
  endfacet
  facet normal 0.987682 -0.156475 0
    outer loop
      vertex 28.8112 86.3863 0
      vertex 28.75 86 2
      vertex 28.75 86 0
    endloop
  endfacet
  facet normal -0.987682 0.156475 0
    outer loop
      vertex 31.1888 85.6137 0
      vertex 31.25 86 2
      vertex 31.25 86 0
    endloop
  endfacet
  facet normal -0.987682 0.156475 0
    outer loop
      vertex 31.25 86 2
      vertex 31.1888 85.6137 0
      vertex 31.1888 85.6137 2
    endloop
  endfacet
  facet normal -0.707107 0.707107 0
    outer loop
      vertex 31.0113 85.2653 0
      vertex 30.7347 84.9887 2
      vertex 31.0113 85.2653 2
    endloop
  endfacet
  facet normal -0.707107 0.707107 0
    outer loop
      vertex 30.7347 84.9887 2
      vertex 31.0113 85.2653 0
      vertex 30.7347 84.9887 0
    endloop
  endfacet
  facet normal -0.891026 0.453953 0
    outer loop
      vertex 31.0113 85.2653 0
      vertex 31.1888 85.6137 2
      vertex 31.1888 85.6137 0
    endloop
  endfacet
  facet normal -0.891026 0.453953 0
    outer loop
      vertex 31.1888 85.6137 2
      vertex 31.0113 85.2653 0
      vertex 31.0113 85.2653 2
    endloop
  endfacet
  facet normal 0.156475 0.987682 -0
    outer loop
      vertex 30 84.75 0
      vertex 29.6137 84.8112 2
      vertex 30 84.75 2
    endloop
  endfacet
  facet normal 0.156475 0.987682 0
    outer loop
      vertex 29.6137 84.8112 2
      vertex 30 84.75 0
      vertex 29.6137 84.8112 0
    endloop
  endfacet
  facet normal 0.707107 0.707107 -0
    outer loop
      vertex 29.2653 84.9887 0
      vertex 28.9887 85.2653 2
      vertex 29.2653 84.9887 2
    endloop
  endfacet
  facet normal 0.707107 0.707107 0
    outer loop
      vertex 28.9887 85.2653 2
      vertex 29.2653 84.9887 0
      vertex 28.9887 85.2653 0
    endloop
  endfacet
  facet normal 0.987682 0.156475 0
    outer loop
      vertex 28.8112 85.6137 2
      vertex 28.75 86 0
      vertex 28.75 86 2
    endloop
  endfacet
  facet normal 0.987682 0.156475 0
    outer loop
      vertex 28.75 86 0
      vertex 28.8112 85.6137 2
      vertex 28.8112 85.6137 0
    endloop
  endfacet
  facet normal -0.156475 0.987682 0
    outer loop
      vertex 30.3863 84.8112 0
      vertex 30 84.75 2
      vertex 30.3863 84.8112 2
    endloop
  endfacet
  facet normal -0.156475 0.987682 0
    outer loop
      vertex 30 84.75 2
      vertex 30.3863 84.8112 0
      vertex 30 84.75 0
    endloop
  endfacet
  facet normal -0.987682 -0.156475 0
    outer loop
      vertex 31.25 91 0
      vertex 31.1888 91.3863 2
      vertex 31.1888 91.3863 0
    endloop
  endfacet
  facet normal -0.987682 -0.156475 0
    outer loop
      vertex 31.1888 91.3863 2
      vertex 31.25 91 0
      vertex 31.25 91 2
    endloop
  endfacet
  facet normal 0.156475 -0.987682 0
    outer loop
      vertex 29.6137 92.1888 0
      vertex 30 92.25 2
      vertex 29.6137 92.1888 2
    endloop
  endfacet
  facet normal 0.156475 -0.987682 0
    outer loop
      vertex 30 92.25 2
      vertex 29.6137 92.1888 0
      vertex 30 92.25 0
    endloop
  endfacet
  facet normal -0.453953 0.891026 0
    outer loop
      vertex 30.7347 89.9887 0
      vertex 30.3863 89.8112 2
      vertex 30.7347 89.9887 2
    endloop
  endfacet
  facet normal -0.453953 0.891026 0
    outer loop
      vertex 30.3863 89.8112 2
      vertex 30.7347 89.9887 0
      vertex 30.3863 89.8112 0
    endloop
  endfacet
  facet normal -0.707107 -0.707107 0
    outer loop
      vertex 30.7347 92.0113 0
      vertex 31.0113 91.7347 2
      vertex 30.7347 92.0113 2
    endloop
  endfacet
  facet normal -0.707107 -0.707107 -0
    outer loop
      vertex 31.0113 91.7347 2
      vertex 30.7347 92.0113 0
      vertex 31.0113 91.7347 0
    endloop
  endfacet
  facet normal -0.891026 -0.453953 0
    outer loop
      vertex 31.1888 91.3863 0
      vertex 31.0113 91.7347 2
      vertex 31.0113 91.7347 0
    endloop
  endfacet
  facet normal -0.891026 -0.453953 0
    outer loop
      vertex 31.0113 91.7347 2
      vertex 31.1888 91.3863 0
      vertex 31.1888 91.3863 2
    endloop
  endfacet
  facet normal 0.707107 -0.707107 0
    outer loop
      vertex 28.9887 91.7347 0
      vertex 29.2653 92.0113 2
      vertex 28.9887 91.7347 2
    endloop
  endfacet
  facet normal 0.707107 -0.707107 0
    outer loop
      vertex 29.2653 92.0113 2
      vertex 28.9887 91.7347 0
      vertex 29.2653 92.0113 0
    endloop
  endfacet
  facet normal 0.891026 -0.453953 0
    outer loop
      vertex 28.8112 91.3863 2
      vertex 28.9887 91.7347 0
      vertex 28.9887 91.7347 2
    endloop
  endfacet
  facet normal 0.891026 -0.453953 0
    outer loop
      vertex 28.9887 91.7347 0
      vertex 28.8112 91.3863 2
      vertex 28.8112 91.3863 0
    endloop
  endfacet
  facet normal 0.453953 -0.891026 0
    outer loop
      vertex 29.2653 92.0113 0
      vertex 29.6137 92.1888 2
      vertex 29.2653 92.0113 2
    endloop
  endfacet
  facet normal 0.453953 -0.891026 0
    outer loop
      vertex 29.6137 92.1888 2
      vertex 29.2653 92.0113 0
      vertex 29.6137 92.1888 0
    endloop
  endfacet
  facet normal 0.453953 0.891026 -0
    outer loop
      vertex 29.6137 89.8112 0
      vertex 29.2653 89.9887 2
      vertex 29.6137 89.8112 2
    endloop
  endfacet
  facet normal 0.453953 0.891026 0
    outer loop
      vertex 29.2653 89.9887 2
      vertex 29.6137 89.8112 0
      vertex 29.2653 89.9887 0
    endloop
  endfacet
  facet normal 0.891026 0.453953 0
    outer loop
      vertex 28.9887 90.2653 2
      vertex 28.8112 90.6137 0
      vertex 28.8112 90.6137 2
    endloop
  endfacet
  facet normal 0.891026 0.453953 0
    outer loop
      vertex 28.8112 90.6137 0
      vertex 28.9887 90.2653 2
      vertex 28.9887 90.2653 0
    endloop
  endfacet
  facet normal -0.156475 -0.987682 0
    outer loop
      vertex 30 92.25 0
      vertex 30.3863 92.1888 2
      vertex 30 92.25 2
    endloop
  endfacet
  facet normal -0.156475 -0.987682 -0
    outer loop
      vertex 30.3863 92.1888 2
      vertex 30 92.25 0
      vertex 30.3863 92.1888 0
    endloop
  endfacet
  facet normal -0.453953 -0.891026 0
    outer loop
      vertex 30.3863 92.1888 0
      vertex 30.7347 92.0113 2
      vertex 30.3863 92.1888 2
    endloop
  endfacet
  facet normal -0.453953 -0.891026 -0
    outer loop
      vertex 30.7347 92.0113 2
      vertex 30.3863 92.1888 0
      vertex 30.7347 92.0113 0
    endloop
  endfacet
  facet normal 0.987682 -0.156475 0
    outer loop
      vertex 28.75 91 2
      vertex 28.8112 91.3863 0
      vertex 28.8112 91.3863 2
    endloop
  endfacet
  facet normal 0.987682 -0.156475 0
    outer loop
      vertex 28.8112 91.3863 0
      vertex 28.75 91 2
      vertex 28.75 91 0
    endloop
  endfacet
  facet normal -0.987682 0.156475 0
    outer loop
      vertex 31.1888 90.6137 0
      vertex 31.25 91 2
      vertex 31.25 91 0
    endloop
  endfacet
  facet normal -0.987682 0.156475 0
    outer loop
      vertex 31.25 91 2
      vertex 31.1888 90.6137 0
      vertex 31.1888 90.6137 2
    endloop
  endfacet
  facet normal -0.707107 0.707107 0
    outer loop
      vertex 31.0113 90.2653 0
      vertex 30.7347 89.9887 2
      vertex 31.0113 90.2653 2
    endloop
  endfacet
  facet normal -0.707107 0.707107 0
    outer loop
      vertex 30.7347 89.9887 2
      vertex 31.0113 90.2653 0
      vertex 30.7347 89.9887 0
    endloop
  endfacet
  facet normal -0.891026 0.453953 0
    outer loop
      vertex 31.0113 90.2653 0
      vertex 31.1888 90.6137 2
      vertex 31.1888 90.6137 0
    endloop
  endfacet
  facet normal -0.891026 0.453953 0
    outer loop
      vertex 31.1888 90.6137 2
      vertex 31.0113 90.2653 0
      vertex 31.0113 90.2653 2
    endloop
  endfacet
  facet normal 0.156475 0.987682 -0
    outer loop
      vertex 30 89.75 0
      vertex 29.6137 89.8112 2
      vertex 30 89.75 2
    endloop
  endfacet
  facet normal 0.156475 0.987682 0
    outer loop
      vertex 29.6137 89.8112 2
      vertex 30 89.75 0
      vertex 29.6137 89.8112 0
    endloop
  endfacet
  facet normal 0.707107 0.707107 -0
    outer loop
      vertex 29.2653 89.9887 0
      vertex 28.9887 90.2653 2
      vertex 29.2653 89.9887 2
    endloop
  endfacet
  facet normal 0.707107 0.707107 0
    outer loop
      vertex 28.9887 90.2653 2
      vertex 29.2653 89.9887 0
      vertex 28.9887 90.2653 0
    endloop
  endfacet
  facet normal 0.987682 0.156475 0
    outer loop
      vertex 28.8112 90.6137 2
      vertex 28.75 91 0
      vertex 28.75 91 2
    endloop
  endfacet
  facet normal 0.987682 0.156475 0
    outer loop
      vertex 28.75 91 0
      vertex 28.8112 90.6137 2
      vertex 28.8112 90.6137 0
    endloop
  endfacet
  facet normal -0.156475 0.987682 0
    outer loop
      vertex 30.3863 89.8112 0
      vertex 30 89.75 2
      vertex 30.3863 89.8112 2
    endloop
  endfacet
  facet normal -0.156475 0.987682 0
    outer loop
      vertex 30 89.75 2
      vertex 30.3863 89.8112 0
      vertex 30 89.75 0
    endloop
  endfacet
  facet normal -0.987682 -0.156475 0
    outer loop
      vertex 31.25 96 0
      vertex 31.1888 96.3863 2
      vertex 31.1888 96.3863 0
    endloop
  endfacet
  facet normal -0.987682 -0.156475 0
    outer loop
      vertex 31.1888 96.3863 2
      vertex 31.25 96 0
      vertex 31.25 96 2
    endloop
  endfacet
  facet normal 0.156475 -0.987682 0
    outer loop
      vertex 29.6137 97.1888 0
      vertex 30 97.25 2
      vertex 29.6137 97.1888 2
    endloop
  endfacet
  facet normal 0.156475 -0.987682 0
    outer loop
      vertex 30 97.25 2
      vertex 29.6137 97.1888 0
      vertex 30 97.25 0
    endloop
  endfacet
  facet normal -0.453953 0.891026 0
    outer loop
      vertex 30.7347 94.9887 0
      vertex 30.3863 94.8112 2
      vertex 30.7347 94.9887 2
    endloop
  endfacet
  facet normal -0.453953 0.891026 0
    outer loop
      vertex 30.3863 94.8112 2
      vertex 30.7347 94.9887 0
      vertex 30.3863 94.8112 0
    endloop
  endfacet
  facet normal -0.707107 -0.707107 0
    outer loop
      vertex 30.7347 97.0113 0
      vertex 31.0113 96.7347 2
      vertex 30.7347 97.0113 2
    endloop
  endfacet
  facet normal -0.707107 -0.707107 -0
    outer loop
      vertex 31.0113 96.7347 2
      vertex 30.7347 97.0113 0
      vertex 31.0113 96.7347 0
    endloop
  endfacet
  facet normal -0.891026 -0.453953 0
    outer loop
      vertex 31.1888 96.3863 0
      vertex 31.0113 96.7347 2
      vertex 31.0113 96.7347 0
    endloop
  endfacet
  facet normal -0.891026 -0.453953 0
    outer loop
      vertex 31.0113 96.7347 2
      vertex 31.1888 96.3863 0
      vertex 31.1888 96.3863 2
    endloop
  endfacet
  facet normal 0.707107 -0.707107 0
    outer loop
      vertex 28.9887 96.7347 0
      vertex 29.2653 97.0113 2
      vertex 28.9887 96.7347 2
    endloop
  endfacet
  facet normal 0.707107 -0.707107 0
    outer loop
      vertex 29.2653 97.0113 2
      vertex 28.9887 96.7347 0
      vertex 29.2653 97.0113 0
    endloop
  endfacet
  facet normal 0.891026 -0.453953 0
    outer loop
      vertex 28.8112 96.3863 2
      vertex 28.9887 96.7347 0
      vertex 28.9887 96.7347 2
    endloop
  endfacet
  facet normal 0.891026 -0.453953 0
    outer loop
      vertex 28.9887 96.7347 0
      vertex 28.8112 96.3863 2
      vertex 28.8112 96.3863 0
    endloop
  endfacet
  facet normal 0.453953 -0.891026 0
    outer loop
      vertex 29.2653 97.0113 0
      vertex 29.6137 97.1888 2
      vertex 29.2653 97.0113 2
    endloop
  endfacet
  facet normal 0.453953 -0.891026 0
    outer loop
      vertex 29.6137 97.1888 2
      vertex 29.2653 97.0113 0
      vertex 29.6137 97.1888 0
    endloop
  endfacet
  facet normal 0.453953 0.891026 -0
    outer loop
      vertex 29.6137 94.8112 0
      vertex 29.2653 94.9887 2
      vertex 29.6137 94.8112 2
    endloop
  endfacet
  facet normal 0.453953 0.891026 0
    outer loop
      vertex 29.2653 94.9887 2
      vertex 29.6137 94.8112 0
      vertex 29.2653 94.9887 0
    endloop
  endfacet
  facet normal 0.891026 0.453953 0
    outer loop
      vertex 28.9887 95.2653 2
      vertex 28.8112 95.6137 0
      vertex 28.8112 95.6137 2
    endloop
  endfacet
  facet normal 0.891026 0.453953 0
    outer loop
      vertex 28.8112 95.6137 0
      vertex 28.9887 95.2653 2
      vertex 28.9887 95.2653 0
    endloop
  endfacet
  facet normal -0.156475 -0.987682 0
    outer loop
      vertex 30 97.25 0
      vertex 30.3863 97.1888 2
      vertex 30 97.25 2
    endloop
  endfacet
  facet normal -0.156475 -0.987682 -0
    outer loop
      vertex 30.3863 97.1888 2
      vertex 30 97.25 0
      vertex 30.3863 97.1888 0
    endloop
  endfacet
  facet normal -0.453953 -0.891026 0
    outer loop
      vertex 30.3863 97.1888 0
      vertex 30.7347 97.0113 2
      vertex 30.3863 97.1888 2
    endloop
  endfacet
  facet normal -0.453953 -0.891026 -0
    outer loop
      vertex 30.7347 97.0113 2
      vertex 30.3863 97.1888 0
      vertex 30.7347 97.0113 0
    endloop
  endfacet
  facet normal 0.987682 -0.156475 0
    outer loop
      vertex 28.75 96 2
      vertex 28.8112 96.3863 0
      vertex 28.8112 96.3863 2
    endloop
  endfacet
  facet normal 0.987682 -0.156475 0
    outer loop
      vertex 28.8112 96.3863 0
      vertex 28.75 96 2
      vertex 28.75 96 0
    endloop
  endfacet
  facet normal -0.987682 0.156475 0
    outer loop
      vertex 31.1888 95.6137 0
      vertex 31.25 96 2
      vertex 31.25 96 0
    endloop
  endfacet
  facet normal -0.987682 0.156475 0
    outer loop
      vertex 31.25 96 2
      vertex 31.1888 95.6137 0
      vertex 31.1888 95.6137 2
    endloop
  endfacet
  facet normal -0.707107 0.707107 0
    outer loop
      vertex 31.0113 95.2653 0
      vertex 30.7347 94.9887 2
      vertex 31.0113 95.2653 2
    endloop
  endfacet
  facet normal -0.707107 0.707107 0
    outer loop
      vertex 30.7347 94.9887 2
      vertex 31.0113 95.2653 0
      vertex 30.7347 94.9887 0
    endloop
  endfacet
  facet normal -0.891026 0.453953 0
    outer loop
      vertex 31.0113 95.2653 0
      vertex 31.1888 95.6137 2
      vertex 31.1888 95.6137 0
    endloop
  endfacet
  facet normal -0.891026 0.453953 0
    outer loop
      vertex 31.1888 95.6137 2
      vertex 31.0113 95.2653 0
      vertex 31.0113 95.2653 2
    endloop
  endfacet
  facet normal 0.156475 0.987682 -0
    outer loop
      vertex 30 94.75 0
      vertex 29.6137 94.8112 2
      vertex 30 94.75 2
    endloop
  endfacet
  facet normal 0.156475 0.987682 0
    outer loop
      vertex 29.6137 94.8112 2
      vertex 30 94.75 0
      vertex 29.6137 94.8112 0
    endloop
  endfacet
  facet normal 0.707107 0.707107 -0
    outer loop
      vertex 29.2653 94.9887 0
      vertex 28.9887 95.2653 2
      vertex 29.2653 94.9887 2
    endloop
  endfacet
  facet normal 0.707107 0.707107 0
    outer loop
      vertex 28.9887 95.2653 2
      vertex 29.2653 94.9887 0
      vertex 28.9887 95.2653 0
    endloop
  endfacet
  facet normal 0.987682 0.156475 0
    outer loop
      vertex 28.8112 95.6137 2
      vertex 28.75 96 0
      vertex 28.75 96 2
    endloop
  endfacet
  facet normal 0.987682 0.156475 0
    outer loop
      vertex 28.75 96 0
      vertex 28.8112 95.6137 2
      vertex 28.8112 95.6137 0
    endloop
  endfacet
  facet normal -0.156475 0.987682 0
    outer loop
      vertex 30.3863 94.8112 0
      vertex 30 94.75 2
      vertex 30.3863 94.8112 2
    endloop
  endfacet
  facet normal -0.156475 0.987682 0
    outer loop
      vertex 30 94.75 2
      vertex 30.3863 94.8112 0
      vertex 30 94.75 0
    endloop
  endfacet
  facet normal 0 0 -1
    outer loop
      vertex 2.80075 2 3.8
      vertex 4.3 108 3.8
      vertex 4.3 2 3.8
    endloop
  endfacet
  facet normal -0 0 -1
    outer loop
      vertex 4.3 108 3.8
      vertex 2.80075 2 3.8
      vertex 2.80075 108 3.8
    endloop
  endfacet
  facet normal -1 0 0
    outer loop
      vertex 4.3 2 2
      vertex 4.3 108 3.8
      vertex 4.3 108 2
    endloop
  endfacet
  facet normal -1 -0 0
    outer loop
      vertex 4.3 108 3.8
      vertex 4.3 2 2
      vertex 4.3 2 3.8
    endloop
  endfacet
  facet normal 0 -1 0
    outer loop
      vertex 2.89513 108 2
      vertex 4.3 108 3.8
      vertex 2.80075 108 3.8
    endloop
  endfacet
  facet normal 0 -1 -0
    outer loop
      vertex 4.3 108 3.8
      vertex 2.89513 108 2
      vertex 4.3 108 2
    endloop
  endfacet
  facet normal -0 0 1
    outer loop
      vertex 2.89513 108 2
      vertex 4.3 2 2
      vertex 4.3 108 2
    endloop
  endfacet
  facet normal 0 0 1
    outer loop
      vertex 4.3 2 2
      vertex 2.89513 108 2
      vertex 2.89513 2 2
    endloop
  endfacet
  facet normal 0 1 0
    outer loop
      vertex 2.89513 2 2
      vertex 4.3 2 3.8
      vertex 4.3 2 2
    endloop
  endfacet
  facet normal 0 1 0
    outer loop
      vertex 4.3 2 3.8
      vertex 2.89513 2 2
      vertex 2.80075 2 3.8
    endloop
  endfacet
  facet normal 1 -0 0
    outer loop
      vertex 76 2 3.8
      vertex 76 108 2
      vertex 76 108 3.8
    endloop
  endfacet
  facet normal 1 0 0
    outer loop
      vertex 76 108 2
      vertex 76 2 3.8
      vertex 76 2 2
    endloop
  endfacet
  facet normal 0 0 -1
    outer loop
      vertex 76 2 3.8
      vertex 77.1993 108 3.8
      vertex 77.1993 2 3.8
    endloop
  endfacet
  facet normal -0 0 -1
    outer loop
      vertex 77.1993 108 3.8
      vertex 76 2 3.8
      vertex 76 108 3.8
    endloop
  endfacet
  facet normal -0 0 1
    outer loop
      vertex 76 108 2
      vertex 77.1049 2 2
      vertex 77.1049 108 2
    endloop
  endfacet
  facet normal 0 0 1
    outer loop
      vertex 77.1049 2 2
      vertex 76 108 2
      vertex 76 2 2
    endloop
  endfacet
  facet normal 0 1 -0
    outer loop
      vertex 77.1049 2 2
      vertex 76 2 3.8
      vertex 77.1993 2 3.8
    endloop
  endfacet
  facet normal 0 1 0
    outer loop
      vertex 76 2 3.8
      vertex 77.1049 2 2
      vertex 76 2 2
    endloop
  endfacet
  facet normal 0 -1 0
    outer loop
      vertex 77.1049 108 2
      vertex 76 108 3.8
      vertex 76 108 2
    endloop
  endfacet
  facet normal 0 -1 0
    outer loop
      vertex 76 108 3.8
      vertex 77.1049 108 2
      vertex 77.1993 108 3.8
    endloop
  endfacet
  facet normal 0 1 0
    outer loop
      vertex 43.1384 110 97.8767
      vertex 36.8616 110 97.8767
      vertex 40 110 98
    endloop
  endfacet
  facet normal 0 1 0
    outer loop
      vertex 46.2574 110 97.5075
      vertex 36.8616 110 97.8767
      vertex 43.1384 110 97.8767
    endloop
  endfacet
  facet normal 0 1 0
    outer loop
      vertex 46.2574 110 97.5075
      vertex 33.7426 110 97.5075
      vertex 36.8616 110 97.8767
    endloop
  endfacet
  facet normal 0 1 0
    outer loop
      vertex 49.3378 110 96.8948
      vertex 33.7426 110 97.5075
      vertex 46.2574 110 97.5075
    endloop
  endfacet
  facet normal 0 1 0
    outer loop
      vertex 49.3378 110 96.8948
      vertex 30.6622 110 96.8948
      vertex 33.7426 110 97.5075
    endloop
  endfacet
  facet normal 0 1 0
    outer loop
      vertex 52.3607 110 96.0423
      vertex 30.6622 110 96.8948
      vertex 49.3378 110 96.8948
    endloop
  endfacet
  facet normal 0 1 0
    outer loop
      vertex 52.3607 110 96.0423
      vertex 27.6393 110 96.0423
      vertex 30.6622 110 96.8948
    endloop
  endfacet
  facet normal 0 1 0
    outer loop
      vertex 55.3073 110 94.9552
      vertex 27.6393 110 96.0423
      vertex 52.3607 110 96.0423
    endloop
  endfacet
  facet normal 0 1 0
    outer loop
      vertex 55.3073 110 94.9552
      vertex 24.6927 110 94.9552
      vertex 27.6393 110 96.0423
    endloop
  endfacet
  facet normal 0 1 0
    outer loop
      vertex 58.1596 110 93.6403
      vertex 24.6927 110 94.9552
      vertex 55.3073 110 94.9552
    endloop
  endfacet
  facet normal 0 1 0
    outer loop
      vertex 58.1596 110 93.6403
      vertex 21.8404 110 93.6403
      vertex 24.6927 110 94.9552
    endloop
  endfacet
  facet normal 0 1 0
    outer loop
      vertex 60.8999 110 92.1056
      vertex 21.8404 110 93.6403
      vertex 58.1596 110 93.6403
    endloop
  endfacet
  facet normal 0 1 0
    outer loop
      vertex 60.8999 110 92.1056
      vertex 19.1001 110 92.1056
      vertex 21.8404 110 93.6403
    endloop
  endfacet
  facet normal 0 1 0
    outer loop
      vertex 63.5114 110 90.3607
      vertex 19.1001 110 92.1056
      vertex 60.8999 110 92.1056
    endloop
  endfacet
  facet normal 0 1 0
    outer loop
      vertex 63.5114 110 90.3607
      vertex 16.4886 110 90.3607
      vertex 19.1001 110 92.1056
    endloop
  endfacet
  facet normal 0 1 0
    outer loop
      vertex 65.9779 110 88.4162
      vertex 16.4886 110 90.3607
      vertex 63.5114 110 90.3607
    endloop
  endfacet
  facet normal 0 1 0
    outer loop
      vertex 65.9779 110 88.4162
      vertex 14.0221 110 88.4162
      vertex 16.4886 110 90.3607
    endloop
  endfacet
  facet normal 0 1 0
    outer loop
      vertex 68.2843 110 86.2843
      vertex 14.0221 110 88.4162
      vertex 65.9779 110 88.4162
    endloop
  endfacet
  facet normal 0 1 0
    outer loop
      vertex 68.2843 110 86.2843
      vertex 11.7157 110 86.2843
      vertex 14.0221 110 88.4162
    endloop
  endfacet
  facet normal 0 1 0
    outer loop
      vertex 70.4162 110 83.9779
      vertex 11.7157 110 86.2843
      vertex 68.2843 110 86.2843
    endloop
  endfacet
  facet normal 0 1 0
    outer loop
      vertex 70.4162 110 83.9779
      vertex 9.58376 110 83.9779
      vertex 11.7157 110 86.2843
    endloop
  endfacet
  facet normal 0 1 0
    outer loop
      vertex 72.3607 110 81.5114
      vertex 9.58376 110 83.9779
      vertex 70.4162 110 83.9779
    endloop
  endfacet
  facet normal 0 1 0
    outer loop
      vertex 72.3607 110 81.5114
      vertex 7.63932 110 81.5114
      vertex 9.58376 110 83.9779
    endloop
  endfacet
  facet normal 0 1 0
    outer loop
      vertex 74.1056 110 78.8999
      vertex 7.63932 110 81.5114
      vertex 72.3607 110 81.5114
    endloop
  endfacet
  facet normal 0 1 0
    outer loop
      vertex 74.1056 110 78.8999
      vertex 5.89439 110 78.8999
      vertex 7.63932 110 81.5114
    endloop
  endfacet
  facet normal 0 1 0
    outer loop
      vertex 75.6403 110 76.1596
      vertex 5.89439 110 78.8999
      vertex 74.1056 110 78.8999
    endloop
  endfacet
  facet normal 0 1 0
    outer loop
      vertex 75.6403 110 76.1596
      vertex 4.35974 110 76.1596
      vertex 5.89439 110 78.8999
    endloop
  endfacet
  facet normal 0 1 0
    outer loop
      vertex 76.9552 110 73.3073
      vertex 4.35974 110 76.1596
      vertex 75.6403 110 76.1596
    endloop
  endfacet
  facet normal 0 1 0
    outer loop
      vertex 76.9552 110 73.3073
      vertex 3.04482 110 73.3073
      vertex 4.35974 110 76.1596
    endloop
  endfacet
  facet normal 0 1 0
    outer loop
      vertex 78.0423 110 70.3607
      vertex 3.04482 110 73.3073
      vertex 76.9552 110 73.3073
    endloop
  endfacet
  facet normal 0 1 0
    outer loop
      vertex 78.0423 110 70.3607
      vertex 1.95774 110 70.3607
      vertex 3.04482 110 73.3073
    endloop
  endfacet
  facet normal 0 1 0
    outer loop
      vertex 78.8948 110 67.3378
      vertex 1.95774 110 70.3607
      vertex 78.0423 110 70.3607
    endloop
  endfacet
  facet normal 0 1 0
    outer loop
      vertex 78.8948 110 67.3378
      vertex 1.1052 110 67.3378
      vertex 1.95774 110 70.3607
    endloop
  endfacet
  facet normal 0 1 0
    outer loop
      vertex 79.5075 110 64.2574
      vertex 1.1052 110 67.3378
      vertex 78.8948 110 67.3378
    endloop
  endfacet
  facet normal 0 1 0
    outer loop
      vertex 79.5075 110 64.2574
      vertex 0.492466 110 64.2574
      vertex 1.1052 110 67.3378
    endloop
  endfacet
  facet normal 0 1 0
    outer loop
      vertex 79.8767 110 61.1384
      vertex 0.492466 110 64.2574
      vertex 79.5075 110 64.2574
    endloop
  endfacet
  facet normal 0 1 0
    outer loop
      vertex 79.8767 110 61.1384
      vertex 0.123306 110 61.1384
      vertex 0.492466 110 64.2574
    endloop
  endfacet
  facet normal 0 1 0
    outer loop
      vertex 80 110 58
      vertex 0.123306 110 61.1384
      vertex 79.8767 110 61.1384
    endloop
  endfacet
  facet normal 0 1 0
    outer loop
      vertex 80 110 58
      vertex 0 110 58
      vertex 0.123306 110 61.1384
    endloop
  endfacet
  facet normal 0 1 -0
    outer loop
      vertex 79.8767 110 54.8616
      vertex 0 110 58
      vertex 80 110 58
    endloop
  endfacet
  facet normal 0 1 0
    outer loop
      vertex 79.8767 110 54.8616
      vertex 0.123306 110 54.8616
      vertex 0 110 58
    endloop
  endfacet
  facet normal 0 1 0
    outer loop
      vertex 56.45 110 9.2
      vertex 79.8767 110 54.8616
      vertex 66.45 110 9.2
    endloop
  endfacet
  facet normal 0 1 -0
    outer loop
      vertex 77 110 0
      vertex 66.45 110 9.2
      vertex 79.8767 110 54.8616
    endloop
  endfacet
  facet normal 0 1 0
    outer loop
      vertex 66.45 110 5
      vertex 77 110 0
      vertex 56.45 110 5
    endloop
  endfacet
  facet normal 0 1 0
    outer loop
      vertex 66.45 110 9.2
      vertex 77 110 0
      vertex 66.45 110 5
    endloop
  endfacet
  facet normal 0 1 0
    outer loop
      vertex 79.8767 110 54.8616
      vertex 56.45 110 9.2
      vertex 0.123306 110 54.8616
    endloop
  endfacet
  facet normal 0 1 0
    outer loop
      vertex 3 110 0
      vertex 56.45 110 9.2
      vertex 56.45 110 5
    endloop
  endfacet
  facet normal 0 1 0
    outer loop
      vertex 56.45 110 9.2
      vertex 3 110 0
      vertex 0.123306 110 54.8616
    endloop
  endfacet
  facet normal 0 1 0
    outer loop
      vertex 3 110 0
      vertex 56.45 110 5
      vertex 77 110 0
    endloop
  endfacet
  facet normal -0.999229 0 0.0392592
    outer loop
      vertex 0 0 58
      vertex 0.123306 110 61.1384
      vertex 0 110 58
    endloop
  endfacet
  facet normal -0.999229 0 0.0392592
    outer loop
      vertex 0.123306 110 61.1384
      vertex 0 0 58
      vertex 0.123306 0 61.1384
    endloop
  endfacet
  facet normal 0 -1 0
    outer loop
      vertex 3 0 0
      vertex 3.9631 0 13
      vertex 0.123306 0 54.8616
    endloop
  endfacet
  facet normal 0 -1 0
    outer loop
      vertex 3.9631 0 8
      vertex 7 0 7
      vertex 5.33031 0 8
    endloop
  endfacet
  facet normal 0 -1 -0
    outer loop
      vertex 7 0 7
      vertex 3 0 0
      vertex 73 0 7
    endloop
  endfacet
  facet normal 0 -1 -0
    outer loop
      vertex 3.9631 0 8
      vertex 3 0 0
      vertex 7 0 7
    endloop
  endfacet
  facet normal 0 -1 -0
    outer loop
      vertex 3.9631 0 13
      vertex 3 0 0
      vertex 3.9631 0 8
    endloop
  endfacet
  facet normal 0 -1 0
    outer loop
      vertex 5.89439 0 78.8999
      vertex 7 0 79.5
      vertex 7.63932 0 81.5114
    endloop
  endfacet
  facet normal 0 -1 0
    outer loop
      vertex 4.35974 0 76.1596
      vertex 7 0 79.5
      vertex 5.89439 0 78.8999
    endloop
  endfacet
  facet normal 0 -1 0
    outer loop
      vertex 3.04482 0 73.3073
      vertex 7 0 79.5
      vertex 4.35974 0 76.1596
    endloop
  endfacet
  facet normal 0 -1 0
    outer loop
      vertex 1.95774 0 70.3607
      vertex 7 0 79.5
      vertex 3.04482 0 73.3073
    endloop
  endfacet
  facet normal 0 -1 0
    outer loop
      vertex 1.1052 0 67.3378
      vertex 7 0 79.5
      vertex 1.95774 0 70.3607
    endloop
  endfacet
  facet normal 0 -1 0
    outer loop
      vertex 0.492466 0 64.2574
      vertex 7 0 79.5
      vertex 1.1052 0 67.3378
    endloop
  endfacet
  facet normal 0 -1 0
    outer loop
      vertex 0.123306 0 61.1384
      vertex 7 0 79.5
      vertex 0.492466 0 64.2574
    endloop
  endfacet
  facet normal 0 -1 0
    outer loop
      vertex 0 0 58
      vertex 7 0 79.5
      vertex 0.123306 0 61.1384
    endloop
  endfacet
  facet normal 0 -1 0
    outer loop
      vertex 0.123306 0 54.8616
      vertex 7 0 79.5
      vertex 0 0 58
    endloop
  endfacet
  facet normal 0 -1 0
    outer loop
      vertex 5.33031 0 13
      vertex 0.123306 0 54.8616
      vertex 3.9631 0 13
    endloop
  endfacet
  facet normal 0 -1 0
    outer loop
      vertex 0.123306 0 54.8616
      vertex 5.33031 0 13
      vertex 7 0 79.5
    endloop
  endfacet
  facet normal 0 -1 0
    outer loop
      vertex 7 0 7
      vertex 5.33031 0 13
      vertex 5.33031 0 8
    endloop
  endfacet
  facet normal 0 -1 0
    outer loop
      vertex 5.33031 0 13
      vertex 7 0 7
      vertex 7 0 79.5
    endloop
  endfacet
  facet normal 0 -1 0
    outer loop
      vertex 7.66969 0 79.5
      vertex 7.63932 0 81.5114
      vertex 7 0 79.5
    endloop
  endfacet
  facet normal 0 -1 0
    outer loop
      vertex 7.63932 0 81.5114
      vertex 7.66969 0 79.5
      vertex 7.66969 0 81.5499
    endloop
  endfacet
  facet normal 0 -1 0
    outer loop
      vertex 9.0369 0 79.5
      vertex 40 0 98
      vertex 36.8616 0 97.8767
    endloop
  endfacet
  facet normal 0 -1 0
    outer loop
      vertex 9.0369 0 79.5
      vertex 36.8616 0 97.8767
      vertex 33.7426 0 97.5075
    endloop
  endfacet
  facet normal 0 -1 -0
    outer loop
      vertex 40 0 98
      vertex 9.0369 0 79.5
      vertex 43.1384 0 97.8767
    endloop
  endfacet
  facet normal 0 -1 0
    outer loop
      vertex 9.0369 0 79.5
      vertex 33.7426 0 97.5075
      vertex 30.6622 0 96.8948
    endloop
  endfacet
  facet normal 0 -1 -0
    outer loop
      vertex 43.1384 0 97.8767
      vertex 9.0369 0 79.5
      vertex 46.2574 0 97.5075
    endloop
  endfacet
  facet normal 0 -1 0
    outer loop
      vertex 9.0369 0 79.5
      vertex 30.6622 0 96.8948
      vertex 27.6393 0 96.0423
    endloop
  endfacet
  facet normal 0 -1 -0
    outer loop
      vertex 46.2574 0 97.5075
      vertex 9.0369 0 79.5
      vertex 49.3378 0 96.8948
    endloop
  endfacet
  facet normal 0 -1 0
    outer loop
      vertex 9.0369 0 79.5
      vertex 27.6393 0 96.0423
      vertex 24.6927 0 94.9552
    endloop
  endfacet
  facet normal 0 -1 -0
    outer loop
      vertex 49.3378 0 96.8948
      vertex 9.0369 0 79.5
      vertex 52.3607 0 96.0423
    endloop
  endfacet
  facet normal 0 -1 0
    outer loop
      vertex 9.0369 0 79.5
      vertex 24.6927 0 94.9552
      vertex 21.8404 0 93.6403
    endloop
  endfacet
  facet normal 0 -1 -0
    outer loop
      vertex 52.3607 0 96.0423
      vertex 9.0369 0 79.5
      vertex 55.3073 0 94.9552
    endloop
  endfacet
  facet normal 0 -1 0
    outer loop
      vertex 9.0369 0 79.5
      vertex 21.8404 0 93.6403
      vertex 19.1001 0 92.1056
    endloop
  endfacet
  facet normal 0 -1 -0
    outer loop
      vertex 55.3073 0 94.9552
      vertex 9.0369 0 79.5
      vertex 58.1596 0 93.6403
    endloop
  endfacet
  facet normal 0 -1 0
    outer loop
      vertex 9.0369 0 79.5
      vertex 19.1001 0 92.1056
      vertex 16.4886 0 90.3607
    endloop
  endfacet
  facet normal 0 -1 0
    outer loop
      vertex 73 0 79.5
      vertex 58.1596 0 93.6403
      vertex 9.0369 0 79.5
    endloop
  endfacet
  facet normal 0 -1 0
    outer loop
      vertex 9.0369 0 79.5
      vertex 16.4886 0 90.3607
      vertex 14.0221 0 88.4162
    endloop
  endfacet
  facet normal 0 -1 0
    outer loop
      vertex 58.1596 0 93.6403
      vertex 73 0 79.5
      vertex 60.8999 0 92.1056
    endloop
  endfacet
  facet normal 0 -1 0
    outer loop
      vertex 9.0369 0 79.5
      vertex 14.0221 0 88.4162
      vertex 11.7157 0 86.2843
    endloop
  endfacet
  facet normal 0 -1 0
    outer loop
      vertex 60.8999 0 92.1056
      vertex 73 0 79.5
      vertex 63.5114 0 90.3607
    endloop
  endfacet
  facet normal 0 -1 0
    outer loop
      vertex 9.0369 0 79.5
      vertex 11.7157 0 86.2843
      vertex 9.58376 0 83.9779
    endloop
  endfacet
  facet normal 0 -1 0
    outer loop
      vertex 63.5114 0 90.3607
      vertex 73 0 79.5
      vertex 65.9779 0 88.4162
    endloop
  endfacet
  facet normal 0 -1 0
    outer loop
      vertex 9.0369 0 79.5
      vertex 9.58376 0 83.9779
      vertex 9.0369 0 83.2842
    endloop
  endfacet
  facet normal 0 -1 0
    outer loop
      vertex 65.9779 0 88.4162
      vertex 73 0 79.5
      vertex 68.2843 0 86.2843
    endloop
  endfacet
  facet normal 0 -1 0
    outer loop
      vertex 68.2843 0 86.2843
      vertex 73 0 79.5
      vertex 70.4162 0 83.9779
    endloop
  endfacet
  facet normal 0 -1 0
    outer loop
      vertex 70.4162 0 83.9779
      vertex 73 0 79.5
      vertex 72.3607 0 81.5114
    endloop
  endfacet
  facet normal 0 -1 0
    outer loop
      vertex 73 0 79.5
      vertex 74.1056 0 78.8999
      vertex 72.3607 0 81.5114
    endloop
  endfacet
  facet normal 0 -1 0
    outer loop
      vertex 73 0 79.5
      vertex 75.6403 0 76.1596
      vertex 74.1056 0 78.8999
    endloop
  endfacet
  facet normal 0 -1 0
    outer loop
      vertex 73 0 79.5
      vertex 76.9552 0 73.3073
      vertex 75.6403 0 76.1596
    endloop
  endfacet
  facet normal 0 -1 0
    outer loop
      vertex 73 0 79.5
      vertex 78.0423 0 70.3607
      vertex 76.9552 0 73.3073
    endloop
  endfacet
  facet normal 0 -1 0
    outer loop
      vertex 73 0 79.5
      vertex 78.8948 0 67.3378
      vertex 78.0423 0 70.3607
    endloop
  endfacet
  facet normal 0 -1 0
    outer loop
      vertex 73 0 79.5
      vertex 79.5075 0 64.2574
      vertex 78.8948 0 67.3378
    endloop
  endfacet
  facet normal 0 -1 0
    outer loop
      vertex 73 0 79.5
      vertex 79.8767 0 61.1384
      vertex 79.5075 0 64.2574
    endloop
  endfacet
  facet normal 0 -1 0
    outer loop
      vertex 73 0 79.5
      vertex 80 0 58
      vertex 79.8767 0 61.1384
    endloop
  endfacet
  facet normal 0 -1 0
    outer loop
      vertex 73 0 79.5
      vertex 79.8767 0 54.8616
      vertex 80 0 58
    endloop
  endfacet
  facet normal 0 -1 0
    outer loop
      vertex 73 0 7
      vertex 79.8767 0 54.8616
      vertex 73 0 79.5
    endloop
  endfacet
  facet normal 0 -1 0
    outer loop
      vertex 73 0 7
      vertex 77 0 0
      vertex 79.8767 0 54.8616
    endloop
  endfacet
  facet normal 0 -1 0
    outer loop
      vertex 77 0 0
      vertex 73 0 7
      vertex 3 0 0
    endloop
  endfacet
  facet normal -0.785316 0 0.619096
    outer loop
      vertex 7.63932 3.47919 81.5114
      vertex 9.58376 110 83.9779
      vertex 7.63932 110 81.5114
    endloop
  endfacet
  facet normal -0.785358 2.02736e-06 0.619042
    outer loop
      vertex 7.875 3.38157 81.8104
      vertex 9.58376 110 83.9779
      vertex 7.63932 3.47919 81.5114
    endloop
  endfacet
  facet normal -0.785293 -7.02276e-07 0.619124
    outer loop
      vertex 8.44454 2.94454 82.5328
      vertex 9.58376 110 83.9779
      vertex 7.875 3.38157 81.8104
    endloop
  endfacet
  facet normal -0.785333 4.11299e-07 0.619073
    outer loop
      vertex 8.88157 2.375 83.0872
      vertex 9.58376 110 83.9779
      vertex 8.44454 2.94454 82.5328
    endloop
  endfacet
  facet normal -0.785322 2.3095e-07 0.619087
    outer loop
      vertex 9.1563 1.71175 83.4357
      vertex 9.58376 110 83.9779
      vertex 8.88157 2.375 83.0872
    endloop
  endfacet
  facet normal -0.785347 -3.07151e-05 0.619056
    outer loop
      vertex 9.58376 0 83.9779
      vertex 9.1563 1.71175 83.4357
      vertex 9.207 1.32663 83.5
    endloop
  endfacet
  facet normal -0.785306 0 0.619108
    outer loop
      vertex 9.58376 0 83.9779
      vertex 9.207 1.32663 83.5
      vertex 9.207 0.67337 83.5
    endloop
  endfacet
  facet normal -0.7853 0 0.619115
    outer loop
      vertex 9.1563 1.71175 83.4357
      vertex 9.58376 0 83.9779
      vertex 9.58376 110 83.9779
    endloop
  endfacet
  facet normal -0.785297 1.334e-05 0.61912
    outer loop
      vertex 9.1563 0.288248 83.4357
      vertex 9.58376 0 83.9779
      vertex 9.207 0.67337 83.5
    endloop
  endfacet
  facet normal -0.785322 -8.44793e-05 0.619088
    outer loop
      vertex 9.58376 0 83.9779
      vertex 9.1563 0.288248 83.4357
      vertex 9.0369 0 83.2842
    endloop
  endfacet
  facet normal -0.785282 0 0.619138
    outer loop
      vertex 7.63932 0 81.5114
      vertex 7.84234 1.775 81.7689
      vertex 7.63932 2.03958 81.5114
    endloop
  endfacet
  facet normal -0.785413 3.90546e-05 0.618972
    outer loop
      vertex 7.84234 1.775 81.7689
      vertex 7.63932 0 81.5114
      vertex 7.99718 1.40117 81.9654
    endloop
  endfacet
  facet normal -0.785339 -1.04139e-05 0.619066
    outer loop
      vertex 7.99718 1.40117 81.9654
      vertex 7.63932 0 81.5114
      vertex 8.05 1 82.0324
    endloop
  endfacet
  facet normal -0.785368 2.02413e-05 0.61903
    outer loop
      vertex 8.05 1 82.0324
      vertex 7.63932 0 81.5114
      vertex 7.99718 0.598831 81.9654
    endloop
  endfacet
  facet normal -0.78514 -0.000333823 0.619318
    outer loop
      vertex 7.99718 0.598831 81.9654
      vertex 7.63932 0 81.5114
      vertex 7.84234 0.225 81.7689
    endloop
  endfacet
  facet normal -0.785128 -0.000362994 0.619333
    outer loop
      vertex 7.84234 0.225 81.7689
      vertex 7.63932 0 81.5114
      vertex 7.66969 0 81.5499
    endloop
  endfacet
  facet normal 0 0 -1
    outer loop
      vertex 13.9887 91.7347 0
      vertex 11.0113 91.7347 0
      vertex 13.9887 95.2653 0
    endloop
  endfacet
  facet normal 0 0 -1
    outer loop
      vertex 13.9887 95.2653 0
      vertex 11.1888 95.6137 0
      vertex 11.25 96 0
    endloop
  endfacet
  facet normal 0 0 -1
    outer loop
      vertex 11.0113 95.2653 0
      vertex 13.9887 95.2653 0
      vertex 11.0113 91.7347 0
    endloop
  endfacet
  facet normal 0 0 -1
    outer loop
      vertex 13.9887 95.2653 0
      vertex 11.0113 95.2653 0
      vertex 11.1888 95.6137 0
    endloop
  endfacet
  facet normal 0 0 -1
    outer loop
      vertex 10.7347 92.0113 0
      vertex 11.0113 95.2653 0
      vertex 11.0113 91.7347 0
    endloop
  endfacet
  facet normal 0 0 -1
    outer loop
      vertex 10.7347 92.0113 0
      vertex 10.7347 94.9887 0
      vertex 11.0113 95.2653 0
    endloop
  endfacet
  facet normal 0 0 -1
    outer loop
      vertex 10.3863 92.1888 0
      vertex 10.7347 94.9887 0
      vertex 10.7347 92.0113 0
    endloop
  endfacet
  facet normal 0 0 -1
    outer loop
      vertex 10.3863 92.1888 0
      vertex 10.3863 94.8112 0
      vertex 10.7347 94.9887 0
    endloop
  endfacet
  facet normal 0 0 -1
    outer loop
      vertex 10 92.25 0
      vertex 10.3863 94.8112 0
      vertex 10.3863 92.1888 0
    endloop
  endfacet
  facet normal 0 0 -1
    outer loop
      vertex 10 92.25 0
      vertex 10 94.75 0
      vertex 10.3863 94.8112 0
    endloop
  endfacet
  facet normal 0 0 -1
    outer loop
      vertex 9.61373 92.1888 0
      vertex 10 94.75 0
      vertex 10 92.25 0
    endloop
  endfacet
  facet normal 0 0 -1
    outer loop
      vertex 9.61373 92.1888 0
      vertex 9.61373 94.8112 0
      vertex 10 94.75 0
    endloop
  endfacet
  facet normal 0 0 -1
    outer loop
      vertex 9.26527 92.0113 0
      vertex 9.61373 94.8112 0
      vertex 9.61373 92.1888 0
    endloop
  endfacet
  facet normal 0 0 -1
    outer loop
      vertex 9.26527 92.0113 0
      vertex 9.26527 94.9887 0
      vertex 9.61373 94.8112 0
    endloop
  endfacet
  facet normal 0 0 -1
    outer loop
      vertex 8.98873 91.7347 0
      vertex 9.26527 94.9887 0
      vertex 9.26527 92.0113 0
    endloop
  endfacet
  facet normal 0 0 -1
    outer loop
      vertex 8.98873 91.7347 0
      vertex 8.98873 95.2653 0
      vertex 9.26527 94.9887 0
    endloop
  endfacet
  facet normal 0 0 -1
    outer loop
      vertex 8.81118 91.3863 0
      vertex 8.98873 95.2653 0
      vertex 8.98873 91.7347 0
    endloop
  endfacet
  facet normal 0 0 -1
    outer loop
      vertex 8.81118 91.3863 0
      vertex 8.81118 95.6137 0
      vertex 8.98873 95.2653 0
    endloop
  endfacet
  facet normal 0 0 -1
    outer loop
      vertex 8.75 91 0
      vertex 8.81118 95.6137 0
      vertex 8.81118 91.3863 0
    endloop
  endfacet
  facet normal -0 0 -1
    outer loop
      vertex 8.81118 95.6137 0
      vertex 8.75 91 0
      vertex 8.75 96 0
    endloop
  endfacet
  facet normal 0 0 -1
    outer loop
      vertex 13.9887 86.7347 0
      vertex 11.0113 86.7347 0
      vertex 13.9887 90.2653 0
    endloop
  endfacet
  facet normal 0 0 -1
    outer loop
      vertex 13.9887 90.2653 0
      vertex 11.1888 90.6137 0
      vertex 11.25 91 0
    endloop
  endfacet
  facet normal 0 0 -1
    outer loop
      vertex 11.0113 90.2653 0
      vertex 13.9887 90.2653 0
      vertex 11.0113 86.7347 0
    endloop
  endfacet
  facet normal 0 0 -1
    outer loop
      vertex 13.9887 90.2653 0
      vertex 11.0113 90.2653 0
      vertex 11.1888 90.6137 0
    endloop
  endfacet
  facet normal 0 0 -1
    outer loop
      vertex 10.7347 87.0113 0
      vertex 11.0113 90.2653 0
      vertex 11.0113 86.7347 0
    endloop
  endfacet
  facet normal 0 0 -1
    outer loop
      vertex 10.7347 87.0113 0
      vertex 10.7347 89.9887 0
      vertex 11.0113 90.2653 0
    endloop
  endfacet
  facet normal 0 0 -1
    outer loop
      vertex 10.3863 87.1888 0
      vertex 10.7347 89.9887 0
      vertex 10.7347 87.0113 0
    endloop
  endfacet
  facet normal 0 0 -1
    outer loop
      vertex 10.3863 87.1888 0
      vertex 10.3863 89.8112 0
      vertex 10.7347 89.9887 0
    endloop
  endfacet
  facet normal 0 0 -1
    outer loop
      vertex 10 87.25 0
      vertex 10.3863 89.8112 0
      vertex 10.3863 87.1888 0
    endloop
  endfacet
  facet normal 0 0 -1
    outer loop
      vertex 10 87.25 0
      vertex 10 89.75 0
      vertex 10.3863 89.8112 0
    endloop
  endfacet
  facet normal 0 0 -1
    outer loop
      vertex 9.61373 87.1888 0
      vertex 10 89.75 0
      vertex 10 87.25 0
    endloop
  endfacet
  facet normal 0 0 -1
    outer loop
      vertex 9.61373 87.1888 0
      vertex 9.61373 89.8112 0
      vertex 10 89.75 0
    endloop
  endfacet
  facet normal 0 0 -1
    outer loop
      vertex 9.26527 87.0113 0
      vertex 9.61373 89.8112 0
      vertex 9.61373 87.1888 0
    endloop
  endfacet
  facet normal 0 0 -1
    outer loop
      vertex 9.26527 87.0113 0
      vertex 9.26527 89.9887 0
      vertex 9.61373 89.8112 0
    endloop
  endfacet
  facet normal 0 0 -1
    outer loop
      vertex 8.98873 86.7347 0
      vertex 9.26527 89.9887 0
      vertex 9.26527 87.0113 0
    endloop
  endfacet
  facet normal 0 0 -1
    outer loop
      vertex 8.98873 86.7347 0
      vertex 8.98873 90.2653 0
      vertex 9.26527 89.9887 0
    endloop
  endfacet
  facet normal 0 0 -1
    outer loop
      vertex 8.81118 86.3863 0
      vertex 8.98873 90.2653 0
      vertex 8.98873 86.7347 0
    endloop
  endfacet
  facet normal 0 0 -1
    outer loop
      vertex 8.81118 86.3863 0
      vertex 8.81118 90.6137 0
      vertex 8.98873 90.2653 0
    endloop
  endfacet
  facet normal 0 0 -1
    outer loop
      vertex 8.75 86 0
      vertex 8.81118 90.6137 0
      vertex 8.81118 86.3863 0
    endloop
  endfacet
  facet normal -0 0 -1
    outer loop
      vertex 8.81118 90.6137 0
      vertex 8.75 86 0
      vertex 8.75 91 0
    endloop
  endfacet
  facet normal 0 0 -1
    outer loop
      vertex 18.9887 91.7347 0
      vertex 16.0113 91.7347 0
      vertex 18.9887 95.2653 0
    endloop
  endfacet
  facet normal 0 0 -1
    outer loop
      vertex 18.9887 95.2653 0
      vertex 16.1888 95.6137 0
      vertex 16.25 96 0
    endloop
  endfacet
  facet normal 0 0 -1
    outer loop
      vertex 16.0113 95.2653 0
      vertex 18.9887 95.2653 0
      vertex 16.0113 91.7347 0
    endloop
  endfacet
  facet normal 0 0 -1
    outer loop
      vertex 18.9887 95.2653 0
      vertex 16.0113 95.2653 0
      vertex 16.1888 95.6137 0
    endloop
  endfacet
  facet normal 0 0 -1
    outer loop
      vertex 15.7347 92.0113 0
      vertex 16.0113 95.2653 0
      vertex 16.0113 91.7347 0
    endloop
  endfacet
  facet normal 0 0 -1
    outer loop
      vertex 15.7347 92.0113 0
      vertex 15.7347 94.9887 0
      vertex 16.0113 95.2653 0
    endloop
  endfacet
  facet normal 0 0 -1
    outer loop
      vertex 15.3863 92.1888 0
      vertex 15.7347 94.9887 0
      vertex 15.7347 92.0113 0
    endloop
  endfacet
  facet normal 0 0 -1
    outer loop
      vertex 15.3863 92.1888 0
      vertex 15.3863 94.8112 0
      vertex 15.7347 94.9887 0
    endloop
  endfacet
  facet normal 0 0 -1
    outer loop
      vertex 15 92.25 0
      vertex 15.3863 94.8112 0
      vertex 15.3863 92.1888 0
    endloop
  endfacet
  facet normal 0 0 -1
    outer loop
      vertex 15 92.25 0
      vertex 15 94.75 0
      vertex 15.3863 94.8112 0
    endloop
  endfacet
  facet normal 0 0 -1
    outer loop
      vertex 14.6137 92.1888 0
      vertex 15 94.75 0
      vertex 15 92.25 0
    endloop
  endfacet
  facet normal 0 0 -1
    outer loop
      vertex 14.6137 92.1888 0
      vertex 14.6137 94.8112 0
      vertex 15 94.75 0
    endloop
  endfacet
  facet normal 0 0 -1
    outer loop
      vertex 14.2653 92.0113 0
      vertex 14.6137 94.8112 0
      vertex 14.6137 92.1888 0
    endloop
  endfacet
  facet normal 0 0 -1
    outer loop
      vertex 14.2653 92.0113 0
      vertex 14.2653 94.9887 0
      vertex 14.6137 94.8112 0
    endloop
  endfacet
  facet normal 0 0 -1
    outer loop
      vertex 13.9887 91.7347 0
      vertex 14.2653 94.9887 0
      vertex 14.2653 92.0113 0
    endloop
  endfacet
  facet normal 0 0 -1
    outer loop
      vertex 13.9887 91.7347 0
      vertex 13.9887 95.2653 0
      vertex 14.2653 94.9887 0
    endloop
  endfacet
  facet normal 0 0 -1
    outer loop
      vertex 11.1888 91.3863 0
      vertex 13.8112 91.3863 0
      vertex 11.25 91 0
    endloop
  endfacet
  facet normal 0 0 -1
    outer loop
      vertex 13.8112 91.3863 0
      vertex 11.1888 91.3863 0
      vertex 13.9887 91.7347 0
    endloop
  endfacet
  facet normal 0 0 -1
    outer loop
      vertex 11.25 91 0
      vertex 13.8112 91.3863 0
      vertex 13.75 91 0
    endloop
  endfacet
  facet normal 0 0 -1
    outer loop
      vertex 11.0113 91.7347 0
      vertex 13.9887 91.7347 0
      vertex 11.1888 91.3863 0
    endloop
  endfacet
  facet normal 0 0 -1
    outer loop
      vertex 18.9887 86.7347 0
      vertex 16.0113 86.7347 0
      vertex 18.9887 90.2653 0
    endloop
  endfacet
  facet normal 0 0 -1
    outer loop
      vertex 18.9887 90.2653 0
      vertex 16.1888 90.6137 0
      vertex 16.25 91 0
    endloop
  endfacet
  facet normal 0 0 -1
    outer loop
      vertex 16.0113 90.2653 0
      vertex 18.9887 90.2653 0
      vertex 16.0113 86.7347 0
    endloop
  endfacet
  facet normal 0 0 -1
    outer loop
      vertex 18.9887 90.2653 0
      vertex 16.0113 90.2653 0
      vertex 16.1888 90.6137 0
    endloop
  endfacet
  facet normal 0 0 -1
    outer loop
      vertex 15.7347 87.0113 0
      vertex 16.0113 90.2653 0
      vertex 16.0113 86.7347 0
    endloop
  endfacet
  facet normal 0 0 -1
    outer loop
      vertex 15.7347 87.0113 0
      vertex 15.7347 89.9887 0
      vertex 16.0113 90.2653 0
    endloop
  endfacet
  facet normal 0 0 -1
    outer loop
      vertex 15.3863 87.1888 0
      vertex 15.7347 89.9887 0
      vertex 15.7347 87.0113 0
    endloop
  endfacet
  facet normal 0 0 -1
    outer loop
      vertex 15.3863 87.1888 0
      vertex 15.3863 89.8112 0
      vertex 15.7347 89.9887 0
    endloop
  endfacet
  facet normal 0 0 -1
    outer loop
      vertex 15 87.25 0
      vertex 15.3863 89.8112 0
      vertex 15.3863 87.1888 0
    endloop
  endfacet
  facet normal 0 0 -1
    outer loop
      vertex 15 87.25 0
      vertex 15 89.75 0
      vertex 15.3863 89.8112 0
    endloop
  endfacet
  facet normal 0 0 -1
    outer loop
      vertex 14.6137 87.1888 0
      vertex 15 89.75 0
      vertex 15 87.25 0
    endloop
  endfacet
  facet normal 0 0 -1
    outer loop
      vertex 14.6137 87.1888 0
      vertex 14.6137 89.8112 0
      vertex 15 89.75 0
    endloop
  endfacet
  facet normal 0 0 -1
    outer loop
      vertex 14.2653 87.0113 0
      vertex 14.6137 89.8112 0
      vertex 14.6137 87.1888 0
    endloop
  endfacet
  facet normal 0 0 -1
    outer loop
      vertex 14.2653 87.0113 0
      vertex 14.2653 89.9887 0
      vertex 14.6137 89.8112 0
    endloop
  endfacet
  facet normal 0 0 -1
    outer loop
      vertex 13.9887 86.7347 0
      vertex 14.2653 89.9887 0
      vertex 14.2653 87.0113 0
    endloop
  endfacet
  facet normal 0 0 -1
    outer loop
      vertex 13.9887 86.7347 0
      vertex 13.9887 90.2653 0
      vertex 14.2653 89.9887 0
    endloop
  endfacet
  facet normal 0 0 -1
    outer loop
      vertex 11.1888 86.3863 0
      vertex 13.8112 86.3863 0
      vertex 11.25 86 0
    endloop
  endfacet
  facet normal 0 0 -1
    outer loop
      vertex 13.8112 86.3863 0
      vertex 11.1888 86.3863 0
      vertex 13.9887 86.7347 0
    endloop
  endfacet
  facet normal 0 0 -1
    outer loop
      vertex 11.25 86 0
      vertex 13.8112 86.3863 0
      vertex 13.75 86 0
    endloop
  endfacet
  facet normal 0 0 -1
    outer loop
      vertex 11.0113 86.7347 0
      vertex 13.9887 86.7347 0
      vertex 11.1888 86.3863 0
    endloop
  endfacet
  facet normal 0 0 -1
    outer loop
      vertex 23.9887 91.7347 0
      vertex 21.0113 91.7347 0
      vertex 23.9887 95.2653 0
    endloop
  endfacet
  facet normal 0 0 -1
    outer loop
      vertex 23.9887 95.2653 0
      vertex 21.1888 95.6137 0
      vertex 21.25 96 0
    endloop
  endfacet
  facet normal 0 0 -1
    outer loop
      vertex 21.0113 95.2653 0
      vertex 23.9887 95.2653 0
      vertex 21.0113 91.7347 0
    endloop
  endfacet
  facet normal 0 0 -1
    outer loop
      vertex 23.9887 95.2653 0
      vertex 21.0113 95.2653 0
      vertex 21.1888 95.6137 0
    endloop
  endfacet
  facet normal 0 0 -1
    outer loop
      vertex 20.7347 92.0113 0
      vertex 21.0113 95.2653 0
      vertex 21.0113 91.7347 0
    endloop
  endfacet
  facet normal 0 0 -1
    outer loop
      vertex 20.7347 92.0113 0
      vertex 20.7347 94.9887 0
      vertex 21.0113 95.2653 0
    endloop
  endfacet
  facet normal 0 0 -1
    outer loop
      vertex 20.3863 92.1888 0
      vertex 20.7347 94.9887 0
      vertex 20.7347 92.0113 0
    endloop
  endfacet
  facet normal 0 0 -1
    outer loop
      vertex 20.3863 92.1888 0
      vertex 20.3863 94.8112 0
      vertex 20.7347 94.9887 0
    endloop
  endfacet
  facet normal 0 0 -1
    outer loop
      vertex 20 92.25 0
      vertex 20.3863 94.8112 0
      vertex 20.3863 92.1888 0
    endloop
  endfacet
  facet normal 0 0 -1
    outer loop
      vertex 20 92.25 0
      vertex 20 94.75 0
      vertex 20.3863 94.8112 0
    endloop
  endfacet
  facet normal 0 0 -1
    outer loop
      vertex 19.6137 92.1888 0
      vertex 20 94.75 0
      vertex 20 92.25 0
    endloop
  endfacet
  facet normal 0 0 -1
    outer loop
      vertex 19.6137 92.1888 0
      vertex 19.6137 94.8112 0
      vertex 20 94.75 0
    endloop
  endfacet
  facet normal 0 0 -1
    outer loop
      vertex 19.2653 92.0113 0
      vertex 19.6137 94.8112 0
      vertex 19.6137 92.1888 0
    endloop
  endfacet
  facet normal 0 0 -1
    outer loop
      vertex 19.2653 92.0113 0
      vertex 19.2653 94.9887 0
      vertex 19.6137 94.8112 0
    endloop
  endfacet
  facet normal 0 0 -1
    outer loop
      vertex 18.9887 91.7347 0
      vertex 19.2653 94.9887 0
      vertex 19.2653 92.0113 0
    endloop
  endfacet
  facet normal 0 0 -1
    outer loop
      vertex 18.9887 91.7347 0
      vertex 18.9887 95.2653 0
      vertex 19.2653 94.9887 0
    endloop
  endfacet
  facet normal 0 0 -1
    outer loop
      vertex 16.1888 91.3863 0
      vertex 18.8112 91.3863 0
      vertex 16.25 91 0
    endloop
  endfacet
  facet normal 0 0 -1
    outer loop
      vertex 18.8112 91.3863 0
      vertex 16.1888 91.3863 0
      vertex 18.9887 91.7347 0
    endloop
  endfacet
  facet normal 0 0 -1
    outer loop
      vertex 16.25 91 0
      vertex 18.8112 91.3863 0
      vertex 18.75 91 0
    endloop
  endfacet
  facet normal 0 0 -1
    outer loop
      vertex 16.0113 91.7347 0
      vertex 18.9887 91.7347 0
      vertex 16.1888 91.3863 0
    endloop
  endfacet
  facet normal 0 0 -1
    outer loop
      vertex 23.9887 86.7347 0
      vertex 21.0113 86.7347 0
      vertex 23.9887 90.2653 0
    endloop
  endfacet
  facet normal 0 0 -1
    outer loop
      vertex 23.9887 90.2653 0
      vertex 21.1888 90.6137 0
      vertex 21.25 91 0
    endloop
  endfacet
  facet normal 0 0 -1
    outer loop
      vertex 21.0113 90.2653 0
      vertex 23.9887 90.2653 0
      vertex 21.0113 86.7347 0
    endloop
  endfacet
  facet normal 0 0 -1
    outer loop
      vertex 23.9887 90.2653 0
      vertex 21.0113 90.2653 0
      vertex 21.1888 90.6137 0
    endloop
  endfacet
  facet normal 0 0 -1
    outer loop
      vertex 20.7347 87.0113 0
      vertex 21.0113 90.2653 0
      vertex 21.0113 86.7347 0
    endloop
  endfacet
  facet normal 0 0 -1
    outer loop
      vertex 20.7347 87.0113 0
      vertex 20.7347 89.9887 0
      vertex 21.0113 90.2653 0
    endloop
  endfacet
  facet normal 0 0 -1
    outer loop
      vertex 20.3863 87.1888 0
      vertex 20.7347 89.9887 0
      vertex 20.7347 87.0113 0
    endloop
  endfacet
  facet normal 0 0 -1
    outer loop
      vertex 20.3863 87.1888 0
      vertex 20.3863 89.8112 0
      vertex 20.7347 89.9887 0
    endloop
  endfacet
  facet normal 0 0 -1
    outer loop
      vertex 20 87.25 0
      vertex 20.3863 89.8112 0
      vertex 20.3863 87.1888 0
    endloop
  endfacet
  facet normal 0 0 -1
    outer loop
      vertex 20 87.25 0
      vertex 20 89.75 0
      vertex 20.3863 89.8112 0
    endloop
  endfacet
  facet normal 0 0 -1
    outer loop
      vertex 19.6137 87.1888 0
      vertex 20 89.75 0
      vertex 20 87.25 0
    endloop
  endfacet
  facet normal 0 0 -1
    outer loop
      vertex 19.6137 87.1888 0
      vertex 19.6137 89.8112 0
      vertex 20 89.75 0
    endloop
  endfacet
  facet normal 0 0 -1
    outer loop
      vertex 19.2653 87.0113 0
      vertex 19.6137 89.8112 0
      vertex 19.6137 87.1888 0
    endloop
  endfacet
  facet normal 0 0 -1
    outer loop
      vertex 19.2653 87.0113 0
      vertex 19.2653 89.9887 0
      vertex 19.6137 89.8112 0
    endloop
  endfacet
  facet normal 0 0 -1
    outer loop
      vertex 18.9887 86.7347 0
      vertex 19.2653 89.9887 0
      vertex 19.2653 87.0113 0
    endloop
  endfacet
  facet normal 0 0 -1
    outer loop
      vertex 18.9887 86.7347 0
      vertex 18.9887 90.2653 0
      vertex 19.2653 89.9887 0
    endloop
  endfacet
  facet normal 0 0 -1
    outer loop
      vertex 16.1888 86.3863 0
      vertex 18.8112 86.3863 0
      vertex 16.25 86 0
    endloop
  endfacet
  facet normal 0 0 -1
    outer loop
      vertex 18.8112 86.3863 0
      vertex 16.1888 86.3863 0
      vertex 18.9887 86.7347 0
    endloop
  endfacet
  facet normal 0 0 -1
    outer loop
      vertex 16.25 86 0
      vertex 18.8112 86.3863 0
      vertex 18.75 86 0
    endloop
  endfacet
  facet normal 0 0 -1
    outer loop
      vertex 16.0113 86.7347 0
      vertex 18.9887 86.7347 0
      vertex 16.1888 86.3863 0
    endloop
  endfacet
  facet normal 0 0 -1
    outer loop
      vertex 28.9887 91.7347 0
      vertex 26.0113 91.7347 0
      vertex 28.9887 95.2653 0
    endloop
  endfacet
  facet normal 0 0 -1
    outer loop
      vertex 28.9887 95.2653 0
      vertex 26.1888 95.6137 0
      vertex 26.25 96 0
    endloop
  endfacet
  facet normal 0 0 -1
    outer loop
      vertex 26.0113 95.2653 0
      vertex 28.9887 95.2653 0
      vertex 26.0113 91.7347 0
    endloop
  endfacet
  facet normal 0 0 -1
    outer loop
      vertex 28.9887 95.2653 0
      vertex 26.0113 95.2653 0
      vertex 26.1888 95.6137 0
    endloop
  endfacet
  facet normal 0 0 -1
    outer loop
      vertex 25.7347 92.0113 0
      vertex 26.0113 95.2653 0
      vertex 26.0113 91.7347 0
    endloop
  endfacet
  facet normal 0 0 -1
    outer loop
      vertex 25.7347 92.0113 0
      vertex 25.7347 94.9887 0
      vertex 26.0113 95.2653 0
    endloop
  endfacet
  facet normal 0 0 -1
    outer loop
      vertex 25.3863 92.1888 0
      vertex 25.7347 94.9887 0
      vertex 25.7347 92.0113 0
    endloop
  endfacet
  facet normal 0 0 -1
    outer loop
      vertex 25.3863 92.1888 0
      vertex 25.3863 94.8112 0
      vertex 25.7347 94.9887 0
    endloop
  endfacet
  facet normal 0 0 -1
    outer loop
      vertex 25 92.25 0
      vertex 25.3863 94.8112 0
      vertex 25.3863 92.1888 0
    endloop
  endfacet
  facet normal 0 0 -1
    outer loop
      vertex 25 92.25 0
      vertex 25 94.75 0
      vertex 25.3863 94.8112 0
    endloop
  endfacet
  facet normal 0 0 -1
    outer loop
      vertex 24.6137 92.1888 0
      vertex 25 94.75 0
      vertex 25 92.25 0
    endloop
  endfacet
  facet normal 0 0 -1
    outer loop
      vertex 24.6137 92.1888 0
      vertex 24.6137 94.8112 0
      vertex 25 94.75 0
    endloop
  endfacet
  facet normal 0 0 -1
    outer loop
      vertex 24.2653 92.0113 0
      vertex 24.6137 94.8112 0
      vertex 24.6137 92.1888 0
    endloop
  endfacet
  facet normal 0 0 -1
    outer loop
      vertex 24.2653 92.0113 0
      vertex 24.2653 94.9887 0
      vertex 24.6137 94.8112 0
    endloop
  endfacet
  facet normal 0 0 -1
    outer loop
      vertex 23.9887 91.7347 0
      vertex 24.2653 94.9887 0
      vertex 24.2653 92.0113 0
    endloop
  endfacet
  facet normal 0 0 -1
    outer loop
      vertex 23.9887 91.7347 0
      vertex 23.9887 95.2653 0
      vertex 24.2653 94.9887 0
    endloop
  endfacet
  facet normal 0 0 -1
    outer loop
      vertex 21.1888 91.3863 0
      vertex 23.8112 91.3863 0
      vertex 21.25 91 0
    endloop
  endfacet
  facet normal 0 0 -1
    outer loop
      vertex 23.8112 91.3863 0
      vertex 21.1888 91.3863 0
      vertex 23.9887 91.7347 0
    endloop
  endfacet
  facet normal 0 0 -1
    outer loop
      vertex 21.25 91 0
      vertex 23.8112 91.3863 0
      vertex 23.75 91 0
    endloop
  endfacet
  facet normal 0 0 -1
    outer loop
      vertex 21.0113 91.7347 0
      vertex 23.9887 91.7347 0
      vertex 21.1888 91.3863 0
    endloop
  endfacet
  facet normal 0 0 -1
    outer loop
      vertex 28.9887 86.7347 0
      vertex 26.0113 86.7347 0
      vertex 28.9887 90.2653 0
    endloop
  endfacet
  facet normal 0 0 -1
    outer loop
      vertex 28.9887 90.2653 0
      vertex 26.1888 90.6137 0
      vertex 26.25 91 0
    endloop
  endfacet
  facet normal 0 0 -1
    outer loop
      vertex 26.0113 90.2653 0
      vertex 28.9887 90.2653 0
      vertex 26.0113 86.7347 0
    endloop
  endfacet
  facet normal 0 0 -1
    outer loop
      vertex 28.9887 90.2653 0
      vertex 26.0113 90.2653 0
      vertex 26.1888 90.6137 0
    endloop
  endfacet
  facet normal 0 0 -1
    outer loop
      vertex 25.7347 87.0113 0
      vertex 26.0113 90.2653 0
      vertex 26.0113 86.7347 0
    endloop
  endfacet
  facet normal 0 0 -1
    outer loop
      vertex 25.7347 87.0113 0
      vertex 25.7347 89.9887 0
      vertex 26.0113 90.2653 0
    endloop
  endfacet
  facet normal 0 0 -1
    outer loop
      vertex 25.3863 87.1888 0
      vertex 25.7347 89.9887 0
      vertex 25.7347 87.0113 0
    endloop
  endfacet
  facet normal 0 0 -1
    outer loop
      vertex 25.3863 87.1888 0
      vertex 25.3863 89.8112 0
      vertex 25.7347 89.9887 0
    endloop
  endfacet
  facet normal 0 0 -1
    outer loop
      vertex 25 87.25 0
      vertex 25.3863 89.8112 0
      vertex 25.3863 87.1888 0
    endloop
  endfacet
  facet normal 0 0 -1
    outer loop
      vertex 25 87.25 0
      vertex 25 89.75 0
      vertex 25.3863 89.8112 0
    endloop
  endfacet
  facet normal 0 0 -1
    outer loop
      vertex 24.6137 87.1888 0
      vertex 25 89.75 0
      vertex 25 87.25 0
    endloop
  endfacet
  facet normal 0 0 -1
    outer loop
      vertex 24.6137 87.1888 0
      vertex 24.6137 89.8112 0
      vertex 25 89.75 0
    endloop
  endfacet
  facet normal 0 0 -1
    outer loop
      vertex 24.2653 87.0113 0
      vertex 24.6137 89.8112 0
      vertex 24.6137 87.1888 0
    endloop
  endfacet
  facet normal 0 0 -1
    outer loop
      vertex 24.2653 87.0113 0
      vertex 24.2653 89.9887 0
      vertex 24.6137 89.8112 0
    endloop
  endfacet
  facet normal 0 0 -1
    outer loop
      vertex 23.9887 86.7347 0
      vertex 24.2653 89.9887 0
      vertex 24.2653 87.0113 0
    endloop
  endfacet
  facet normal 0 0 -1
    outer loop
      vertex 23.9887 86.7347 0
      vertex 23.9887 90.2653 0
      vertex 24.2653 89.9887 0
    endloop
  endfacet
  facet normal 0 0 -1
    outer loop
      vertex 21.1888 86.3863 0
      vertex 23.8112 86.3863 0
      vertex 21.25 86 0
    endloop
  endfacet
  facet normal 0 0 -1
    outer loop
      vertex 23.8112 86.3863 0
      vertex 21.1888 86.3863 0
      vertex 23.9887 86.7347 0
    endloop
  endfacet
  facet normal 0 0 -1
    outer loop
      vertex 21.25 86 0
      vertex 23.8112 86.3863 0
      vertex 23.75 86 0
    endloop
  endfacet
  facet normal 0 0 -1
    outer loop
      vertex 21.0113 86.7347 0
      vertex 23.9887 86.7347 0
      vertex 21.1888 86.3863 0
    endloop
  endfacet
  facet normal 0 0 -1
    outer loop
      vertex 31.1888 91.3863 0
      vertex 31.25 96 0
      vertex 31.25 91 0
    endloop
  endfacet
  facet normal 0 0 -1
    outer loop
      vertex 31.1888 91.3863 0
      vertex 31.1888 95.6137 0
      vertex 31.25 96 0
    endloop
  endfacet
  facet normal 0 0 -1
    outer loop
      vertex 31.0113 91.7347 0
      vertex 31.1888 95.6137 0
      vertex 31.1888 91.3863 0
    endloop
  endfacet
  facet normal 0 0 -1
    outer loop
      vertex 31.0113 91.7347 0
      vertex 31.0113 95.2653 0
      vertex 31.1888 95.6137 0
    endloop
  endfacet
  facet normal 0 0 -1
    outer loop
      vertex 30.7347 92.0113 0
      vertex 31.0113 95.2653 0
      vertex 31.0113 91.7347 0
    endloop
  endfacet
  facet normal 0 0 -1
    outer loop
      vertex 30.7347 92.0113 0
      vertex 30.7347 94.9887 0
      vertex 31.0113 95.2653 0
    endloop
  endfacet
  facet normal 0 0 -1
    outer loop
      vertex 30.3863 92.1888 0
      vertex 30.7347 94.9887 0
      vertex 30.7347 92.0113 0
    endloop
  endfacet
  facet normal 0 0 -1
    outer loop
      vertex 30.3863 92.1888 0
      vertex 30.3863 94.8112 0
      vertex 30.7347 94.9887 0
    endloop
  endfacet
  facet normal 0 0 -1
    outer loop
      vertex 30 92.25 0
      vertex 30.3863 94.8112 0
      vertex 30.3863 92.1888 0
    endloop
  endfacet
  facet normal 0 0 -1
    outer loop
      vertex 30 92.25 0
      vertex 30 94.75 0
      vertex 30.3863 94.8112 0
    endloop
  endfacet
  facet normal 0 0 -1
    outer loop
      vertex 29.6137 92.1888 0
      vertex 30 94.75 0
      vertex 30 92.25 0
    endloop
  endfacet
  facet normal 0 0 -1
    outer loop
      vertex 29.6137 92.1888 0
      vertex 29.6137 94.8112 0
      vertex 30 94.75 0
    endloop
  endfacet
  facet normal 0 0 -1
    outer loop
      vertex 29.2653 92.0113 0
      vertex 29.6137 94.8112 0
      vertex 29.6137 92.1888 0
    endloop
  endfacet
  facet normal 0 0 -1
    outer loop
      vertex 29.2653 92.0113 0
      vertex 29.2653 94.9887 0
      vertex 29.6137 94.8112 0
    endloop
  endfacet
  facet normal 0 0 -1
    outer loop
      vertex 28.9887 91.7347 0
      vertex 29.2653 94.9887 0
      vertex 29.2653 92.0113 0
    endloop
  endfacet
  facet normal 0 0 -1
    outer loop
      vertex 28.9887 91.7347 0
      vertex 28.9887 95.2653 0
      vertex 29.2653 94.9887 0
    endloop
  endfacet
  facet normal 0 0 -1
    outer loop
      vertex 26.1888 91.3863 0
      vertex 28.8112 91.3863 0
      vertex 26.25 91 0
    endloop
  endfacet
  facet normal 0 0 -1
    outer loop
      vertex 28.8112 91.3863 0
      vertex 26.1888 91.3863 0
      vertex 28.9887 91.7347 0
    endloop
  endfacet
  facet normal 0 0 -1
    outer loop
      vertex 26.25 91 0
      vertex 28.8112 91.3863 0
      vertex 28.75 91 0
    endloop
  endfacet
  facet normal 0 0 -1
    outer loop
      vertex 26.0113 91.7347 0
      vertex 28.9887 91.7347 0
      vertex 26.1888 91.3863 0
    endloop
  endfacet
  facet normal 0 0 -1
    outer loop
      vertex 31.1888 86.3863 0
      vertex 31.25 91 0
      vertex 31.25 86 0
    endloop
  endfacet
  facet normal 0 0 -1
    outer loop
      vertex 31.1888 86.3863 0
      vertex 31.1888 90.6137 0
      vertex 31.25 91 0
    endloop
  endfacet
  facet normal 0 0 -1
    outer loop
      vertex 31.0113 86.7347 0
      vertex 31.1888 90.6137 0
      vertex 31.1888 86.3863 0
    endloop
  endfacet
  facet normal 0 0 -1
    outer loop
      vertex 31.0113 86.7347 0
      vertex 31.0113 90.2653 0
      vertex 31.1888 90.6137 0
    endloop
  endfacet
  facet normal 0 0 -1
    outer loop
      vertex 30.7347 87.0113 0
      vertex 31.0113 90.2653 0
      vertex 31.0113 86.7347 0
    endloop
  endfacet
  facet normal 0 0 -1
    outer loop
      vertex 30.7347 87.0113 0
      vertex 30.7347 89.9887 0
      vertex 31.0113 90.2653 0
    endloop
  endfacet
  facet normal 0 0 -1
    outer loop
      vertex 30.3863 87.1888 0
      vertex 30.7347 89.9887 0
      vertex 30.7347 87.0113 0
    endloop
  endfacet
  facet normal 0 0 -1
    outer loop
      vertex 30.3863 87.1888 0
      vertex 30.3863 89.8112 0
      vertex 30.7347 89.9887 0
    endloop
  endfacet
  facet normal 0 0 -1
    outer loop
      vertex 30 87.25 0
      vertex 30.3863 89.8112 0
      vertex 30.3863 87.1888 0
    endloop
  endfacet
  facet normal 0 0 -1
    outer loop
      vertex 30 87.25 0
      vertex 30 89.75 0
      vertex 30.3863 89.8112 0
    endloop
  endfacet
  facet normal 0 0 -1
    outer loop
      vertex 29.6137 87.1888 0
      vertex 30 89.75 0
      vertex 30 87.25 0
    endloop
  endfacet
  facet normal 0 0 -1
    outer loop
      vertex 29.6137 87.1888 0
      vertex 29.6137 89.8112 0
      vertex 30 89.75 0
    endloop
  endfacet
  facet normal 0 0 -1
    outer loop
      vertex 29.2653 87.0113 0
      vertex 29.6137 89.8112 0
      vertex 29.6137 87.1888 0
    endloop
  endfacet
  facet normal 0 0 -1
    outer loop
      vertex 29.2653 87.0113 0
      vertex 29.2653 89.9887 0
      vertex 29.6137 89.8112 0
    endloop
  endfacet
  facet normal 0 0 -1
    outer loop
      vertex 28.9887 86.7347 0
      vertex 29.2653 89.9887 0
      vertex 29.2653 87.0113 0
    endloop
  endfacet
  facet normal 0 0 -1
    outer loop
      vertex 28.9887 86.7347 0
      vertex 28.9887 90.2653 0
      vertex 29.2653 89.9887 0
    endloop
  endfacet
  facet normal 0 0 -1
    outer loop
      vertex 26.1888 86.3863 0
      vertex 28.8112 86.3863 0
      vertex 26.25 86 0
    endloop
  endfacet
  facet normal 0 0 -1
    outer loop
      vertex 28.8112 86.3863 0
      vertex 26.1888 86.3863 0
      vertex 28.9887 86.7347 0
    endloop
  endfacet
  facet normal 0 0 -1
    outer loop
      vertex 26.25 86 0
      vertex 28.8112 86.3863 0
      vertex 28.75 86 0
    endloop
  endfacet
  facet normal 0 0 -1
    outer loop
      vertex 26.0113 86.7347 0
      vertex 28.9887 86.7347 0
      vertex 26.1888 86.3863 0
    endloop
  endfacet
  facet normal 0 0 -1
    outer loop
      vertex 31.0113 85.2653 0
      vertex 77 110 0
      vertex 77 0 0
    endloop
  endfacet
  facet normal 0 0 -1
    outer loop
      vertex 77 110 0
      vertex 31.1888 85.6137 0
      vertex 31.25 86 0
    endloop
  endfacet
  facet normal 0 0 -1
    outer loop
      vertex 77 110 0
      vertex 31.0113 85.2653 0
      vertex 31.1888 85.6137 0
    endloop
  endfacet
  facet normal 0 0 -1
    outer loop
      vertex 77 0 0
      vertex 30.7347 84.9887 0
      vertex 31.0113 85.2653 0
    endloop
  endfacet
  facet normal 0 0 -1
    outer loop
      vertex 77 0 0
      vertex 30.3863 84.8112 0
      vertex 30.7347 84.9887 0
    endloop
  endfacet
  facet normal 0 0 -1
    outer loop
      vertex 3 0 0
      vertex 30.3863 84.8112 0
      vertex 77 0 0
    endloop
  endfacet
  facet normal 0 0 -1
    outer loop
      vertex 30.3863 84.8112 0
      vertex 3 0 0
      vertex 30 84.75 0
    endloop
  endfacet
  facet normal 0 -0 -1
    outer loop
      vertex 25 84.75 0
      vertex 30 84.75 0
      vertex 3 0 0
    endloop
  endfacet
  facet normal 0 0 -1
    outer loop
      vertex 30 84.75 0
      vertex 25 84.75 0
      vertex 29.6137 84.8112 0
    endloop
  endfacet
  facet normal 0 0 -1
    outer loop
      vertex 28.8112 90.6137 0
      vertex 26.25 91 0
      vertex 28.75 91 0
    endloop
  endfacet
  facet normal 0 0 -1
    outer loop
      vertex 28.9887 90.2653 0
      vertex 26.25 91 0
      vertex 28.8112 90.6137 0
    endloop
  endfacet
  facet normal 0 0 -1
    outer loop
      vertex 28.8112 85.6137 0
      vertex 26.25 86 0
      vertex 28.75 86 0
    endloop
  endfacet
  facet normal 0 0 -1
    outer loop
      vertex 26.1888 85.6137 0
      vertex 28.8112 85.6137 0
      vertex 28.9887 85.2653 0
    endloop
  endfacet
  facet normal 0 -0 -1
    outer loop
      vertex 25.3863 84.8112 0
      vertex 29.6137 84.8112 0
      vertex 25 84.75 0
    endloop
  endfacet
  facet normal 0 0 -1
    outer loop
      vertex 28.8112 85.6137 0
      vertex 26.1888 85.6137 0
      vertex 26.25 86 0
    endloop
  endfacet
  facet normal 0 0 -1
    outer loop
      vertex 28.9887 85.2653 0
      vertex 26.0113 85.2653 0
      vertex 26.1888 85.6137 0
    endloop
  endfacet
  facet normal -0 0 -1
    outer loop
      vertex 28.9887 85.2653 0
      vertex 25.7347 84.9887 0
      vertex 26.0113 85.2653 0
    endloop
  endfacet
  facet normal 0 0 -1
    outer loop
      vertex 29.2653 84.9887 0
      vertex 25.7347 84.9887 0
      vertex 28.9887 85.2653 0
    endloop
  endfacet
  facet normal 0 -0 -1
    outer loop
      vertex 25.7347 84.9887 0
      vertex 29.2653 84.9887 0
      vertex 25.3863 84.8112 0
    endloop
  endfacet
  facet normal 0 0 -1
    outer loop
      vertex 29.6137 84.8112 0
      vertex 25.3863 84.8112 0
      vertex 29.2653 84.9887 0
    endloop
  endfacet
  facet normal 0 -0 -1
    outer loop
      vertex 20 84.75 0
      vertex 25 84.75 0
      vertex 3 0 0
    endloop
  endfacet
  facet normal 0 0 -1
    outer loop
      vertex 25 84.75 0
      vertex 20 84.75 0
      vertex 24.6137 84.8112 0
    endloop
  endfacet
  facet normal 0 0 -1
    outer loop
      vertex 23.8112 90.6137 0
      vertex 21.25 91 0
      vertex 23.75 91 0
    endloop
  endfacet
  facet normal 0 0 -1
    outer loop
      vertex 23.9887 90.2653 0
      vertex 21.25 91 0
      vertex 23.8112 90.6137 0
    endloop
  endfacet
  facet normal 0 0 -1
    outer loop
      vertex 23.8112 85.6137 0
      vertex 21.25 86 0
      vertex 23.75 86 0
    endloop
  endfacet
  facet normal 0 0 -1
    outer loop
      vertex 21.1888 85.6137 0
      vertex 23.8112 85.6137 0
      vertex 23.9887 85.2653 0
    endloop
  endfacet
  facet normal 0 -0 -1
    outer loop
      vertex 20.3863 84.8112 0
      vertex 24.6137 84.8112 0
      vertex 20 84.75 0
    endloop
  endfacet
  facet normal 0 0 -1
    outer loop
      vertex 23.8112 85.6137 0
      vertex 21.1888 85.6137 0
      vertex 21.25 86 0
    endloop
  endfacet
  facet normal 0 0 -1
    outer loop
      vertex 23.9887 85.2653 0
      vertex 21.0113 85.2653 0
      vertex 21.1888 85.6137 0
    endloop
  endfacet
  facet normal -0 0 -1
    outer loop
      vertex 23.9887 85.2653 0
      vertex 20.7347 84.9887 0
      vertex 21.0113 85.2653 0
    endloop
  endfacet
  facet normal 0 0 -1
    outer loop
      vertex 24.2653 84.9887 0
      vertex 20.7347 84.9887 0
      vertex 23.9887 85.2653 0
    endloop
  endfacet
  facet normal 0 -0 -1
    outer loop
      vertex 20.7347 84.9887 0
      vertex 24.2653 84.9887 0
      vertex 20.3863 84.8112 0
    endloop
  endfacet
  facet normal 0 0 -1
    outer loop
      vertex 24.6137 84.8112 0
      vertex 20.3863 84.8112 0
      vertex 24.2653 84.9887 0
    endloop
  endfacet
  facet normal 0 -0 -1
    outer loop
      vertex 15 84.75 0
      vertex 20 84.75 0
      vertex 3 0 0
    endloop
  endfacet
  facet normal 0 0 -1
    outer loop
      vertex 20 84.75 0
      vertex 15 84.75 0
      vertex 19.6137 84.8112 0
    endloop
  endfacet
  facet normal 0 0 -1
    outer loop
      vertex 18.8112 90.6137 0
      vertex 16.25 91 0
      vertex 18.75 91 0
    endloop
  endfacet
  facet normal 0 0 -1
    outer loop
      vertex 18.9887 90.2653 0
      vertex 16.25 91 0
      vertex 18.8112 90.6137 0
    endloop
  endfacet
  facet normal 0 0 -1
    outer loop
      vertex 18.8112 85.6137 0
      vertex 16.25 86 0
      vertex 18.75 86 0
    endloop
  endfacet
  facet normal 0 0 -1
    outer loop
      vertex 16.1888 85.6137 0
      vertex 18.8112 85.6137 0
      vertex 18.9887 85.2653 0
    endloop
  endfacet
  facet normal 0 -0 -1
    outer loop
      vertex 15.3863 84.8112 0
      vertex 19.6137 84.8112 0
      vertex 15 84.75 0
    endloop
  endfacet
  facet normal 0 0 -1
    outer loop
      vertex 18.8112 85.6137 0
      vertex 16.1888 85.6137 0
      vertex 16.25 86 0
    endloop
  endfacet
  facet normal 0 0 -1
    outer loop
      vertex 18.9887 85.2653 0
      vertex 16.0113 85.2653 0
      vertex 16.1888 85.6137 0
    endloop
  endfacet
  facet normal -0 0 -1
    outer loop
      vertex 18.9887 85.2653 0
      vertex 15.7347 84.9887 0
      vertex 16.0113 85.2653 0
    endloop
  endfacet
  facet normal 0 0 -1
    outer loop
      vertex 19.2653 84.9887 0
      vertex 15.7347 84.9887 0
      vertex 18.9887 85.2653 0
    endloop
  endfacet
  facet normal 0 -0 -1
    outer loop
      vertex 15.7347 84.9887 0
      vertex 19.2653 84.9887 0
      vertex 15.3863 84.8112 0
    endloop
  endfacet
  facet normal 0 0 -1
    outer loop
      vertex 19.6137 84.8112 0
      vertex 15.3863 84.8112 0
      vertex 19.2653 84.9887 0
    endloop
  endfacet
  facet normal 0 -0 -1
    outer loop
      vertex 10 84.75 0
      vertex 15 84.75 0
      vertex 3 0 0
    endloop
  endfacet
  facet normal 0 0 -1
    outer loop
      vertex 15 84.75 0
      vertex 10 84.75 0
      vertex 14.6137 84.8112 0
    endloop
  endfacet
  facet normal 0 0 -1
    outer loop
      vertex 13.8112 90.6137 0
      vertex 11.25 91 0
      vertex 13.75 91 0
    endloop
  endfacet
  facet normal 0 0 -1
    outer loop
      vertex 13.9887 90.2653 0
      vertex 11.25 91 0
      vertex 13.8112 90.6137 0
    endloop
  endfacet
  facet normal 0 0 -1
    outer loop
      vertex 13.8112 85.6137 0
      vertex 11.25 86 0
      vertex 13.75 86 0
    endloop
  endfacet
  facet normal 0 0 -1
    outer loop
      vertex 11.1888 85.6137 0
      vertex 13.8112 85.6137 0
      vertex 13.9887 85.2653 0
    endloop
  endfacet
  facet normal 0 -0 -1
    outer loop
      vertex 10.3863 84.8112 0
      vertex 14.6137 84.8112 0
      vertex 10 84.75 0
    endloop
  endfacet
  facet normal 0 0 -1
    outer loop
      vertex 13.8112 85.6137 0
      vertex 11.1888 85.6137 0
      vertex 11.25 86 0
    endloop
  endfacet
  facet normal 0 0 -1
    outer loop
      vertex 13.9887 85.2653 0
      vertex 11.0113 85.2653 0
      vertex 11.1888 85.6137 0
    endloop
  endfacet
  facet normal -0 0 -1
    outer loop
      vertex 13.9887 85.2653 0
      vertex 10.7347 84.9887 0
      vertex 11.0113 85.2653 0
    endloop
  endfacet
  facet normal 0 -0 -1
    outer loop
      vertex 10.7347 84.9887 0
      vertex 14.2653 84.9887 0
      vertex 10.3863 84.8112 0
    endloop
  endfacet
  facet normal 0 0 -1
    outer loop
      vertex 14.2653 84.9887 0
      vertex 10.7347 84.9887 0
      vertex 13.9887 85.2653 0
    endloop
  endfacet
  facet normal 0 0 -1
    outer loop
      vertex 14.6137 84.8112 0
      vertex 10.3863 84.8112 0
      vertex 14.2653 84.9887 0
    endloop
  endfacet
  facet normal -0 0 -1
    outer loop
      vertex 10 84.75 0
      vertex 3 0 0
      vertex 9.61373 84.8112 0
    endloop
  endfacet
  facet normal -0 0 -1
    outer loop
      vertex 9.61373 84.8112 0
      vertex 3 0 0
      vertex 9.26527 84.9887 0
    endloop
  endfacet
  facet normal 0 0 -1
    outer loop
      vertex 3 110 0
      vertex 8.75 91 0
      vertex 8.75 86 0
    endloop
  endfacet
  facet normal 0 0 -1
    outer loop
      vertex 8.81118 85.6137 0
      vertex 3 110 0
      vertex 8.75 86 0
    endloop
  endfacet
  facet normal 0 0 -1
    outer loop
      vertex 3 110 0
      vertex 8.81118 85.6137 0
      vertex 3 0 0
    endloop
  endfacet
  facet normal -0 0 -1
    outer loop
      vertex 8.98873 85.2653 0
      vertex 3 0 0
      vertex 8.81118 85.6137 0
    endloop
  endfacet
  facet normal -0 0 -1
    outer loop
      vertex 9.26527 84.9887 0
      vertex 3 0 0
      vertex 8.98873 85.2653 0
    endloop
  endfacet
  facet normal 0 0 -1
    outer loop
      vertex 31.25 91 0
      vertex 77 110 0
      vertex 31.25 86 0
    endloop
  endfacet
  facet normal 0 0 -1
    outer loop
      vertex 31.25 96 0
      vertex 77 110 0
      vertex 31.25 91 0
    endloop
  endfacet
  facet normal 0 0 -1
    outer loop
      vertex 31.1888 96.3863 0
      vertex 77 110 0
      vertex 31.25 96 0
    endloop
  endfacet
  facet normal 0 0 -1
    outer loop
      vertex 31.0113 96.7347 0
      vertex 77 110 0
      vertex 31.1888 96.3863 0
    endloop
  endfacet
  facet normal 0 0 -1
    outer loop
      vertex 30.7347 97.0113 0
      vertex 77 110 0
      vertex 31.0113 96.7347 0
    endloop
  endfacet
  facet normal 0 0 -1
    outer loop
      vertex 30.3863 97.1888 0
      vertex 77 110 0
      vertex 30.7347 97.0113 0
    endloop
  endfacet
  facet normal 0 0 -1
    outer loop
      vertex 3 110 0
      vertex 30.3863 97.1888 0
      vertex 30 97.25 0
    endloop
  endfacet
  facet normal 0 0 -1
    outer loop
      vertex 25 97.25 0
      vertex 30 97.25 0
      vertex 29.6137 97.1888 0
    endloop
  endfacet
  facet normal 0 0 -1
    outer loop
      vertex 28.9887 95.2653 0
      vertex 26.25 96 0
      vertex 28.8112 95.6137 0
    endloop
  endfacet
  facet normal 0 0 -1
    outer loop
      vertex 28.8112 95.6137 0
      vertex 26.25 96 0
      vertex 28.75 96 0
    endloop
  endfacet
  facet normal 0 0 -1
    outer loop
      vertex 28.75 96 0
      vertex 26.25 96 0
      vertex 28.8112 96.3863 0
    endloop
  endfacet
  facet normal 0 0 -1
    outer loop
      vertex 26.1888 96.3863 0
      vertex 28.8112 96.3863 0
      vertex 26.25 96 0
    endloop
  endfacet
  facet normal 0 0 -1
    outer loop
      vertex 28.8112 96.3863 0
      vertex 26.1888 96.3863 0
      vertex 28.9887 96.7347 0
    endloop
  endfacet
  facet normal 0 0 -1
    outer loop
      vertex 26.0113 96.7347 0
      vertex 28.9887 96.7347 0
      vertex 26.1888 96.3863 0
    endloop
  endfacet
  facet normal 0 0 -1
    outer loop
      vertex 28.9887 96.7347 0
      vertex 26.0113 96.7347 0
      vertex 29.2653 97.0113 0
    endloop
  endfacet
  facet normal 0 0 -1
    outer loop
      vertex 25.7347 97.0113 0
      vertex 29.2653 97.0113 0
      vertex 26.0113 96.7347 0
    endloop
  endfacet
  facet normal 0 0 -1
    outer loop
      vertex 29.2653 97.0113 0
      vertex 25.7347 97.0113 0
      vertex 29.6137 97.1888 0
    endloop
  endfacet
  facet normal 0 0 -1
    outer loop
      vertex 25.3863 97.1888 0
      vertex 29.6137 97.1888 0
      vertex 25.7347 97.0113 0
    endloop
  endfacet
  facet normal 0 0 -1
    outer loop
      vertex 25 97.25 0
      vertex 29.6137 97.1888 0
      vertex 25.3863 97.1888 0
    endloop
  endfacet
  facet normal 0 0 -1
    outer loop
      vertex 30 97.25 0
      vertex 25 97.25 0
      vertex 3 110 0
    endloop
  endfacet
  facet normal 0 0 -1
    outer loop
      vertex 20 97.25 0
      vertex 25 97.25 0
      vertex 24.6137 97.1888 0
    endloop
  endfacet
  facet normal 0 0 -1
    outer loop
      vertex 23.9887 95.2653 0
      vertex 21.25 96 0
      vertex 23.8112 95.6137 0
    endloop
  endfacet
  facet normal 0 0 -1
    outer loop
      vertex 23.8112 95.6137 0
      vertex 21.25 96 0
      vertex 23.75 96 0
    endloop
  endfacet
  facet normal 0 0 -1
    outer loop
      vertex 23.75 96 0
      vertex 21.25 96 0
      vertex 23.8112 96.3863 0
    endloop
  endfacet
  facet normal 0 0 -1
    outer loop
      vertex 21.1888 96.3863 0
      vertex 23.8112 96.3863 0
      vertex 21.25 96 0
    endloop
  endfacet
  facet normal 0 0 -1
    outer loop
      vertex 23.8112 96.3863 0
      vertex 21.1888 96.3863 0
      vertex 23.9887 96.7347 0
    endloop
  endfacet
  facet normal 0 0 -1
    outer loop
      vertex 21.0113 96.7347 0
      vertex 23.9887 96.7347 0
      vertex 21.1888 96.3863 0
    endloop
  endfacet
  facet normal 0 0 -1
    outer loop
      vertex 23.9887 96.7347 0
      vertex 21.0113 96.7347 0
      vertex 24.2653 97.0113 0
    endloop
  endfacet
  facet normal 0 0 -1
    outer loop
      vertex 20.7347 97.0113 0
      vertex 24.2653 97.0113 0
      vertex 21.0113 96.7347 0
    endloop
  endfacet
  facet normal 0 0 -1
    outer loop
      vertex 24.2653 97.0113 0
      vertex 20.7347 97.0113 0
      vertex 24.6137 97.1888 0
    endloop
  endfacet
  facet normal 0 0 -1
    outer loop
      vertex 20.3863 97.1888 0
      vertex 24.6137 97.1888 0
      vertex 20.7347 97.0113 0
    endloop
  endfacet
  facet normal 0 0 -1
    outer loop
      vertex 20 97.25 0
      vertex 24.6137 97.1888 0
      vertex 20.3863 97.1888 0
    endloop
  endfacet
  facet normal 0 0 -1
    outer loop
      vertex 25 97.25 0
      vertex 20 97.25 0
      vertex 3 110 0
    endloop
  endfacet
  facet normal 0 0 -1
    outer loop
      vertex 3 110 0
      vertex 20 97.25 0
      vertex 19.6137 97.1888 0
    endloop
  endfacet
  facet normal 0 0 -1
    outer loop
      vertex 18.9887 95.2653 0
      vertex 16.25 96 0
      vertex 18.8112 95.6137 0
    endloop
  endfacet
  facet normal 0 0 -1
    outer loop
      vertex 18.8112 95.6137 0
      vertex 16.25 96 0
      vertex 18.75 96 0
    endloop
  endfacet
  facet normal 0 0 -1
    outer loop
      vertex 18.75 96 0
      vertex 16.25 96 0
      vertex 18.8112 96.3863 0
    endloop
  endfacet
  facet normal 0 0 -1
    outer loop
      vertex 16.1888 96.3863 0
      vertex 18.8112 96.3863 0
      vertex 16.25 96 0
    endloop
  endfacet
  facet normal 0 0 -1
    outer loop
      vertex 18.8112 96.3863 0
      vertex 16.1888 96.3863 0
      vertex 18.9887 96.7347 0
    endloop
  endfacet
  facet normal 0 0 -1
    outer loop
      vertex 16.0113 96.7347 0
      vertex 18.9887 96.7347 0
      vertex 16.1888 96.3863 0
    endloop
  endfacet
  facet normal 0 0 -1
    outer loop
      vertex 18.9887 96.7347 0
      vertex 16.0113 96.7347 0
      vertex 19.2653 97.0113 0
    endloop
  endfacet
  facet normal 0 0 -1
    outer loop
      vertex 15.7347 97.0113 0
      vertex 19.2653 97.0113 0
      vertex 16.0113 96.7347 0
    endloop
  endfacet
  facet normal 0 0 -1
    outer loop
      vertex 19.2653 97.0113 0
      vertex 15.7347 97.0113 0
      vertex 19.6137 97.1888 0
    endloop
  endfacet
  facet normal 0 0 -1
    outer loop
      vertex 15.3863 97.1888 0
      vertex 19.6137 97.1888 0
      vertex 15.7347 97.0113 0
    endloop
  endfacet
  facet normal 0 0 -1
    outer loop
      vertex 19.6137 97.1888 0
      vertex 15.3863 97.1888 0
      vertex 3 110 0
    endloop
  endfacet
  facet normal 0 0 -1
    outer loop
      vertex 3 110 0
      vertex 15.3863 97.1888 0
      vertex 15 97.25 0
    endloop
  endfacet
  facet normal 0 0 -1
    outer loop
      vertex 3 110 0
      vertex 15 97.25 0
      vertex 14.6137 97.1888 0
    endloop
  endfacet
  facet normal 0 0 -1
    outer loop
      vertex 13.9887 95.2653 0
      vertex 11.25 96 0
      vertex 13.8112 95.6137 0
    endloop
  endfacet
  facet normal 0 0 -1
    outer loop
      vertex 13.8112 95.6137 0
      vertex 11.25 96 0
      vertex 13.75 96 0
    endloop
  endfacet
  facet normal 0 0 -1
    outer loop
      vertex 13.75 96 0
      vertex 11.25 96 0
      vertex 13.8112 96.3863 0
    endloop
  endfacet
  facet normal 0 0 -1
    outer loop
      vertex 11.1888 96.3863 0
      vertex 13.8112 96.3863 0
      vertex 11.25 96 0
    endloop
  endfacet
  facet normal 0 0 -1
    outer loop
      vertex 13.8112 96.3863 0
      vertex 11.1888 96.3863 0
      vertex 13.9887 96.7347 0
    endloop
  endfacet
  facet normal 0 0 -1
    outer loop
      vertex 11.0113 96.7347 0
      vertex 13.9887 96.7347 0
      vertex 11.1888 96.3863 0
    endloop
  endfacet
  facet normal 0 0 -1
    outer loop
      vertex 13.9887 96.7347 0
      vertex 11.0113 96.7347 0
      vertex 14.2653 97.0113 0
    endloop
  endfacet
  facet normal 0 0 -1
    outer loop
      vertex 10.7347 97.0113 0
      vertex 14.2653 97.0113 0
      vertex 11.0113 96.7347 0
    endloop
  endfacet
  facet normal 0 0 -1
    outer loop
      vertex 14.2653 97.0113 0
      vertex 10.7347 97.0113 0
      vertex 14.6137 97.1888 0
    endloop
  endfacet
  facet normal 0 0 -1
    outer loop
      vertex 10.3863 97.1888 0
      vertex 14.6137 97.1888 0
      vertex 10.7347 97.0113 0
    endloop
  endfacet
  facet normal 0 0 -1
    outer loop
      vertex 14.6137 97.1888 0
      vertex 10.3863 97.1888 0
      vertex 3 110 0
    endloop
  endfacet
  facet normal 0 0 -1
    outer loop
      vertex 3 110 0
      vertex 10.3863 97.1888 0
      vertex 10 97.25 0
    endloop
  endfacet
  facet normal 0 0 -1
    outer loop
      vertex 3 110 0
      vertex 10 97.25 0
      vertex 9.61373 97.1888 0
    endloop
  endfacet
  facet normal 0 0 -1
    outer loop
      vertex 30.3863 97.1888 0
      vertex 3 110 0
      vertex 77 110 0
    endloop
  endfacet
  facet normal 0 0 -1
    outer loop
      vertex 9.26527 97.0113 0
      vertex 3 110 0
      vertex 9.61373 97.1888 0
    endloop
  endfacet
  facet normal 0 0 -1
    outer loop
      vertex 8.98873 96.7347 0
      vertex 3 110 0
      vertex 9.26527 97.0113 0
    endloop
  endfacet
  facet normal 0 0 -1
    outer loop
      vertex 8.81118 96.3863 0
      vertex 3 110 0
      vertex 8.98873 96.7347 0
    endloop
  endfacet
  facet normal 0 0 -1
    outer loop
      vertex 8.75 96 0
      vertex 3 110 0
      vertex 8.81118 96.3863 0
    endloop
  endfacet
  facet normal 0 0 -1
    outer loop
      vertex 8.75 91 0
      vertex 3 110 0
      vertex 8.75 96 0
    endloop
  endfacet
  facet normal 0.998628 2.23609e-05 -0.0523636
    outer loop
      vertex 79.8767 110 54.8616
      vertex 77.1993 108 3.8
      vertex 77 110 0
    endloop
  endfacet
  facet normal 0.998628 -7.63866e-07 -0.0523627
    outer loop
      vertex 79.8767 110 54.8616
      vertex 78 62 19.0711
      vertex 77.1993 108 3.8
    endloop
  endfacet
  facet normal 0.998628 1.68377e-06 -0.052366
    outer loop
      vertex 78.4053 54.75 26.8
      vertex 78 62 19.0711
      vertex 79.8767 110 54.8616
    endloop
  endfacet
  facet normal 0.998628 1.13762e-06 -0.0523668
    outer loop
      vertex 77.9 54.75 17.164
      vertex 78 60 19.0711
      vertex 78.4053 54.75 26.8
    endloop
  endfacet
  facet normal 0.998628 0 -0.0523676
    outer loop
      vertex 78 62 19.0711
      vertex 78.4053 54.75 26.8
      vertex 78 60 19.0711
    endloop
  endfacet
  facet normal 0.998628 0 -0.0523627
    outer loop
      vertex 79.8767 0 54.8616
      vertex 78.4053 54.75 26.8
      vertex 79.8767 110 54.8616
    endloop
  endfacet
  facet normal 0.998628 -1.13762e-06 -0.0523668
    outer loop
      vertex 78.4053 44.75 26.8
      vertex 78 39.5 19.0711
      vertex 77.9 44.75 17.164
    endloop
  endfacet
  facet normal 0.998628 0 -0.0523676
    outer loop
      vertex 78.4053 44.75 26.8
      vertex 78 37.5 19.0711
      vertex 78 39.5 19.0711
    endloop
  endfacet
  facet normal 0.998628 -5.83949e-07 -0.0523591
    outer loop
      vertex 78 37.5 19.0711
      vertex 77.1993 2 3.8
      vertex 77.3671 37.5 7
    endloop
  endfacet
  facet normal 0.998628 -1.93252e-06 -0.0523658
    outer loop
      vertex 79.8767 0 54.8616
      vertex 78 37.5 19.0711
      vertex 78.4053 44.75 26.8
    endloop
  endfacet
  facet normal 0.998628 -2.23609e-05 -0.0523636
    outer loop
      vertex 77 0 0
      vertex 77.1993 2 3.8
      vertex 79.8767 0 54.8616
    endloop
  endfacet
  facet normal 0.998628 9.86054e-07 -0.0523627
    outer loop
      vertex 78 37.5 19.0711
      vertex 79.8767 0 54.8616
      vertex 77.1993 2 3.8
    endloop
  endfacet
  facet normal 0.998628 0 -0.0523627
    outer loop
      vertex 78.4053 54.75 26.8
      vertex 79.8767 0 54.8616
      vertex 78.4053 44.75 26.8
    endloop
  endfacet
  facet normal 0.998628 5.54793e-06 -0.0523725
    outer loop
      vertex 77.1049 108 2
      vertex 77 110 0
      vertex 77.1993 108 3.8
    endloop
  endfacet
  facet normal 0.998627 0 -0.052378
    outer loop
      vertex 77.1049 2 2
      vertex 77 110 0
      vertex 77.1049 108 2
    endloop
  endfacet
  facet normal 0.998627 0 -0.052378
    outer loop
      vertex 77.1049 2 2
      vertex 77 0 0
      vertex 77 110 0
    endloop
  endfacet
  facet normal 0.998628 -5.54793e-06 -0.0523725
    outer loop
      vertex 77.1993 2 3.8
      vertex 77 0 0
      vertex 77.1049 2 2
    endloop
  endfacet
  facet normal 0.998628 4.50656e-07 -0.0523591
    outer loop
      vertex 77.3671 62 7
      vertex 77.1993 108 3.8
      vertex 78 62 19.0711
    endloop
  endfacet
  facet normal 0.998628 0 -0.0523656
    outer loop
      vertex 77.1993 2 3.8
      vertex 77.3671 62 7
      vertex 77.3671 37.5 7
    endloop
  endfacet
  facet normal 0.998628 0 -0.0523656
    outer loop
      vertex 77.3671 62 7
      vertex 77.1993 2 3.8
      vertex 77.1993 108 3.8
    endloop
  endfacet
  facet normal 0.998628 -8.04325e-08 -0.0523635
    outer loop
      vertex 78 60 19.0711
      vertex 77.9 54.75 17.164
      vertex 77.4457 60 8.5
    endloop
  endfacet
  facet normal 0.998628 0 -0.0523634
    outer loop
      vertex 77.9 44.75 17.164
      vertex 77.4457 60 8.5
      vertex 77.9 54.75 17.164
    endloop
  endfacet
  facet normal 0.998628 8.04325e-08 -0.0523635
    outer loop
      vertex 77.4457 39.5 8.5
      vertex 77.9 44.75 17.164
      vertex 78 39.5 19.0711
    endloop
  endfacet
  facet normal 0.998628 0 -0.0523634
    outer loop
      vertex 77.9 44.75 17.164
      vertex 77.4457 39.5 8.5
      vertex 77.4457 60 8.5
    endloop
  endfacet
  facet normal 0.678781 0 0.734341
    outer loop
      vertex 65.9779 110 88.4162
      vertex 68.2843 0 86.2843
      vertex 68.2843 110 86.2843
    endloop
  endfacet
  facet normal 0.678781 0 0.734341
    outer loop
      vertex 68.2843 0 86.2843
      vertex 65.9779 110 88.4162
      vertex 65.9779 0 88.4162
    endloop
  endfacet
  facet normal 0.999229 0 -0.0392572
    outer loop
      vertex 80 0 58
      vertex 79.8767 110 54.8616
      vertex 80 110 58
    endloop
  endfacet
  facet normal 0.999229 0 -0.0392572
    outer loop
      vertex 79.8767 110 54.8616
      vertex 80 0 58
      vertex 79.8767 0 54.8616
    endloop
  endfacet
  facet normal -0.999229 0 -0.0392592
    outer loop
      vertex 0.123306 0 54.8616
      vertex 0 110 58
      vertex 0.123306 110 54.8616
    endloop
  endfacet
  facet normal -0.999229 -0 -0.0392592
    outer loop
      vertex 0 110 58
      vertex 0.123306 0 54.8616
      vertex 0 0 58
    endloop
  endfacet
  facet normal -0.998628 1.66438e-06 -0.0523614
    outer loop
      vertex 2.80075 108 3.8
      vertex 3 110 0
      vertex 2.89513 108 2
    endloop
  endfacet
  facet normal -0.998628 0 -0.0523631
    outer loop
      vertex 3 110 0
      vertex 2.89513 2 2
      vertex 2.89513 108 2
    endloop
  endfacet
  facet normal -0.998628 -1.66438e-06 -0.0523614
    outer loop
      vertex 2.89513 2 2
      vertex 3 0 0
      vertex 2.80075 2 3.8
    endloop
  endfacet
  facet normal -0.998628 0 -0.0523631
    outer loop
      vertex 3 0 0
      vertex 2.89513 2 2
      vertex 3 110 0
    endloop
  endfacet
  facet normal -0.998628 -2.39729e-06 -0.0523635
    outer loop
      vertex 3 110 0
      vertex 2.80075 108 3.8
      vertex 0.123306 110 54.8616
    endloop
  endfacet
  facet normal -0.998628 0 -0.0523636
    outer loop
      vertex 2.80075 2 3.8
      vertex 0.123306 110 54.8616
      vertex 2.80075 108 3.8
    endloop
  endfacet
  facet normal -0.998628 0 -0.0523636
    outer loop
      vertex 2.80075 2 3.8
      vertex 0.123306 0 54.8616
      vertex 0.123306 110 54.8616
    endloop
  endfacet
  facet normal -0.998628 2.39729e-06 -0.0523635
    outer loop
      vertex 0.123306 0 54.8616
      vertex 2.80075 2 3.8
      vertex 3 0 0
    endloop
  endfacet
  facet normal 0.418652 0 0.908147
    outer loop
      vertex 55.3073 110 94.9552
      vertex 58.1596 0 93.6403
      vertex 58.1596 110 93.6403
    endloop
  endfacet
  facet normal 0.418652 0 0.908147
    outer loop
      vertex 58.1596 0 93.6403
      vertex 55.3073 110 94.9552
      vertex 55.3073 0 94.9552
    endloop
  endfacet
  facet normal 0.271427 0 0.962459
    outer loop
      vertex 49.3378 110 96.8948
      vertex 52.3607 33.5 96.0423
      vertex 52.3607 110 96.0423
    endloop
  endfacet
  facet normal 0.271427 0 0.962459
    outer loop
      vertex 52.3607 33.5 96.0423
      vertex 49.3378 110 96.8948
      vertex 49.3378 33.5 96.8948
    endloop
  endfacet
  facet normal 0.271427 0 0.962459
    outer loop
      vertex 49.3378 21.5 96.8948
      vertex 52.3607 0 96.0423
      vertex 52.3607 21.5 96.0423
    endloop
  endfacet
  facet normal 0.271427 0 0.962459
    outer loop
      vertex 52.3607 0 96.0423
      vertex 49.3378 21.5 96.8948
      vertex 49.3378 0 96.8948
    endloop
  endfacet
  facet normal -0.55556 0 0.831477
    outer loop
      vertex 16.4886 110 90.3607
      vertex 19.1001 0 92.1056
      vertex 19.1001 110 92.1056
    endloop
  endfacet
  facet normal -0.55556 0 0.831477
    outer loop
      vertex 19.1001 0 92.1056
      vertex 16.4886 110 90.3607
      vertex 16.4886 0 90.3607
    endloop
  endfacet
  facet normal -0.962456 0 0.271439
    outer loop
      vertex 1.1052 0 67.3378
      vertex 1.95774 110 70.3607
      vertex 1.1052 110 67.3378
    endloop
  endfacet
  facet normal -0.962456 0 0.271439
    outer loop
      vertex 1.95774 110 70.3607
      vertex 1.1052 0 67.3378
      vertex 1.95774 0 70.3607
    endloop
  endfacet
  facet normal -0.195081 0 0.980787
    outer loop
      vertex 30.6622 110 96.8948
      vertex 33.7426 0 97.5075
      vertex 33.7426 110 97.5075
    endloop
  endfacet
  facet normal -0.195081 0 0.980787
    outer loop
      vertex 33.7426 0 97.5075
      vertex 30.6622 110 96.8948
      vertex 30.6622 0 96.8948
    endloop
  endfacet
  facet normal -0.993068 0 0.117538
    outer loop
      vertex 0.123306 0 61.1384
      vertex 0.492466 110 64.2574
      vertex 0.123306 110 61.1384
    endloop
  endfacet
  facet normal -0.993068 0 0.117538
    outer loop
      vertex 0.492466 110 64.2574
      vertex 0.123306 0 61.1384
      vertex 0.492466 0 64.2574
    endloop
  endfacet
  facet normal -0.980785 0 0.195092
    outer loop
      vertex 0.492466 0 64.2574
      vertex 1.1052 110 67.3378
      vertex 0.492466 110 64.2574
    endloop
  endfacet
  facet normal -0.980785 0 0.195092
    outer loop
      vertex 1.1052 110 67.3378
      vertex 0.492466 0 64.2574
      vertex 1.1052 0 67.3378
    endloop
  endfacet
  facet normal 0.993067 -0 0.117551
    outer loop
      vertex 79.5075 0 64.2574
      vertex 79.8767 110 61.1384
      vertex 79.5075 110 64.2574
    endloop
  endfacet
  facet normal 0.993067 0 0.117551
    outer loop
      vertex 79.8767 110 61.1384
      vertex 79.5075 0 64.2574
      vertex 79.8767 0 61.1384
    endloop
  endfacet
  facet normal 0.938187 -0 0.346129
    outer loop
      vertex 76.9552 0 73.3073
      vertex 78.0423 110 70.3607
      vertex 76.9552 110 73.3073
    endloop
  endfacet
  facet normal 0.938187 0 0.346129
    outer loop
      vertex 78.0423 110 70.3607
      vertex 76.9552 0 73.3073
      vertex 78.0423 0 70.3607
    endloop
  endfacet
  facet normal 0.734341 -0 0.678781
    outer loop
      vertex 68.2843 0 86.2843
      vertex 70.4162 110 83.9779
      vertex 68.2843 110 86.2843
    endloop
  endfacet
  facet normal 0.734341 0 0.678781
    outer loop
      vertex 70.4162 110 83.9779
      vertex 68.2843 0 86.2843
      vertex 70.4162 0 83.9779
    endloop
  endfacet
  facet normal 0.619107 0 0.785306
    outer loop
      vertex 63.5114 110 90.3607
      vertex 65.9779 0 88.4162
      vertex 65.9779 110 88.4162
    endloop
  endfacet
  facet normal 0.619107 0 0.785306
    outer loop
      vertex 65.9779 0 88.4162
      vertex 63.5114 110 90.3607
      vertex 63.5114 0 90.3607
    endloop
  endfacet
  facet normal 0.195081 0 0.980787
    outer loop
      vertex 46.2574 110 97.5075
      vertex 49.3378 33.5 96.8948
      vertex 49.3378 110 96.8948
    endloop
  endfacet
  facet normal 0.195081 0 0.980787
    outer loop
      vertex 49.3378 33.5 96.8948
      vertex 46.2574 110 97.5075
      vertex 46.2574 33.5 97.5075
    endloop
  endfacet
  facet normal 0.195081 0 0.980787
    outer loop
      vertex 46.2574 21.5 97.5075
      vertex 49.3378 0 96.8948
      vertex 49.3378 21.5 96.8948
    endloop
  endfacet
  facet normal 0.195081 0 0.980787
    outer loop
      vertex 49.3378 0 96.8948
      vertex 46.2574 21.5 97.5075
      vertex 46.2574 0 97.5075
    endloop
  endfacet
  facet normal -0.678781 0 0.734341
    outer loop
      vertex 11.7157 110 86.2843
      vertex 14.0221 0 88.4162
      vertex 14.0221 110 88.4162
    endloop
  endfacet
  facet normal -0.678781 0 0.734341
    outer loop
      vertex 14.0221 0 88.4162
      vertex 11.7157 110 86.2843
      vertex 11.7157 0 86.2843
    endloop
  endfacet
  facet normal -0.908144 0 0.418657
    outer loop
      vertex 3.04482 33 73.3073
      vertex 3.04482 0 73.3073
      vertex 4.2 33 75.8131
    endloop
  endfacet
  facet normal -0.908144 0 0.418657
    outer loop
      vertex 3.04482 55 73.3073
      vertex 3.04482 37 73.3073
      vertex 4.2 55 75.8131
    endloop
  endfacet
  facet normal -0.908144 0 0.418657
    outer loop
      vertex 3.04482 77 73.3073
      vertex 3.04482 59 73.3073
      vertex 4.2 77 75.8131
    endloop
  endfacet
  facet normal -0.908144 0 0.418657
    outer loop
      vertex 4.2 81 75.8131
      vertex 3.04482 110 73.3073
      vertex 3.04482 81 73.3073
    endloop
  endfacet
  facet normal -0.908144 7.27027e-08 0.418658
    outer loop
      vertex 3.04482 110 73.3073
      vertex 4.2 81 75.8131
      vertex 4.35974 110 76.1596
    endloop
  endfacet
  facet normal -0.908142 0 0.418663
    outer loop
      vertex 4.2 77 75.8131
      vertex 4.35974 110 76.1596
      vertex 4.2 81 75.8131
    endloop
  endfacet
  facet normal -0.908144 0 0.418657
    outer loop
      vertex 4.2 59 75.8131
      vertex 4.2 77 75.8131
      vertex 3.04482 59 73.3073
    endloop
  endfacet
  facet normal -0.908142 0 0.418663
    outer loop
      vertex 4.2 59 75.8131
      vertex 4.35974 110 76.1596
      vertex 4.2 77 75.8131
    endloop
  endfacet
  facet normal -0.908142 0 0.418663
    outer loop
      vertex 4.2 55 75.8131
      vertex 4.35974 110 76.1596
      vertex 4.2 59 75.8131
    endloop
  endfacet
  facet normal -0.908144 0 0.418657
    outer loop
      vertex 4.2 37 75.8131
      vertex 4.2 55 75.8131
      vertex 3.04482 37 73.3073
    endloop
  endfacet
  facet normal -0.908142 0 0.418663
    outer loop
      vertex 4.2 37 75.8131
      vertex 4.35974 110 76.1596
      vertex 4.2 55 75.8131
    endloop
  endfacet
  facet normal -0.908142 0 0.418663
    outer loop
      vertex 4.2 33 75.8131
      vertex 4.35974 110 76.1596
      vertex 4.2 37 75.8131
    endloop
  endfacet
  facet normal -0.908142 0 0.418663
    outer loop
      vertex 4.2 33 75.8131
      vertex 4.35974 0 76.1596
      vertex 4.35974 110 76.1596
    endloop
  endfacet
  facet normal -0.908144 -6.38903e-08 0.418658
    outer loop
      vertex 4.35974 0 76.1596
      vertex 4.2 33 75.8131
      vertex 3.04482 0 73.3073
    endloop
  endfacet
  facet normal -0.831472 1.61927e-07 0.555566
    outer loop
      vertex 5.89439 110 78.8999
      vertex 6.5 3.75 79.8063
      vertex 7.63932 110 81.5114
    endloop
  endfacet
  facet normal -0.831481 0 0.555553
    outer loop
      vertex 6.5 3.75 79.8063
      vertex 5.89439 110 78.8999
      vertex 5.89439 3.67027 78.8999
    endloop
  endfacet
  facet normal -0.831467 -9.25098e-09 0.555574
    outer loop
      vertex 7.21175 3.6563 80.8715
      vertex 7.63932 110 81.5114
      vertex 6.5 3.75 79.8063
    endloop
  endfacet
  facet normal -0.831468 0 0.555572
    outer loop
      vertex 7.63932 110 81.5114
      vertex 7.21175 3.6563 80.8715
      vertex 7.63932 3.47919 81.5114
    endloop
  endfacet
  facet normal -0.831472 -6.86417e-06 0.555566
    outer loop
      vertex 5.89439 0 78.8999
      vertex 6.5 2.55 79.8063
      vertex 6.09883 2.49718 79.2059
    endloop
  endfacet
  facet normal -0.831498 0 0.555528
    outer loop
      vertex 5.89439 0 78.8999
      vertex 6.09883 2.49718 79.2059
      vertex 5.89439 2.4125 78.8999
    endloop
  endfacet
  facet normal -0.831473 -6.44789e-06 0.555566
    outer loop
      vertex 6.5 2.55 79.8063
      vertex 5.89439 0 78.8999
      vertex 6.90117 2.49718 80.4067
    endloop
  endfacet
  facet normal -0.831472 -6.9556e-06 0.555566
    outer loop
      vertex 7.63932 0 81.5114
      vertex 6.90117 2.49718 80.4067
      vertex 5.89439 0 78.8999
    endloop
  endfacet
  facet normal -0.831483 -1.6902e-05 0.555551
    outer loop
      vertex 6.90117 2.49718 80.4067
      vertex 7.63932 0 81.5114
      vertex 7.275 2.34234 80.9662
    endloop
  endfacet
  facet normal -0.831449 0 0.555601
    outer loop
      vertex 7.63932 2.03958 81.5114
      vertex 7.275 2.34234 80.9662
      vertex 7.63932 0 81.5114
    endloop
  endfacet
  facet normal -0.831539 -0.000348825 0.555467
    outer loop
      vertex 7.275 2.34234 80.9662
      vertex 7.63932 2.03958 81.5114
      vertex 7.59601 2.09601 81.4466
    endloop
  endfacet
  facet normal -0.346129 0 0.938187
    outer loop
      vertex 24.6927 110 94.9552
      vertex 27.6393 0 96.0423
      vertex 27.6393 110 96.0423
    endloop
  endfacet
  facet normal -0.346129 0 0.938187
    outer loop
      vertex 27.6393 0 96.0423
      vertex 24.6927 110 94.9552
      vertex 24.6927 0 94.9552
    endloop
  endfacet
  facet normal -0.271427 0 0.962459
    outer loop
      vertex 27.6393 110 96.0423
      vertex 30.6622 0 96.8948
      vertex 30.6622 110 96.8948
    endloop
  endfacet
  facet normal -0.271427 0 0.962459
    outer loop
      vertex 30.6622 0 96.8948
      vertex 27.6393 110 96.0423
      vertex 27.6393 0 96.0423
    endloop
  endfacet
  facet normal 0.962459 -0 0.271427
    outer loop
      vertex 78.0423 0 70.3607
      vertex 78.8948 110 67.3378
      vertex 78.0423 110 70.3607
    endloop
  endfacet
  facet normal 0.962459 0 0.271427
    outer loop
      vertex 78.8948 110 67.3378
      vertex 78.0423 0 70.3607
      vertex 78.8948 0 67.3378
    endloop
  endfacet
  facet normal 0.908147 -0 0.418652
    outer loop
      vertex 75.6403 0 76.1596
      vertex 76.9552 110 73.3073
      vertex 75.6403 110 76.1596
    endloop
  endfacet
  facet normal 0.908147 0 0.418652
    outer loop
      vertex 76.9552 110 73.3073
      vertex 75.6403 0 76.1596
      vertex 76.9552 0 73.3073
    endloop
  endfacet
  facet normal 0.785306 -0 0.619107
    outer loop
      vertex 70.4162 0 83.9779
      vertex 72.3607 110 81.5114
      vertex 70.4162 110 83.9779
    endloop
  endfacet
  facet normal 0.785306 0 0.619107
    outer loop
      vertex 72.3607 110 81.5114
      vertex 70.4162 0 83.9779
      vertex 72.3607 0 81.5114
    endloop
  endfacet
  facet normal 0.0392572 0 0.999229
    outer loop
      vertex 40 110 98
      vertex 43.1384 0 97.8767
      vertex 43.1384 110 97.8767
    endloop
  endfacet
  facet normal 0.0392572 0 0.999229
    outer loop
      vertex 43.1384 0 97.8767
      vertex 40 110 98
      vertex 40 0 98
    endloop
  endfacet
  facet normal 0.346116 0 0.938192
    outer loop
      vertex 55.3073 110 94.9552
      vertex 52.7463 33.5 95.9
      vertex 55.3073 0 94.9552
    endloop
  endfacet
  facet normal 0.346129 -4.80383e-07 0.938187
    outer loop
      vertex 52.3607 110 96.0423
      vertex 52.7463 33.5 95.9
      vertex 55.3073 110 94.9552
    endloop
  endfacet
  facet normal 0.346213 0 0.938156
    outer loop
      vertex 52.7463 33.5 95.9
      vertex 52.3607 110 96.0423
      vertex 52.3607 33.5 96.0423
    endloop
  endfacet
  facet normal 0.346116 -0 0.938192
    outer loop
      vertex 52.7463 21.5 95.9
      vertex 55.3073 0 94.9552
      vertex 52.7463 33.5 95.9
    endloop
  endfacet
  facet normal 0.346213 -0 0.938156
    outer loop
      vertex 52.3607 0 96.0423
      vertex 52.7463 21.5 95.9
      vertex 52.3607 21.5 96.0423
    endloop
  endfacet
  facet normal 0.346129 1.70927e-06 0.938187
    outer loop
      vertex 52.7463 21.5 95.9
      vertex 52.3607 0 96.0423
      vertex 55.3073 0 94.9552
    endloop
  endfacet
  facet normal -0.734334 0 0.678788
    outer loop
      vertex 9.58376 0 83.9779
      vertex 11.7157 110 86.2843
      vertex 9.58376 110 83.9779
    endloop
  endfacet
  facet normal -0.734334 0 0.678788
    outer loop
      vertex 11.7157 110 86.2843
      vertex 9.58376 0 83.9779
      vertex 11.7157 0 86.2843
    endloop
  endfacet
  facet normal -0.872495 4.1333e-07 0.488623
    outer loop
      vertex 5.11039 80 77.5
      vertex 4.35974 110 76.1596
      vertex 4.55036 80 76.5
    endloop
  endfacet
  facet normal -0.87251 0 0.488596
    outer loop
      vertex 4.35974 110 76.1596
      vertex 4.55036 78 76.5
      vertex 4.55036 80 76.5
    endloop
  endfacet
  facet normal -0.872495 0 0.488623
    outer loop
      vertex 4.55036 78 76.5
      vertex 4.55036 58 76.5
      vertex 5.11039 78 77.5
    endloop
  endfacet
  facet normal -0.87251 0 0.488596
    outer loop
      vertex 4.35974 110 76.1596
      vertex 4.55036 58 76.5
      vertex 4.55036 78 76.5
    endloop
  endfacet
  facet normal -0.87251 0 0.488596
    outer loop
      vertex 4.35974 110 76.1596
      vertex 4.55036 56 76.5
      vertex 4.55036 58 76.5
    endloop
  endfacet
  facet normal -0.872495 0 0.488623
    outer loop
      vertex 4.55036 56 76.5
      vertex 4.55036 36 76.5
      vertex 5.11039 56 77.5
    endloop
  endfacet
  facet normal -0.87251 0 0.488596
    outer loop
      vertex 4.35974 110 76.1596
      vertex 4.55036 36 76.5
      vertex 4.55036 56 76.5
    endloop
  endfacet
  facet normal -0.87251 0 0.488596
    outer loop
      vertex 4.35974 110 76.1596
      vertex 4.55036 34 76.5
      vertex 4.55036 36 76.5
    endloop
  endfacet
  facet normal -0.872495 8.97117e-09 0.488623
    outer loop
      vertex 5.78825 3.6563 78.7104
      vertex 5.11039 34 77.5
      vertex 4.55036 34 76.5
    endloop
  endfacet
  facet normal -0.872467 2.63024e-06 0.488673
    outer loop
      vertex 5.11039 34 77.5
      vertex 5.78825 3.6563 78.7104
      vertex 5.89439 3.67027 78.8999
    endloop
  endfacet
  facet normal -0.872478 2.88667e-06 0.488653
    outer loop
      vertex 4.55036 34 76.5
      vertex 5.67041 3.60749 78.5
      vertex 5.78825 3.6563 78.7104
    endloop
  endfacet
  facet normal -0.872499 -2.78636e-07 0.488617
    outer loop
      vertex 4.35974 0 76.1596
      vertex 5.67041 3.60749 78.5
      vertex 4.55036 34 76.5
    endloop
  endfacet
  facet normal -0.872499 0 0.488616
    outer loop
      vertex 5.67041 3.60749 78.5
      vertex 4.35974 0 76.1596
      vertex 5.67041 2.30045 78.5
    endloop
  endfacet
  facet normal -0.87251 0 0.488596
    outer loop
      vertex 4.35974 0 76.1596
      vertex 4.55036 34 76.5
      vertex 4.35974 110 76.1596
    endloop
  endfacet
  facet normal -0.872495 4.10357e-07 0.488623
    outer loop
      vertex 4.35974 110 76.1596
      vertex 5.11039 80 77.5
      vertex 5.89439 110 78.8999
    endloop
  endfacet
  facet normal -0.872491 0 0.48863
    outer loop
      vertex 5.11039 78 77.5
      vertex 5.89439 110 78.8999
      vertex 5.11039 80 77.5
    endloop
  endfacet
  facet normal -0.872495 0 0.488623
    outer loop
      vertex 5.11039 58 77.5
      vertex 5.11039 78 77.5
      vertex 4.55036 58 76.5
    endloop
  endfacet
  facet normal -0.872491 0 0.48863
    outer loop
      vertex 5.11039 58 77.5
      vertex 5.89439 110 78.8999
      vertex 5.11039 78 77.5
    endloop
  endfacet
  facet normal -0.872491 0 0.48863
    outer loop
      vertex 5.11039 56 77.5
      vertex 5.89439 110 78.8999
      vertex 5.11039 58 77.5
    endloop
  endfacet
  facet normal -0.872495 0 0.488623
    outer loop
      vertex 5.11039 36 77.5
      vertex 5.11039 56 77.5
      vertex 4.55036 36 76.5
    endloop
  endfacet
  facet normal -0.872491 0 0.48863
    outer loop
      vertex 5.89439 3.67027 78.8999
      vertex 5.11039 56 77.5
      vertex 5.11039 36 77.5
    endloop
  endfacet
  facet normal -0.872491 0 0.48863
    outer loop
      vertex 5.89439 3.67027 78.8999
      vertex 5.11039 36 77.5
      vertex 5.11039 34 77.5
    endloop
  endfacet
  facet normal -0.872491 0 0.48863
    outer loop
      vertex 5.11039 56 77.5
      vertex 5.89439 3.67027 78.8999
      vertex 5.89439 110 78.8999
    endloop
  endfacet
  facet normal -0.872338 -0.00112416 0.488903
    outer loop
      vertex 5.67041 2.30045 78.5
      vertex 5.89439 2.4125 78.8999
      vertex 5.725 2.34234 78.5975
    endloop
  endfacet
  facet normal -0.872495 -9.11522e-06 0.488623
    outer loop
      vertex 5.89439 0 78.8999
      vertex 5.67041 2.30045 78.5
      vertex 4.35974 0 76.1596
    endloop
  endfacet
  facet normal -0.872473 0 0.488663
    outer loop
      vertex 5.67041 2.30045 78.5
      vertex 5.89439 0 78.8999
      vertex 5.89439 2.4125 78.8999
    endloop
  endfacet
  facet normal -0.938189 1.04412e-06 0.346123
    outer loop
      vertex 1.95774 110 70.3607
      vertex 3 81 73.1859
      vertex 3.04482 110 73.3073
    endloop
  endfacet
  facet normal -0.938193 0 0.346114
    outer loop
      vertex 1.95774 110 70.3607
      vertex 3 77 73.1859
      vertex 3 81 73.1859
    endloop
  endfacet
  facet normal -0.938108 0 0.346343
    outer loop
      vertex 3 77 73.1859
      vertex 3 59 73.1859
      vertex 3.04482 77 73.3073
    endloop
  endfacet
  facet normal -0.938193 0 0.346114
    outer loop
      vertex 1.95774 110 70.3607
      vertex 3 59 73.1859
      vertex 3 77 73.1859
    endloop
  endfacet
  facet normal -0.938193 0 0.346114
    outer loop
      vertex 1.95774 110 70.3607
      vertex 3 55 73.1859
      vertex 3 59 73.1859
    endloop
  endfacet
  facet normal -0.938108 0 0.346343
    outer loop
      vertex 3 55 73.1859
      vertex 3 37 73.1859
      vertex 3.04482 55 73.3073
    endloop
  endfacet
  facet normal -0.938193 0 0.346114
    outer loop
      vertex 1.95774 0 70.3607
      vertex 3 55 73.1859
      vertex 1.95774 110 70.3607
    endloop
  endfacet
  facet normal -0.938193 0 0.346114
    outer loop
      vertex 3 55 73.1859
      vertex 1.95774 0 70.3607
      vertex 3 37 73.1859
    endloop
  endfacet
  facet normal -0.938193 0 0.346114
    outer loop
      vertex 3 37 73.1859
      vertex 1.95774 0 70.3607
      vertex 3 33 73.1859
    endloop
  endfacet
  facet normal -0.938189 -9.17563e-07 0.346123
    outer loop
      vertex 3.04482 0 73.3073
      vertex 3 33 73.1859
      vertex 1.95774 0 70.3607
    endloop
  endfacet
  facet normal -0.938108 0 0.346343
    outer loop
      vertex 3 33 73.1859
      vertex 3.04482 0 73.3073
      vertex 3.04482 33 73.3073
    endloop
  endfacet
  facet normal -0.938108 0 0.346343
    outer loop
      vertex 3.04482 110 73.3073
      vertex 3 81 73.1859
      vertex 3.04482 81 73.3073
    endloop
  endfacet
  facet normal -0.938108 0 0.346343
    outer loop
      vertex 3.04482 77 73.3073
      vertex 3 59 73.1859
      vertex 3.04482 59 73.3073
    endloop
  endfacet
  facet normal -0.938108 0 0.346343
    outer loop
      vertex 3.04482 55 73.3073
      vertex 3 37 73.1859
      vertex 3.04482 37 73.3073
    endloop
  endfacet
  facet normal -0.619107 0 0.785306
    outer loop
      vertex 14.0221 110 88.4162
      vertex 16.4886 0 90.3607
      vertex 16.4886 110 90.3607
    endloop
  endfacet
  facet normal -0.619107 0 0.785306
    outer loop
      vertex 16.4886 0 90.3607
      vertex 14.0221 110 88.4162
      vertex 14.0221 0 88.4162
    endloop
  endfacet
  facet normal -0.418652 0 0.908147
    outer loop
      vertex 21.8404 110 93.6403
      vertex 24.6927 0 94.9552
      vertex 24.6927 110 94.9552
    endloop
  endfacet
  facet normal -0.418652 0 0.908147
    outer loop
      vertex 24.6927 0 94.9552
      vertex 21.8404 110 93.6403
      vertex 21.8404 0 93.6403
    endloop
  endfacet
  facet normal -0.117551 0 0.993067
    outer loop
      vertex 33.7426 110 97.5075
      vertex 36.8616 0 97.8767
      vertex 36.8616 110 97.8767
    endloop
  endfacet
  facet normal -0.117551 0 0.993067
    outer loop
      vertex 36.8616 0 97.8767
      vertex 33.7426 110 97.5075
      vertex 33.7426 0 97.5075
    endloop
  endfacet
  facet normal 0.831477 -0 0.55556
    outer loop
      vertex 72.3607 0 81.5114
      vertex 74.1056 110 78.8999
      vertex 72.3607 110 81.5114
    endloop
  endfacet
  facet normal 0.831477 0 0.55556
    outer loop
      vertex 74.1056 110 78.8999
      vertex 72.3607 0 81.5114
      vertex 74.1056 0 78.8999
    endloop
  endfacet
  facet normal 0.872488 -0 0.488635
    outer loop
      vertex 74.1056 0 78.8999
      vertex 75.6403 110 76.1596
      vertex 74.1056 110 78.8999
    endloop
  endfacet
  facet normal 0.872488 0 0.488635
    outer loop
      vertex 75.6403 110 76.1596
      vertex 74.1056 0 78.8999
      vertex 75.6403 0 76.1596
    endloop
  endfacet
  facet normal 0.55556 0 0.831477
    outer loop
      vertex 60.8999 110 92.1056
      vertex 63.5114 0 90.3607
      vertex 63.5114 110 90.3607
    endloop
  endfacet
  facet normal 0.55556 0 0.831477
    outer loop
      vertex 63.5114 0 90.3607
      vertex 60.8999 110 92.1056
      vertex 60.8999 0 92.1056
    endloop
  endfacet
  facet normal 0.488635 0 0.872488
    outer loop
      vertex 58.1596 110 93.6403
      vertex 60.8999 0 92.1056
      vertex 60.8999 110 92.1056
    endloop
  endfacet
  facet normal 0.488635 0 0.872488
    outer loop
      vertex 60.8999 0 92.1056
      vertex 58.1596 110 93.6403
      vertex 58.1596 0 93.6403
    endloop
  endfacet
  facet normal 0.117669 0 0.993053
    outer loop
      vertex 46.2574 110 97.5075
      vertex 46 33.5 97.538
      vertex 46.2574 33.5 97.5075
    endloop
  endfacet
  facet normal 0.11754 -0 0.993068
    outer loop
      vertex 43.1384 0 97.8767
      vertex 46 33.5 97.538
      vertex 43.1384 110 97.8767
    endloop
  endfacet
  facet normal 0.117551 4.05462e-07 0.993067
    outer loop
      vertex 43.1384 110 97.8767
      vertex 46 33.5 97.538
      vertex 46.2574 110 97.5075
    endloop
  endfacet
  facet normal 0.117669 0 0.993053
    outer loop
      vertex 46 21.5 97.538
      vertex 46.2574 0 97.5075
      vertex 46.2574 21.5 97.5075
    endloop
  endfacet
  facet normal 0.11754 0 0.993068
    outer loop
      vertex 46 33.5 97.538
      vertex 43.1384 0 97.8767
      vertex 46 21.5 97.538
    endloop
  endfacet
  facet normal 0.117551 -1.44269e-06 0.993067
    outer loop
      vertex 46 21.5 97.538
      vertex 43.1384 0 97.8767
      vertex 46.2574 0 97.5075
    endloop
  endfacet
  facet normal -0.488635 0 0.872488
    outer loop
      vertex 19.1001 110 92.1056
      vertex 21.8404 0 93.6403
      vertex 21.8404 110 93.6403
    endloop
  endfacet
  facet normal -0.488635 0 0.872488
    outer loop
      vertex 21.8404 0 93.6403
      vertex 19.1001 110 92.1056
      vertex 19.1001 0 92.1056
    endloop
  endfacet
  facet normal -0.0392572 0 0.999229
    outer loop
      vertex 36.8616 110 97.8767
      vertex 40 0 98
      vertex 40 110 98
    endloop
  endfacet
  facet normal -0.0392572 0 0.999229
    outer loop
      vertex 40 0 98
      vertex 36.8616 110 97.8767
      vertex 36.8616 0 97.8767
    endloop
  endfacet
  facet normal 0.999229 -0 0.0392572
    outer loop
      vertex 79.8767 0 61.1384
      vertex 80 110 58
      vertex 79.8767 110 61.1384
    endloop
  endfacet
  facet normal 0.999229 0 0.0392572
    outer loop
      vertex 80 110 58
      vertex 79.8767 0 61.1384
      vertex 80 0 58
    endloop
  endfacet
  facet normal 0.980787 -0 0.195081
    outer loop
      vertex 78.8948 0 67.3378
      vertex 79.5075 110 64.2574
      vertex 78.8948 110 67.3378
    endloop
  endfacet
  facet normal 0.980787 0 0.195081
    outer loop
      vertex 79.5075 110 64.2574
      vertex 78.8948 0 67.3378
      vertex 79.5075 0 64.2574
    endloop
  endfacet
  facet normal -0.999228 0 -0.0392801
    outer loop
      vertex 77.9985 2 58
      vertex 77.8813 108 60.9814
      vertex 77.9985 108 58
    endloop
  endfacet
  facet normal -0.999228 -0 -0.0392801
    outer loop
      vertex 77.8813 108 60.9814
      vertex 77.9985 2 58
      vertex 77.8813 2 60.9814
    endloop
  endfacet
  facet normal -0.993071 0 -0.117518
    outer loop
      vertex 77.8813 2 60.9814
      vertex 77.5307 108 63.9441
      vertex 77.8813 108 60.9814
    endloop
  endfacet
  facet normal -0.993071 -0 -0.117518
    outer loop
      vertex 77.5307 108 63.9441
      vertex 77.8813 2 60.9814
      vertex 77.5307 2 63.9441
    endloop
  endfacet
  facet normal 0 0 1
    outer loop
      vertex 13.9887 90.2653 2
      vertex 11.0113 90.2653 2
      vertex 13.9887 86.7347 2
    endloop
  endfacet
  facet normal 0 0 1
    outer loop
      vertex 13.9887 86.7347 2
      vertex 11.1888 86.3863 2
      vertex 11.25 86 2
    endloop
  endfacet
  facet normal 0 0 1
    outer loop
      vertex 11.0113 86.7347 2
      vertex 13.9887 86.7347 2
      vertex 11.0113 90.2653 2
    endloop
  endfacet
  facet normal 0 0 1
    outer loop
      vertex 13.9887 86.7347 2
      vertex 11.0113 86.7347 2
      vertex 11.1888 86.3863 2
    endloop
  endfacet
  facet normal -0 0 1
    outer loop
      vertex 10.7347 89.9887 2
      vertex 11.0113 86.7347 2
      vertex 11.0113 90.2653 2
    endloop
  endfacet
  facet normal 0 0 1
    outer loop
      vertex 10.7347 89.9887 2
      vertex 10.7347 87.0113 2
      vertex 11.0113 86.7347 2
    endloop
  endfacet
  facet normal -0 0 1
    outer loop
      vertex 10.3863 89.8112 2
      vertex 10.7347 87.0113 2
      vertex 10.7347 89.9887 2
    endloop
  endfacet
  facet normal 0 0 1
    outer loop
      vertex 10.3863 89.8112 2
      vertex 10.3863 87.1888 2
      vertex 10.7347 87.0113 2
    endloop
  endfacet
  facet normal -0 0 1
    outer loop
      vertex 10 89.75 2
      vertex 10.3863 87.1888 2
      vertex 10.3863 89.8112 2
    endloop
  endfacet
  facet normal 0 0 1
    outer loop
      vertex 10 89.75 2
      vertex 10 87.25 2
      vertex 10.3863 87.1888 2
    endloop
  endfacet
  facet normal 0 0 1
    outer loop
      vertex 9.61373 89.8112 2
      vertex 10 87.25 2
      vertex 10 89.75 2
    endloop
  endfacet
  facet normal 0 0 1
    outer loop
      vertex 9.61373 89.8112 2
      vertex 9.61373 87.1888 2
      vertex 10 87.25 2
    endloop
  endfacet
  facet normal 0 0 1
    outer loop
      vertex 9.26527 89.9887 2
      vertex 9.61373 87.1888 2
      vertex 9.61373 89.8112 2
    endloop
  endfacet
  facet normal 0 0 1
    outer loop
      vertex 9.26527 89.9887 2
      vertex 9.26527 87.0113 2
      vertex 9.61373 87.1888 2
    endloop
  endfacet
  facet normal 0 0 1
    outer loop
      vertex 8.98873 90.2653 2
      vertex 9.26527 87.0113 2
      vertex 9.26527 89.9887 2
    endloop
  endfacet
  facet normal 0 0 1
    outer loop
      vertex 8.98873 90.2653 2
      vertex 8.98873 86.7347 2
      vertex 9.26527 87.0113 2
    endloop
  endfacet
  facet normal 0 0 1
    outer loop
      vertex 8.81118 90.6137 2
      vertex 8.98873 86.7347 2
      vertex 8.98873 90.2653 2
    endloop
  endfacet
  facet normal 0 0 1
    outer loop
      vertex 8.81118 90.6137 2
      vertex 8.81118 86.3863 2
      vertex 8.98873 86.7347 2
    endloop
  endfacet
  facet normal 0 0 1
    outer loop
      vertex 8.75 91 2
      vertex 8.81118 86.3863 2
      vertex 8.81118 90.6137 2
    endloop
  endfacet
  facet normal 0 0 1
    outer loop
      vertex 8.81118 86.3863 2
      vertex 8.75 91 2
      vertex 8.75 86 2
    endloop
  endfacet
  facet normal 0 0 1
    outer loop
      vertex 13.9887 95.2653 2
      vertex 11.0113 95.2653 2
      vertex 13.9887 91.7347 2
    endloop
  endfacet
  facet normal 0 0 1
    outer loop
      vertex 13.9887 91.7347 2
      vertex 11.1888 91.3863 2
      vertex 11.25 91 2
    endloop
  endfacet
  facet normal 0 0 1
    outer loop
      vertex 11.0113 91.7347 2
      vertex 13.9887 91.7347 2
      vertex 11.0113 95.2653 2
    endloop
  endfacet
  facet normal 0 0 1
    outer loop
      vertex 13.9887 91.7347 2
      vertex 11.0113 91.7347 2
      vertex 11.1888 91.3863 2
    endloop
  endfacet
  facet normal -0 0 1
    outer loop
      vertex 10.7347 94.9887 2
      vertex 11.0113 91.7347 2
      vertex 11.0113 95.2653 2
    endloop
  endfacet
  facet normal 0 0 1
    outer loop
      vertex 10.7347 94.9887 2
      vertex 10.7347 92.0113 2
      vertex 11.0113 91.7347 2
    endloop
  endfacet
  facet normal -0 0 1
    outer loop
      vertex 10.3863 94.8112 2
      vertex 10.7347 92.0113 2
      vertex 10.7347 94.9887 2
    endloop
  endfacet
  facet normal 0 0 1
    outer loop
      vertex 10.3863 94.8112 2
      vertex 10.3863 92.1888 2
      vertex 10.7347 92.0113 2
    endloop
  endfacet
  facet normal -0 0 1
    outer loop
      vertex 10 94.75 2
      vertex 10.3863 92.1888 2
      vertex 10.3863 94.8112 2
    endloop
  endfacet
  facet normal 0 0 1
    outer loop
      vertex 10 94.75 2
      vertex 10 92.25 2
      vertex 10.3863 92.1888 2
    endloop
  endfacet
  facet normal 0 0 1
    outer loop
      vertex 9.61373 94.8112 2
      vertex 10 92.25 2
      vertex 10 94.75 2
    endloop
  endfacet
  facet normal 0 0 1
    outer loop
      vertex 9.61373 94.8112 2
      vertex 9.61373 92.1888 2
      vertex 10 92.25 2
    endloop
  endfacet
  facet normal 0 0 1
    outer loop
      vertex 9.26527 94.9887 2
      vertex 9.61373 92.1888 2
      vertex 9.61373 94.8112 2
    endloop
  endfacet
  facet normal 0 0 1
    outer loop
      vertex 9.26527 94.9887 2
      vertex 9.26527 92.0113 2
      vertex 9.61373 92.1888 2
    endloop
  endfacet
  facet normal 0 0 1
    outer loop
      vertex 8.98873 95.2653 2
      vertex 9.26527 92.0113 2
      vertex 9.26527 94.9887 2
    endloop
  endfacet
  facet normal 0 0 1
    outer loop
      vertex 8.98873 95.2653 2
      vertex 8.98873 91.7347 2
      vertex 9.26527 92.0113 2
    endloop
  endfacet
  facet normal 0 0 1
    outer loop
      vertex 8.81118 95.6137 2
      vertex 8.98873 91.7347 2
      vertex 8.98873 95.2653 2
    endloop
  endfacet
  facet normal 0 0 1
    outer loop
      vertex 8.81118 95.6137 2
      vertex 8.81118 91.3863 2
      vertex 8.98873 91.7347 2
    endloop
  endfacet
  facet normal 0 0 1
    outer loop
      vertex 8.75 96 2
      vertex 8.81118 91.3863 2
      vertex 8.81118 95.6137 2
    endloop
  endfacet
  facet normal 0 0 1
    outer loop
      vertex 8.81118 91.3863 2
      vertex 8.75 96 2
      vertex 8.75 91 2
    endloop
  endfacet
  facet normal 0 0 1
    outer loop
      vertex 18.9887 90.2653 2
      vertex 16.0113 90.2653 2
      vertex 18.9887 86.7347 2
    endloop
  endfacet
  facet normal 0 0 1
    outer loop
      vertex 18.9887 86.7347 2
      vertex 16.1888 86.3863 2
      vertex 16.25 86 2
    endloop
  endfacet
  facet normal 0 0 1
    outer loop
      vertex 16.0113 86.7347 2
      vertex 18.9887 86.7347 2
      vertex 16.0113 90.2653 2
    endloop
  endfacet
  facet normal 0 0 1
    outer loop
      vertex 18.9887 86.7347 2
      vertex 16.0113 86.7347 2
      vertex 16.1888 86.3863 2
    endloop
  endfacet
  facet normal -0 0 1
    outer loop
      vertex 15.7347 89.9887 2
      vertex 16.0113 86.7347 2
      vertex 16.0113 90.2653 2
    endloop
  endfacet
  facet normal 0 0 1
    outer loop
      vertex 15.7347 89.9887 2
      vertex 15.7347 87.0113 2
      vertex 16.0113 86.7347 2
    endloop
  endfacet
  facet normal -0 0 1
    outer loop
      vertex 15.3863 89.8112 2
      vertex 15.7347 87.0113 2
      vertex 15.7347 89.9887 2
    endloop
  endfacet
  facet normal 0 0 1
    outer loop
      vertex 15.3863 89.8112 2
      vertex 15.3863 87.1888 2
      vertex 15.7347 87.0113 2
    endloop
  endfacet
  facet normal -0 0 1
    outer loop
      vertex 15 89.75 2
      vertex 15.3863 87.1888 2
      vertex 15.3863 89.8112 2
    endloop
  endfacet
  facet normal 0 0 1
    outer loop
      vertex 15 89.75 2
      vertex 15 87.25 2
      vertex 15.3863 87.1888 2
    endloop
  endfacet
  facet normal 0 0 1
    outer loop
      vertex 14.6137 89.8112 2
      vertex 15 87.25 2
      vertex 15 89.75 2
    endloop
  endfacet
  facet normal 0 0 1
    outer loop
      vertex 14.6137 89.8112 2
      vertex 14.6137 87.1888 2
      vertex 15 87.25 2
    endloop
  endfacet
  facet normal 0 0 1
    outer loop
      vertex 14.2653 89.9887 2
      vertex 14.6137 87.1888 2
      vertex 14.6137 89.8112 2
    endloop
  endfacet
  facet normal 0 0 1
    outer loop
      vertex 14.2653 89.9887 2
      vertex 14.2653 87.0113 2
      vertex 14.6137 87.1888 2
    endloop
  endfacet
  facet normal 0 0 1
    outer loop
      vertex 13.9887 90.2653 2
      vertex 14.2653 87.0113 2
      vertex 14.2653 89.9887 2
    endloop
  endfacet
  facet normal 0 0 1
    outer loop
      vertex 13.9887 90.2653 2
      vertex 13.9887 86.7347 2
      vertex 14.2653 87.0113 2
    endloop
  endfacet
  facet normal 0 0 1
    outer loop
      vertex 11.1888 90.6137 2
      vertex 13.8112 90.6137 2
      vertex 11.25 91 2
    endloop
  endfacet
  facet normal 0 0 1
    outer loop
      vertex 13.8112 90.6137 2
      vertex 11.1888 90.6137 2
      vertex 13.9887 90.2653 2
    endloop
  endfacet
  facet normal -0 0 1
    outer loop
      vertex 11.25 91 2
      vertex 13.8112 90.6137 2
      vertex 13.75 91 2
    endloop
  endfacet
  facet normal 0 0 1
    outer loop
      vertex 11.0113 90.2653 2
      vertex 13.9887 90.2653 2
      vertex 11.1888 90.6137 2
    endloop
  endfacet
  facet normal 0 0 1
    outer loop
      vertex 18.9887 95.2653 2
      vertex 16.0113 95.2653 2
      vertex 18.9887 91.7347 2
    endloop
  endfacet
  facet normal 0 0 1
    outer loop
      vertex 18.9887 91.7347 2
      vertex 16.1888 91.3863 2
      vertex 16.25 91 2
    endloop
  endfacet
  facet normal 0 0 1
    outer loop
      vertex 16.0113 91.7347 2
      vertex 18.9887 91.7347 2
      vertex 16.0113 95.2653 2
    endloop
  endfacet
  facet normal 0 0 1
    outer loop
      vertex 18.9887 91.7347 2
      vertex 16.0113 91.7347 2
      vertex 16.1888 91.3863 2
    endloop
  endfacet
  facet normal -0 0 1
    outer loop
      vertex 15.7347 94.9887 2
      vertex 16.0113 91.7347 2
      vertex 16.0113 95.2653 2
    endloop
  endfacet
  facet normal 0 0 1
    outer loop
      vertex 15.7347 94.9887 2
      vertex 15.7347 92.0113 2
      vertex 16.0113 91.7347 2
    endloop
  endfacet
  facet normal -0 0 1
    outer loop
      vertex 15.3863 94.8112 2
      vertex 15.7347 92.0113 2
      vertex 15.7347 94.9887 2
    endloop
  endfacet
  facet normal 0 0 1
    outer loop
      vertex 15.3863 94.8112 2
      vertex 15.3863 92.1888 2
      vertex 15.7347 92.0113 2
    endloop
  endfacet
  facet normal -0 0 1
    outer loop
      vertex 15 94.75 2
      vertex 15.3863 92.1888 2
      vertex 15.3863 94.8112 2
    endloop
  endfacet
  facet normal 0 0 1
    outer loop
      vertex 15 94.75 2
      vertex 15 92.25 2
      vertex 15.3863 92.1888 2
    endloop
  endfacet
  facet normal 0 0 1
    outer loop
      vertex 14.6137 94.8112 2
      vertex 15 92.25 2
      vertex 15 94.75 2
    endloop
  endfacet
  facet normal 0 0 1
    outer loop
      vertex 14.6137 94.8112 2
      vertex 14.6137 92.1888 2
      vertex 15 92.25 2
    endloop
  endfacet
  facet normal 0 0 1
    outer loop
      vertex 14.2653 94.9887 2
      vertex 14.6137 92.1888 2
      vertex 14.6137 94.8112 2
    endloop
  endfacet
  facet normal 0 0 1
    outer loop
      vertex 14.2653 94.9887 2
      vertex 14.2653 92.0113 2
      vertex 14.6137 92.1888 2
    endloop
  endfacet
  facet normal 0 0 1
    outer loop
      vertex 13.9887 95.2653 2
      vertex 14.2653 92.0113 2
      vertex 14.2653 94.9887 2
    endloop
  endfacet
  facet normal 0 0 1
    outer loop
      vertex 13.9887 95.2653 2
      vertex 13.9887 91.7347 2
      vertex 14.2653 92.0113 2
    endloop
  endfacet
  facet normal 0 0 1
    outer loop
      vertex 11.1888 95.6137 2
      vertex 13.8112 95.6137 2
      vertex 11.25 96 2
    endloop
  endfacet
  facet normal 0 0 1
    outer loop
      vertex 13.8112 95.6137 2
      vertex 11.1888 95.6137 2
      vertex 13.9887 95.2653 2
    endloop
  endfacet
  facet normal -0 0 1
    outer loop
      vertex 11.25 96 2
      vertex 13.8112 95.6137 2
      vertex 13.75 96 2
    endloop
  endfacet
  facet normal 0 0 1
    outer loop
      vertex 11.0113 95.2653 2
      vertex 13.9887 95.2653 2
      vertex 11.1888 95.6137 2
    endloop
  endfacet
  facet normal 0 0 1
    outer loop
      vertex 23.9887 90.2653 2
      vertex 21.0113 90.2653 2
      vertex 23.9887 86.7347 2
    endloop
  endfacet
  facet normal 0 0 1
    outer loop
      vertex 23.9887 86.7347 2
      vertex 21.1888 86.3863 2
      vertex 21.25 86 2
    endloop
  endfacet
  facet normal 0 0 1
    outer loop
      vertex 21.0113 86.7347 2
      vertex 23.9887 86.7347 2
      vertex 21.0113 90.2653 2
    endloop
  endfacet
  facet normal 0 0 1
    outer loop
      vertex 23.9887 86.7347 2
      vertex 21.0113 86.7347 2
      vertex 21.1888 86.3863 2
    endloop
  endfacet
  facet normal -0 0 1
    outer loop
      vertex 20.7347 89.9887 2
      vertex 21.0113 86.7347 2
      vertex 21.0113 90.2653 2
    endloop
  endfacet
  facet normal 0 0 1
    outer loop
      vertex 20.7347 89.9887 2
      vertex 20.7347 87.0113 2
      vertex 21.0113 86.7347 2
    endloop
  endfacet
  facet normal -0 0 1
    outer loop
      vertex 20.3863 89.8112 2
      vertex 20.7347 87.0113 2
      vertex 20.7347 89.9887 2
    endloop
  endfacet
  facet normal 0 0 1
    outer loop
      vertex 20.3863 89.8112 2
      vertex 20.3863 87.1888 2
      vertex 20.7347 87.0113 2
    endloop
  endfacet
  facet normal -0 0 1
    outer loop
      vertex 20 89.75 2
      vertex 20.3863 87.1888 2
      vertex 20.3863 89.8112 2
    endloop
  endfacet
  facet normal 0 0 1
    outer loop
      vertex 20 89.75 2
      vertex 20 87.25 2
      vertex 20.3863 87.1888 2
    endloop
  endfacet
  facet normal 0 0 1
    outer loop
      vertex 19.6137 89.8112 2
      vertex 20 87.25 2
      vertex 20 89.75 2
    endloop
  endfacet
  facet normal 0 0 1
    outer loop
      vertex 19.6137 89.8112 2
      vertex 19.6137 87.1888 2
      vertex 20 87.25 2
    endloop
  endfacet
  facet normal 0 0 1
    outer loop
      vertex 19.2653 89.9887 2
      vertex 19.6137 87.1888 2
      vertex 19.6137 89.8112 2
    endloop
  endfacet
  facet normal 0 0 1
    outer loop
      vertex 19.2653 89.9887 2
      vertex 19.2653 87.0113 2
      vertex 19.6137 87.1888 2
    endloop
  endfacet
  facet normal 0 0 1
    outer loop
      vertex 18.9887 90.2653 2
      vertex 19.2653 87.0113 2
      vertex 19.2653 89.9887 2
    endloop
  endfacet
  facet normal 0 0 1
    outer loop
      vertex 18.9887 90.2653 2
      vertex 18.9887 86.7347 2
      vertex 19.2653 87.0113 2
    endloop
  endfacet
  facet normal 0 0 1
    outer loop
      vertex 16.1888 90.6137 2
      vertex 18.8112 90.6137 2
      vertex 16.25 91 2
    endloop
  endfacet
  facet normal 0 0 1
    outer loop
      vertex 18.8112 90.6137 2
      vertex 16.1888 90.6137 2
      vertex 18.9887 90.2653 2
    endloop
  endfacet
  facet normal -0 0 1
    outer loop
      vertex 16.25 91 2
      vertex 18.8112 90.6137 2
      vertex 18.75 91 2
    endloop
  endfacet
  facet normal 0 0 1
    outer loop
      vertex 16.0113 90.2653 2
      vertex 18.9887 90.2653 2
      vertex 16.1888 90.6137 2
    endloop
  endfacet
  facet normal 0 0 1
    outer loop
      vertex 23.9887 95.2653 2
      vertex 21.0113 95.2653 2
      vertex 23.9887 91.7347 2
    endloop
  endfacet
  facet normal 0 0 1
    outer loop
      vertex 23.9887 91.7347 2
      vertex 21.1888 91.3863 2
      vertex 21.25 91 2
    endloop
  endfacet
  facet normal 0 0 1
    outer loop
      vertex 21.0113 91.7347 2
      vertex 23.9887 91.7347 2
      vertex 21.0113 95.2653 2
    endloop
  endfacet
  facet normal 0 0 1
    outer loop
      vertex 23.9887 91.7347 2
      vertex 21.0113 91.7347 2
      vertex 21.1888 91.3863 2
    endloop
  endfacet
  facet normal -0 0 1
    outer loop
      vertex 20.7347 94.9887 2
      vertex 21.0113 91.7347 2
      vertex 21.0113 95.2653 2
    endloop
  endfacet
  facet normal 0 0 1
    outer loop
      vertex 20.7347 94.9887 2
      vertex 20.7347 92.0113 2
      vertex 21.0113 91.7347 2
    endloop
  endfacet
  facet normal -0 0 1
    outer loop
      vertex 20.3863 94.8112 2
      vertex 20.7347 92.0113 2
      vertex 20.7347 94.9887 2
    endloop
  endfacet
  facet normal 0 0 1
    outer loop
      vertex 20.3863 94.8112 2
      vertex 20.3863 92.1888 2
      vertex 20.7347 92.0113 2
    endloop
  endfacet
  facet normal -0 0 1
    outer loop
      vertex 20 94.75 2
      vertex 20.3863 92.1888 2
      vertex 20.3863 94.8112 2
    endloop
  endfacet
  facet normal 0 0 1
    outer loop
      vertex 20 94.75 2
      vertex 20 92.25 2
      vertex 20.3863 92.1888 2
    endloop
  endfacet
  facet normal 0 0 1
    outer loop
      vertex 19.6137 94.8112 2
      vertex 20 92.25 2
      vertex 20 94.75 2
    endloop
  endfacet
  facet normal 0 0 1
    outer loop
      vertex 19.6137 94.8112 2
      vertex 19.6137 92.1888 2
      vertex 20 92.25 2
    endloop
  endfacet
  facet normal 0 0 1
    outer loop
      vertex 19.2653 94.9887 2
      vertex 19.6137 92.1888 2
      vertex 19.6137 94.8112 2
    endloop
  endfacet
  facet normal 0 0 1
    outer loop
      vertex 19.2653 94.9887 2
      vertex 19.2653 92.0113 2
      vertex 19.6137 92.1888 2
    endloop
  endfacet
  facet normal 0 0 1
    outer loop
      vertex 18.9887 95.2653 2
      vertex 19.2653 92.0113 2
      vertex 19.2653 94.9887 2
    endloop
  endfacet
  facet normal 0 0 1
    outer loop
      vertex 18.9887 95.2653 2
      vertex 18.9887 91.7347 2
      vertex 19.2653 92.0113 2
    endloop
  endfacet
  facet normal 0 0 1
    outer loop
      vertex 16.1888 95.6137 2
      vertex 18.8112 95.6137 2
      vertex 16.25 96 2
    endloop
  endfacet
  facet normal 0 0 1
    outer loop
      vertex 18.8112 95.6137 2
      vertex 16.1888 95.6137 2
      vertex 18.9887 95.2653 2
    endloop
  endfacet
  facet normal -0 0 1
    outer loop
      vertex 16.25 96 2
      vertex 18.8112 95.6137 2
      vertex 18.75 96 2
    endloop
  endfacet
  facet normal 0 0 1
    outer loop
      vertex 16.0113 95.2653 2
      vertex 18.9887 95.2653 2
      vertex 16.1888 95.6137 2
    endloop
  endfacet
  facet normal 0 0 1
    outer loop
      vertex 28.9887 90.2653 2
      vertex 26.0113 90.2653 2
      vertex 28.9887 86.7347 2
    endloop
  endfacet
  facet normal 0 0 1
    outer loop
      vertex 28.9887 86.7347 2
      vertex 26.1888 86.3863 2
      vertex 26.25 86 2
    endloop
  endfacet
  facet normal 0 0 1
    outer loop
      vertex 26.0113 86.7347 2
      vertex 28.9887 86.7347 2
      vertex 26.0113 90.2653 2
    endloop
  endfacet
  facet normal 0 0 1
    outer loop
      vertex 28.9887 86.7347 2
      vertex 26.0113 86.7347 2
      vertex 26.1888 86.3863 2
    endloop
  endfacet
  facet normal -0 0 1
    outer loop
      vertex 25.7347 89.9887 2
      vertex 26.0113 86.7347 2
      vertex 26.0113 90.2653 2
    endloop
  endfacet
  facet normal 0 0 1
    outer loop
      vertex 25.7347 89.9887 2
      vertex 25.7347 87.0113 2
      vertex 26.0113 86.7347 2
    endloop
  endfacet
  facet normal -0 0 1
    outer loop
      vertex 25.3863 89.8112 2
      vertex 25.7347 87.0113 2
      vertex 25.7347 89.9887 2
    endloop
  endfacet
  facet normal 0 0 1
    outer loop
      vertex 25.3863 89.8112 2
      vertex 25.3863 87.1888 2
      vertex 25.7347 87.0113 2
    endloop
  endfacet
  facet normal -0 0 1
    outer loop
      vertex 25 89.75 2
      vertex 25.3863 87.1888 2
      vertex 25.3863 89.8112 2
    endloop
  endfacet
  facet normal 0 0 1
    outer loop
      vertex 25 89.75 2
      vertex 25 87.25 2
      vertex 25.3863 87.1888 2
    endloop
  endfacet
  facet normal 0 0 1
    outer loop
      vertex 24.6137 89.8112 2
      vertex 25 87.25 2
      vertex 25 89.75 2
    endloop
  endfacet
  facet normal 0 0 1
    outer loop
      vertex 24.6137 89.8112 2
      vertex 24.6137 87.1888 2
      vertex 25 87.25 2
    endloop
  endfacet
  facet normal 0 0 1
    outer loop
      vertex 24.2653 89.9887 2
      vertex 24.6137 87.1888 2
      vertex 24.6137 89.8112 2
    endloop
  endfacet
  facet normal 0 0 1
    outer loop
      vertex 24.2653 89.9887 2
      vertex 24.2653 87.0113 2
      vertex 24.6137 87.1888 2
    endloop
  endfacet
  facet normal 0 0 1
    outer loop
      vertex 23.9887 90.2653 2
      vertex 24.2653 87.0113 2
      vertex 24.2653 89.9887 2
    endloop
  endfacet
  facet normal 0 0 1
    outer loop
      vertex 23.9887 90.2653 2
      vertex 23.9887 86.7347 2
      vertex 24.2653 87.0113 2
    endloop
  endfacet
  facet normal 0 0 1
    outer loop
      vertex 21.1888 90.6137 2
      vertex 23.8112 90.6137 2
      vertex 21.25 91 2
    endloop
  endfacet
  facet normal 0 0 1
    outer loop
      vertex 23.8112 90.6137 2
      vertex 21.1888 90.6137 2
      vertex 23.9887 90.2653 2
    endloop
  endfacet
  facet normal -0 0 1
    outer loop
      vertex 21.25 91 2
      vertex 23.8112 90.6137 2
      vertex 23.75 91 2
    endloop
  endfacet
  facet normal 0 0 1
    outer loop
      vertex 21.0113 90.2653 2
      vertex 23.9887 90.2653 2
      vertex 21.1888 90.6137 2
    endloop
  endfacet
  facet normal 0 0 1
    outer loop
      vertex 28.9887 95.2653 2
      vertex 26.0113 95.2653 2
      vertex 28.9887 91.7347 2
    endloop
  endfacet
  facet normal 0 0 1
    outer loop
      vertex 28.9887 91.7347 2
      vertex 26.1888 91.3863 2
      vertex 26.25 91 2
    endloop
  endfacet
  facet normal 0 0 1
    outer loop
      vertex 26.0113 91.7347 2
      vertex 28.9887 91.7347 2
      vertex 26.0113 95.2653 2
    endloop
  endfacet
  facet normal 0 0 1
    outer loop
      vertex 28.9887 91.7347 2
      vertex 26.0113 91.7347 2
      vertex 26.1888 91.3863 2
    endloop
  endfacet
  facet normal -0 0 1
    outer loop
      vertex 25.7347 94.9887 2
      vertex 26.0113 91.7347 2
      vertex 26.0113 95.2653 2
    endloop
  endfacet
  facet normal 0 0 1
    outer loop
      vertex 25.7347 94.9887 2
      vertex 25.7347 92.0113 2
      vertex 26.0113 91.7347 2
    endloop
  endfacet
  facet normal -0 0 1
    outer loop
      vertex 25.3863 94.8112 2
      vertex 25.7347 92.0113 2
      vertex 25.7347 94.9887 2
    endloop
  endfacet
  facet normal 0 0 1
    outer loop
      vertex 25.3863 94.8112 2
      vertex 25.3863 92.1888 2
      vertex 25.7347 92.0113 2
    endloop
  endfacet
  facet normal -0 0 1
    outer loop
      vertex 25 94.75 2
      vertex 25.3863 92.1888 2
      vertex 25.3863 94.8112 2
    endloop
  endfacet
  facet normal 0 0 1
    outer loop
      vertex 25 94.75 2
      vertex 25 92.25 2
      vertex 25.3863 92.1888 2
    endloop
  endfacet
  facet normal 0 0 1
    outer loop
      vertex 24.6137 94.8112 2
      vertex 25 92.25 2
      vertex 25 94.75 2
    endloop
  endfacet
  facet normal 0 0 1
    outer loop
      vertex 24.6137 94.8112 2
      vertex 24.6137 92.1888 2
      vertex 25 92.25 2
    endloop
  endfacet
  facet normal 0 0 1
    outer loop
      vertex 24.2653 94.9887 2
      vertex 24.6137 92.1888 2
      vertex 24.6137 94.8112 2
    endloop
  endfacet
  facet normal 0 0 1
    outer loop
      vertex 24.2653 94.9887 2
      vertex 24.2653 92.0113 2
      vertex 24.6137 92.1888 2
    endloop
  endfacet
  facet normal 0 0 1
    outer loop
      vertex 23.9887 95.2653 2
      vertex 24.2653 92.0113 2
      vertex 24.2653 94.9887 2
    endloop
  endfacet
  facet normal 0 0 1
    outer loop
      vertex 23.9887 95.2653 2
      vertex 23.9887 91.7347 2
      vertex 24.2653 92.0113 2
    endloop
  endfacet
  facet normal 0 0 1
    outer loop
      vertex 21.1888 95.6137 2
      vertex 23.8112 95.6137 2
      vertex 21.25 96 2
    endloop
  endfacet
  facet normal 0 0 1
    outer loop
      vertex 23.8112 95.6137 2
      vertex 21.1888 95.6137 2
      vertex 23.9887 95.2653 2
    endloop
  endfacet
  facet normal -0 0 1
    outer loop
      vertex 21.25 96 2
      vertex 23.8112 95.6137 2
      vertex 23.75 96 2
    endloop
  endfacet
  facet normal 0 0 1
    outer loop
      vertex 21.0113 95.2653 2
      vertex 23.9887 95.2653 2
      vertex 21.1888 95.6137 2
    endloop
  endfacet
  facet normal -0 0 1
    outer loop
      vertex 31.1888 90.6137 2
      vertex 31.25 86 2
      vertex 31.25 91 2
    endloop
  endfacet
  facet normal 0 0 1
    outer loop
      vertex 31.1888 90.6137 2
      vertex 31.1888 86.3863 2
      vertex 31.25 86 2
    endloop
  endfacet
  facet normal -0 0 1
    outer loop
      vertex 31.0113 90.2653 2
      vertex 31.1888 86.3863 2
      vertex 31.1888 90.6137 2
    endloop
  endfacet
  facet normal 0 0 1
    outer loop
      vertex 31.0113 90.2653 2
      vertex 31.0113 86.7347 2
      vertex 31.1888 86.3863 2
    endloop
  endfacet
  facet normal -0 0 1
    outer loop
      vertex 30.7347 89.9887 2
      vertex 31.0113 86.7347 2
      vertex 31.0113 90.2653 2
    endloop
  endfacet
  facet normal 0 0 1
    outer loop
      vertex 30.7347 89.9887 2
      vertex 30.7347 87.0113 2
      vertex 31.0113 86.7347 2
    endloop
  endfacet
  facet normal -0 0 1
    outer loop
      vertex 30.3863 89.8112 2
      vertex 30.7347 87.0113 2
      vertex 30.7347 89.9887 2
    endloop
  endfacet
  facet normal 0 0 1
    outer loop
      vertex 30.3863 89.8112 2
      vertex 30.3863 87.1888 2
      vertex 30.7347 87.0113 2
    endloop
  endfacet
  facet normal -0 0 1
    outer loop
      vertex 30 89.75 2
      vertex 30.3863 87.1888 2
      vertex 30.3863 89.8112 2
    endloop
  endfacet
  facet normal 0 0 1
    outer loop
      vertex 30 89.75 2
      vertex 30 87.25 2
      vertex 30.3863 87.1888 2
    endloop
  endfacet
  facet normal 0 0 1
    outer loop
      vertex 29.6137 89.8112 2
      vertex 30 87.25 2
      vertex 30 89.75 2
    endloop
  endfacet
  facet normal 0 0 1
    outer loop
      vertex 29.6137 89.8112 2
      vertex 29.6137 87.1888 2
      vertex 30 87.25 2
    endloop
  endfacet
  facet normal 0 0 1
    outer loop
      vertex 29.2653 89.9887 2
      vertex 29.6137 87.1888 2
      vertex 29.6137 89.8112 2
    endloop
  endfacet
  facet normal 0 0 1
    outer loop
      vertex 29.2653 89.9887 2
      vertex 29.2653 87.0113 2
      vertex 29.6137 87.1888 2
    endloop
  endfacet
  facet normal 0 0 1
    outer loop
      vertex 28.9887 90.2653 2
      vertex 29.2653 87.0113 2
      vertex 29.2653 89.9887 2
    endloop
  endfacet
  facet normal 0 0 1
    outer loop
      vertex 28.9887 90.2653 2
      vertex 28.9887 86.7347 2
      vertex 29.2653 87.0113 2
    endloop
  endfacet
  facet normal 0 0 1
    outer loop
      vertex 26.1888 90.6137 2
      vertex 28.8112 90.6137 2
      vertex 26.25 91 2
    endloop
  endfacet
  facet normal 0 0 1
    outer loop
      vertex 28.8112 90.6137 2
      vertex 26.1888 90.6137 2
      vertex 28.9887 90.2653 2
    endloop
  endfacet
  facet normal -0 0 1
    outer loop
      vertex 26.25 91 2
      vertex 28.8112 90.6137 2
      vertex 28.75 91 2
    endloop
  endfacet
  facet normal 0 0 1
    outer loop
      vertex 26.0113 90.2653 2
      vertex 28.9887 90.2653 2
      vertex 26.1888 90.6137 2
    endloop
  endfacet
  facet normal -0 0 1
    outer loop
      vertex 31.1888 95.6137 2
      vertex 31.25 91 2
      vertex 31.25 96 2
    endloop
  endfacet
  facet normal 0 0 1
    outer loop
      vertex 31.1888 95.6137 2
      vertex 31.1888 91.3863 2
      vertex 31.25 91 2
    endloop
  endfacet
  facet normal -0 0 1
    outer loop
      vertex 31.0113 95.2653 2
      vertex 31.1888 91.3863 2
      vertex 31.1888 95.6137 2
    endloop
  endfacet
  facet normal 0 0 1
    outer loop
      vertex 31.0113 95.2653 2
      vertex 31.0113 91.7347 2
      vertex 31.1888 91.3863 2
    endloop
  endfacet
  facet normal -0 0 1
    outer loop
      vertex 30.7347 94.9887 2
      vertex 31.0113 91.7347 2
      vertex 31.0113 95.2653 2
    endloop
  endfacet
  facet normal 0 0 1
    outer loop
      vertex 30.7347 94.9887 2
      vertex 30.7347 92.0113 2
      vertex 31.0113 91.7347 2
    endloop
  endfacet
  facet normal -0 0 1
    outer loop
      vertex 30.3863 94.8112 2
      vertex 30.7347 92.0113 2
      vertex 30.7347 94.9887 2
    endloop
  endfacet
  facet normal 0 0 1
    outer loop
      vertex 30.3863 94.8112 2
      vertex 30.3863 92.1888 2
      vertex 30.7347 92.0113 2
    endloop
  endfacet
  facet normal -0 0 1
    outer loop
      vertex 30 94.75 2
      vertex 30.3863 92.1888 2
      vertex 30.3863 94.8112 2
    endloop
  endfacet
  facet normal 0 0 1
    outer loop
      vertex 30 94.75 2
      vertex 30 92.25 2
      vertex 30.3863 92.1888 2
    endloop
  endfacet
  facet normal 0 0 1
    outer loop
      vertex 29.6137 94.8112 2
      vertex 30 92.25 2
      vertex 30 94.75 2
    endloop
  endfacet
  facet normal 0 0 1
    outer loop
      vertex 29.6137 94.8112 2
      vertex 29.6137 92.1888 2
      vertex 30 92.25 2
    endloop
  endfacet
  facet normal 0 0 1
    outer loop
      vertex 29.2653 94.9887 2
      vertex 29.6137 92.1888 2
      vertex 29.6137 94.8112 2
    endloop
  endfacet
  facet normal 0 0 1
    outer loop
      vertex 29.2653 94.9887 2
      vertex 29.2653 92.0113 2
      vertex 29.6137 92.1888 2
    endloop
  endfacet
  facet normal 0 0 1
    outer loop
      vertex 28.9887 95.2653 2
      vertex 29.2653 92.0113 2
      vertex 29.2653 94.9887 2
    endloop
  endfacet
  facet normal 0 0 1
    outer loop
      vertex 28.9887 95.2653 2
      vertex 28.9887 91.7347 2
      vertex 29.2653 92.0113 2
    endloop
  endfacet
  facet normal 0 0 1
    outer loop
      vertex 26.1888 95.6137 2
      vertex 28.8112 95.6137 2
      vertex 26.25 96 2
    endloop
  endfacet
  facet normal 0 0 1
    outer loop
      vertex 28.8112 95.6137 2
      vertex 26.1888 95.6137 2
      vertex 28.9887 95.2653 2
    endloop
  endfacet
  facet normal -0 0 1
    outer loop
      vertex 26.25 96 2
      vertex 28.8112 95.6137 2
      vertex 28.75 96 2
    endloop
  endfacet
  facet normal 0 0 1
    outer loop
      vertex 26.0113 95.2653 2
      vertex 28.9887 95.2653 2
      vertex 26.1888 95.6137 2
    endloop
  endfacet
  facet normal 0 0 1
    outer loop
      vertex 31.25 91 2
      vertex 75.1021 108 2
      vertex 31.25 96 2
    endloop
  endfacet
  facet normal 0 0 1
    outer loop
      vertex 75.1021 108 2
      vertex 31.1888 96.3863 2
      vertex 31.25 96 2
    endloop
  endfacet
  facet normal 0 0 1
    outer loop
      vertex 75.1021 108 2
      vertex 31.0113 96.7347 2
      vertex 31.1888 96.3863 2
    endloop
  endfacet
  facet normal 0 0 1
    outer loop
      vertex 75.1021 108 2
      vertex 30.7347 97.0113 2
      vertex 31.0113 96.7347 2
    endloop
  endfacet
  facet normal 0 0 1
    outer loop
      vertex 75.1021 108 2
      vertex 30.3863 97.1888 2
      vertex 30.7347 97.0113 2
    endloop
  endfacet
  facet normal -0 0 1
    outer loop
      vertex 4.89787 108 2
      vertex 30.3863 97.1888 2
      vertex 75.1021 108 2
    endloop
  endfacet
  facet normal 0 0 1
    outer loop
      vertex 30.3863 97.1888 2
      vertex 4.89787 108 2
      vertex 30 97.25 2
    endloop
  endfacet
  facet normal 0 0 1
    outer loop
      vertex 28.8112 91.3863 2
      vertex 26.25 91 2
      vertex 28.75 91 2
    endloop
  endfacet
  facet normal 0 0 1
    outer loop
      vertex 28.9887 91.7347 2
      vertex 26.25 91 2
      vertex 28.8112 91.3863 2
    endloop
  endfacet
  facet normal 0 0 1
    outer loop
      vertex 28.8112 96.3863 2
      vertex 26.25 96 2
      vertex 28.75 96 2
    endloop
  endfacet
  facet normal 0 0 1
    outer loop
      vertex 26.1888 96.3863 2
      vertex 28.8112 96.3863 2
      vertex 28.9887 96.7347 2
    endloop
  endfacet
  facet normal 0 0 1
    outer loop
      vertex 26.0113 96.7347 2
      vertex 28.9887 96.7347 2
      vertex 29.2653 97.0113 2
    endloop
  endfacet
  facet normal 0 0 1
    outer loop
      vertex 25.7347 97.0113 2
      vertex 29.2653 97.0113 2
      vertex 29.6137 97.1888 2
    endloop
  endfacet
  facet normal 0 0 1
    outer loop
      vertex 28.8112 96.3863 2
      vertex 26.1888 96.3863 2
      vertex 26.25 96 2
    endloop
  endfacet
  facet normal 0 -0 1
    outer loop
      vertex 25 97.25 2
      vertex 30 97.25 2
      vertex 4.89787 108 2
    endloop
  endfacet
  facet normal 0 0 1
    outer loop
      vertex 28.9887 96.7347 2
      vertex 26.0113 96.7347 2
      vertex 26.1888 96.3863 2
    endloop
  endfacet
  facet normal 0 0 1
    outer loop
      vertex 29.2653 97.0113 2
      vertex 25.7347 97.0113 2
      vertex 26.0113 96.7347 2
    endloop
  endfacet
  facet normal 0 0 1
    outer loop
      vertex 29.6137 97.1888 2
      vertex 25.3863 97.1888 2
      vertex 25.7347 97.0113 2
    endloop
  endfacet
  facet normal 0 0 1
    outer loop
      vertex 30 97.25 2
      vertex 25 97.25 2
      vertex 29.6137 97.1888 2
    endloop
  endfacet
  facet normal 0 0 1
    outer loop
      vertex 29.6137 97.1888 2
      vertex 25 97.25 2
      vertex 25.3863 97.1888 2
    endloop
  endfacet
  facet normal 0 0 1
    outer loop
      vertex 23.8112 91.3863 2
      vertex 21.25 91 2
      vertex 23.75 91 2
    endloop
  endfacet
  facet normal 0 0 1
    outer loop
      vertex 23.9887 91.7347 2
      vertex 21.25 91 2
      vertex 23.8112 91.3863 2
    endloop
  endfacet
  facet normal 0 0 1
    outer loop
      vertex 23.8112 96.3863 2
      vertex 21.25 96 2
      vertex 23.75 96 2
    endloop
  endfacet
  facet normal 0 0 1
    outer loop
      vertex 21.1888 96.3863 2
      vertex 23.8112 96.3863 2
      vertex 23.9887 96.7347 2
    endloop
  endfacet
  facet normal 0 0 1
    outer loop
      vertex 21.0113 96.7347 2
      vertex 23.9887 96.7347 2
      vertex 24.2653 97.0113 2
    endloop
  endfacet
  facet normal 0 0 1
    outer loop
      vertex 20.7347 97.0113 2
      vertex 24.2653 97.0113 2
      vertex 24.6137 97.1888 2
    endloop
  endfacet
  facet normal 0 0 1
    outer loop
      vertex 23.8112 96.3863 2
      vertex 21.1888 96.3863 2
      vertex 21.25 96 2
    endloop
  endfacet
  facet normal 0 0 1
    outer loop
      vertex 23.9887 96.7347 2
      vertex 21.0113 96.7347 2
      vertex 21.1888 96.3863 2
    endloop
  endfacet
  facet normal 0 -0 1
    outer loop
      vertex 20 97.25 2
      vertex 25 97.25 2
      vertex 4.89787 108 2
    endloop
  endfacet
  facet normal 0 0 1
    outer loop
      vertex 24.2653 97.0113 2
      vertex 20.7347 97.0113 2
      vertex 21.0113 96.7347 2
    endloop
  endfacet
  facet normal 0 0 1
    outer loop
      vertex 24.6137 97.1888 2
      vertex 20.3863 97.1888 2
      vertex 20.7347 97.0113 2
    endloop
  endfacet
  facet normal 0 0 1
    outer loop
      vertex 25 97.25 2
      vertex 20 97.25 2
      vertex 24.6137 97.1888 2
    endloop
  endfacet
  facet normal 0 0 1
    outer loop
      vertex 24.6137 97.1888 2
      vertex 20 97.25 2
      vertex 20.3863 97.1888 2
    endloop
  endfacet
  facet normal 0 0 1
    outer loop
      vertex 18.8112 91.3863 2
      vertex 16.25 91 2
      vertex 18.75 91 2
    endloop
  endfacet
  facet normal 0 0 1
    outer loop
      vertex 18.9887 91.7347 2
      vertex 16.25 91 2
      vertex 18.8112 91.3863 2
    endloop
  endfacet
  facet normal 0 0 1
    outer loop
      vertex 18.8112 96.3863 2
      vertex 16.25 96 2
      vertex 18.75 96 2
    endloop
  endfacet
  facet normal 0 0 1
    outer loop
      vertex 16.1888 96.3863 2
      vertex 18.8112 96.3863 2
      vertex 18.9887 96.7347 2
    endloop
  endfacet
  facet normal 0 0 1
    outer loop
      vertex 16.0113 96.7347 2
      vertex 18.9887 96.7347 2
      vertex 19.2653 97.0113 2
    endloop
  endfacet
  facet normal 0 0 1
    outer loop
      vertex 15.7347 97.0113 2
      vertex 19.2653 97.0113 2
      vertex 19.6137 97.1888 2
    endloop
  endfacet
  facet normal 0 0 1
    outer loop
      vertex 18.8112 96.3863 2
      vertex 16.1888 96.3863 2
      vertex 16.25 96 2
    endloop
  endfacet
  facet normal 0 0 1
    outer loop
      vertex 18.9887 96.7347 2
      vertex 16.0113 96.7347 2
      vertex 16.1888 96.3863 2
    endloop
  endfacet
  facet normal 0 0 1
    outer loop
      vertex 20 97.25 2
      vertex 4.89787 108 2
      vertex 19.6137 97.1888 2
    endloop
  endfacet
  facet normal 0 0 1
    outer loop
      vertex 19.2653 97.0113 2
      vertex 15.7347 97.0113 2
      vertex 16.0113 96.7347 2
    endloop
  endfacet
  facet normal 0 -0 1
    outer loop
      vertex 15.3863 97.1888 2
      vertex 19.6137 97.1888 2
      vertex 4.89787 108 2
    endloop
  endfacet
  facet normal 0 0 1
    outer loop
      vertex 19.6137 97.1888 2
      vertex 15.3863 97.1888 2
      vertex 15.7347 97.0113 2
    endloop
  endfacet
  facet normal 0 0 1
    outer loop
      vertex 15.3863 97.1888 2
      vertex 4.89787 108 2
      vertex 15 97.25 2
    endloop
  endfacet
  facet normal 0 0 1
    outer loop
      vertex 13.8112 91.3863 2
      vertex 11.25 91 2
      vertex 13.75 91 2
    endloop
  endfacet
  facet normal 0 0 1
    outer loop
      vertex 13.9887 91.7347 2
      vertex 11.25 91 2
      vertex 13.8112 91.3863 2
    endloop
  endfacet
  facet normal 0 0 1
    outer loop
      vertex 13.8112 96.3863 2
      vertex 11.25 96 2
      vertex 13.75 96 2
    endloop
  endfacet
  facet normal 0 0 1
    outer loop
      vertex 11.1888 96.3863 2
      vertex 13.8112 96.3863 2
      vertex 13.9887 96.7347 2
    endloop
  endfacet
  facet normal 0 0 1
    outer loop
      vertex 11.0113 96.7347 2
      vertex 13.9887 96.7347 2
      vertex 14.2653 97.0113 2
    endloop
  endfacet
  facet normal 0 0 1
    outer loop
      vertex 10.7347 97.0113 2
      vertex 14.2653 97.0113 2
      vertex 14.6137 97.1888 2
    endloop
  endfacet
  facet normal 0 0 1
    outer loop
      vertex 13.8112 96.3863 2
      vertex 11.1888 96.3863 2
      vertex 11.25 96 2
    endloop
  endfacet
  facet normal 0 0 1
    outer loop
      vertex 13.9887 96.7347 2
      vertex 11.0113 96.7347 2
      vertex 11.1888 96.3863 2
    endloop
  endfacet
  facet normal 0 0 1
    outer loop
      vertex 15 97.25 2
      vertex 4.89787 108 2
      vertex 14.6137 97.1888 2
    endloop
  endfacet
  facet normal 0 -0 1
    outer loop
      vertex 10.3863 97.1888 2
      vertex 14.6137 97.1888 2
      vertex 4.89787 108 2
    endloop
  endfacet
  facet normal 0 0 1
    outer loop
      vertex 14.2653 97.0113 2
      vertex 10.7347 97.0113 2
      vertex 11.0113 96.7347 2
    endloop
  endfacet
  facet normal 0 0 1
    outer loop
      vertex 14.6137 97.1888 2
      vertex 10.3863 97.1888 2
      vertex 10.7347 97.0113 2
    endloop
  endfacet
  facet normal 0 0 1
    outer loop
      vertex 10.3863 97.1888 2
      vertex 4.89787 108 2
      vertex 10 97.25 2
    endloop
  endfacet
  facet normal 0 0 1
    outer loop
      vertex 4.89787 108 2
      vertex 8.75 91 2
      vertex 8.75 96 2
    endloop
  endfacet
  facet normal 0 0 1
    outer loop
      vertex 8.75 91 2
      vertex 4.89787 108 2
      vertex 8.75 86 2
    endloop
  endfacet
  facet normal 0 0 1
    outer loop
      vertex 8.81118 96.3863 2
      vertex 4.89787 108 2
      vertex 8.75 96 2
    endloop
  endfacet
  facet normal 0 0 1
    outer loop
      vertex 8.98873 96.7347 2
      vertex 4.89787 108 2
      vertex 8.81118 96.3863 2
    endloop
  endfacet
  facet normal 0 0 1
    outer loop
      vertex 9.26527 97.0113 2
      vertex 4.89787 108 2
      vertex 8.98873 96.7347 2
    endloop
  endfacet
  facet normal 0 0 1
    outer loop
      vertex 9.61373 97.1888 2
      vertex 4.89787 108 2
      vertex 9.26527 97.0113 2
    endloop
  endfacet
  facet normal 0 0 1
    outer loop
      vertex 10 97.25 2
      vertex 4.89787 108 2
      vertex 9.61373 97.1888 2
    endloop
  endfacet
  facet normal 0 0 1
    outer loop
      vertex 31.25 86 2
      vertex 75.1021 108 2
      vertex 31.25 91 2
    endloop
  endfacet
  facet normal 0 0 1
    outer loop
      vertex 31.1888 85.6137 2
      vertex 75.1021 108 2
      vertex 31.25 86 2
    endloop
  endfacet
  facet normal 0 0 1
    outer loop
      vertex 31.0113 85.2653 2
      vertex 75.1021 108 2
      vertex 31.1888 85.6137 2
    endloop
  endfacet
  facet normal 0 0 1
    outer loop
      vertex 75.1021 108 2
      vertex 31.0113 85.2653 2
      vertex 75.1021 2 2
    endloop
  endfacet
  facet normal -0 0 1
    outer loop
      vertex 30.7347 84.9887 2
      vertex 75.1021 2 2
      vertex 31.0113 85.2653 2
    endloop
  endfacet
  facet normal -0 0 1
    outer loop
      vertex 30.3863 84.8112 2
      vertex 75.1021 2 2
      vertex 30.7347 84.9887 2
    endloop
  endfacet
  facet normal 0 0 1
    outer loop
      vertex 4.89787 2 2
      vertex 30.3863 84.8112 2
      vertex 30 84.75 2
    endloop
  endfacet
  facet normal 0 0 1
    outer loop
      vertex 25 84.75 2
      vertex 30 84.75 2
      vertex 29.6137 84.8112 2
    endloop
  endfacet
  facet normal 0 0 1
    outer loop
      vertex 25.3863 84.8112 2
      vertex 29.6137 84.8112 2
      vertex 29.2653 84.9887 2
    endloop
  endfacet
  facet normal 0 0 1
    outer loop
      vertex 25.7347 84.9887 2
      vertex 29.2653 84.9887 2
      vertex 28.9887 85.2653 2
    endloop
  endfacet
  facet normal 0 0 1
    outer loop
      vertex 28.9887 86.7347 2
      vertex 26.25 86 2
      vertex 28.8112 86.3863 2
    endloop
  endfacet
  facet normal 0 0 1
    outer loop
      vertex 28.8112 86.3863 2
      vertex 26.25 86 2
      vertex 28.75 86 2
    endloop
  endfacet
  facet normal 0 0 1
    outer loop
      vertex 28.75 86 2
      vertex 26.25 86 2
      vertex 28.8112 85.6137 2
    endloop
  endfacet
  facet normal 0 0 1
    outer loop
      vertex 26.1888 85.6137 2
      vertex 28.8112 85.6137 2
      vertex 26.25 86 2
    endloop
  endfacet
  facet normal 0 0 1
    outer loop
      vertex 28.8112 85.6137 2
      vertex 26.1888 85.6137 2
      vertex 28.9887 85.2653 2
    endloop
  endfacet
  facet normal 0 0 1
    outer loop
      vertex 26.0113 85.2653 2
      vertex 28.9887 85.2653 2
      vertex 26.1888 85.6137 2
    endloop
  endfacet
  facet normal 0 0 1
    outer loop
      vertex 25.7347 84.9887 2
      vertex 28.9887 85.2653 2
      vertex 26.0113 85.2653 2
    endloop
  endfacet
  facet normal 0 0 1
    outer loop
      vertex 29.2653 84.9887 2
      vertex 25.7347 84.9887 2
      vertex 25.3863 84.8112 2
    endloop
  endfacet
  facet normal 0 0 1
    outer loop
      vertex 29.6137 84.8112 2
      vertex 25.3863 84.8112 2
      vertex 25 84.75 2
    endloop
  endfacet
  facet normal 0 0 1
    outer loop
      vertex 30 84.75 2
      vertex 25 84.75 2
      vertex 4.89787 2 2
    endloop
  endfacet
  facet normal 0 0 1
    outer loop
      vertex 20 84.75 2
      vertex 25 84.75 2
      vertex 24.6137 84.8112 2
    endloop
  endfacet
  facet normal 0 0 1
    outer loop
      vertex 20.3863 84.8112 2
      vertex 24.6137 84.8112 2
      vertex 24.2653 84.9887 2
    endloop
  endfacet
  facet normal 0 0 1
    outer loop
      vertex 20.7347 84.9887 2
      vertex 24.2653 84.9887 2
      vertex 23.9887 85.2653 2
    endloop
  endfacet
  facet normal 0 0 1
    outer loop
      vertex 23.9887 86.7347 2
      vertex 21.25 86 2
      vertex 23.8112 86.3863 2
    endloop
  endfacet
  facet normal 0 0 1
    outer loop
      vertex 23.8112 86.3863 2
      vertex 21.25 86 2
      vertex 23.75 86 2
    endloop
  endfacet
  facet normal 0 0 1
    outer loop
      vertex 23.75 86 2
      vertex 21.25 86 2
      vertex 23.8112 85.6137 2
    endloop
  endfacet
  facet normal 0 0 1
    outer loop
      vertex 21.1888 85.6137 2
      vertex 23.8112 85.6137 2
      vertex 21.25 86 2
    endloop
  endfacet
  facet normal 0 0 1
    outer loop
      vertex 23.8112 85.6137 2
      vertex 21.1888 85.6137 2
      vertex 23.9887 85.2653 2
    endloop
  endfacet
  facet normal 0 0 1
    outer loop
      vertex 21.0113 85.2653 2
      vertex 23.9887 85.2653 2
      vertex 21.1888 85.6137 2
    endloop
  endfacet
  facet normal 0 0 1
    outer loop
      vertex 20.7347 84.9887 2
      vertex 23.9887 85.2653 2
      vertex 21.0113 85.2653 2
    endloop
  endfacet
  facet normal 0 0 1
    outer loop
      vertex 24.2653 84.9887 2
      vertex 20.7347 84.9887 2
      vertex 20.3863 84.8112 2
    endloop
  endfacet
  facet normal 0 0 1
    outer loop
      vertex 24.6137 84.8112 2
      vertex 20.3863 84.8112 2
      vertex 20 84.75 2
    endloop
  endfacet
  facet normal 0 0 1
    outer loop
      vertex 25 84.75 2
      vertex 20 84.75 2
      vertex 4.89787 2 2
    endloop
  endfacet
  facet normal 0 0 1
    outer loop
      vertex 15 84.75 2
      vertex 20 84.75 2
      vertex 19.6137 84.8112 2
    endloop
  endfacet
  facet normal 0 0 1
    outer loop
      vertex 15.3863 84.8112 2
      vertex 19.6137 84.8112 2
      vertex 19.2653 84.9887 2
    endloop
  endfacet
  facet normal 0 0 1
    outer loop
      vertex 15.7347 84.9887 2
      vertex 19.2653 84.9887 2
      vertex 18.9887 85.2653 2
    endloop
  endfacet
  facet normal 0 0 1
    outer loop
      vertex 18.9887 86.7347 2
      vertex 16.25 86 2
      vertex 18.8112 86.3863 2
    endloop
  endfacet
  facet normal 0 0 1
    outer loop
      vertex 18.8112 86.3863 2
      vertex 16.25 86 2
      vertex 18.75 86 2
    endloop
  endfacet
  facet normal 0 0 1
    outer loop
      vertex 18.75 86 2
      vertex 16.25 86 2
      vertex 18.8112 85.6137 2
    endloop
  endfacet
  facet normal 0 0 1
    outer loop
      vertex 16.1888 85.6137 2
      vertex 18.8112 85.6137 2
      vertex 16.25 86 2
    endloop
  endfacet
  facet normal 0 0 1
    outer loop
      vertex 18.8112 85.6137 2
      vertex 16.1888 85.6137 2
      vertex 18.9887 85.2653 2
    endloop
  endfacet
  facet normal 0 0 1
    outer loop
      vertex 16.0113 85.2653 2
      vertex 18.9887 85.2653 2
      vertex 16.1888 85.6137 2
    endloop
  endfacet
  facet normal 0 0 1
    outer loop
      vertex 15.7347 84.9887 2
      vertex 18.9887 85.2653 2
      vertex 16.0113 85.2653 2
    endloop
  endfacet
  facet normal 0 0 1
    outer loop
      vertex 19.2653 84.9887 2
      vertex 15.7347 84.9887 2
      vertex 15.3863 84.8112 2
    endloop
  endfacet
  facet normal 0 0 1
    outer loop
      vertex 19.6137 84.8112 2
      vertex 15.3863 84.8112 2
      vertex 15 84.75 2
    endloop
  endfacet
  facet normal 0 0 1
    outer loop
      vertex 20 84.75 2
      vertex 15 84.75 2
      vertex 4.89787 2 2
    endloop
  endfacet
  facet normal 0 0 1
    outer loop
      vertex 10 84.75 2
      vertex 15 84.75 2
      vertex 14.6137 84.8112 2
    endloop
  endfacet
  facet normal 0 0 1
    outer loop
      vertex 10.3863 84.8112 2
      vertex 14.6137 84.8112 2
      vertex 14.2653 84.9887 2
    endloop
  endfacet
  facet normal 0 0 1
    outer loop
      vertex 10.7347 84.9887 2
      vertex 14.2653 84.9887 2
      vertex 13.9887 85.2653 2
    endloop
  endfacet
  facet normal 0 0 1
    outer loop
      vertex 13.9887 86.7347 2
      vertex 11.25 86 2
      vertex 13.8112 86.3863 2
    endloop
  endfacet
  facet normal 0 0 1
    outer loop
      vertex 13.8112 86.3863 2
      vertex 11.25 86 2
      vertex 13.75 86 2
    endloop
  endfacet
  facet normal 0 0 1
    outer loop
      vertex 13.75 86 2
      vertex 11.25 86 2
      vertex 13.8112 85.6137 2
    endloop
  endfacet
  facet normal 0 0 1
    outer loop
      vertex 11.1888 85.6137 2
      vertex 13.8112 85.6137 2
      vertex 11.25 86 2
    endloop
  endfacet
  facet normal 0 0 1
    outer loop
      vertex 13.8112 85.6137 2
      vertex 11.1888 85.6137 2
      vertex 13.9887 85.2653 2
    endloop
  endfacet
  facet normal 0 0 1
    outer loop
      vertex 11.0113 85.2653 2
      vertex 13.9887 85.2653 2
      vertex 11.1888 85.6137 2
    endloop
  endfacet
  facet normal 0 0 1
    outer loop
      vertex 10.7347 84.9887 2
      vertex 13.9887 85.2653 2
      vertex 11.0113 85.2653 2
    endloop
  endfacet
  facet normal 0 0 1
    outer loop
      vertex 14.2653 84.9887 2
      vertex 10.7347 84.9887 2
      vertex 10.3863 84.8112 2
    endloop
  endfacet
  facet normal 0 0 1
    outer loop
      vertex 14.6137 84.8112 2
      vertex 10.3863 84.8112 2
      vertex 10 84.75 2
    endloop
  endfacet
  facet normal 0 0 1
    outer loop
      vertex 15 84.75 2
      vertex 10 84.75 2
      vertex 4.89787 2 2
    endloop
  endfacet
  facet normal 0 0 1
    outer loop
      vertex 4.89787 2 2
      vertex 10 84.75 2
      vertex 9.61373 84.8112 2
    endloop
  endfacet
  facet normal 0 0 1
    outer loop
      vertex 4.89787 2 2
      vertex 9.61373 84.8112 2
      vertex 9.26527 84.9887 2
    endloop
  endfacet
  facet normal 0 0 1
    outer loop
      vertex 4.89787 2 2
      vertex 9.26527 84.9887 2
      vertex 8.98873 85.2653 2
    endloop
  endfacet
  facet normal 0 0 1
    outer loop
      vertex 4.89787 2 2
      vertex 8.75 86 2
      vertex 4.89787 108 2
    endloop
  endfacet
  facet normal 0 0 1
    outer loop
      vertex 30.3863 84.8112 2
      vertex 4.89787 2 2
      vertex 75.1021 2 2
    endloop
  endfacet
  facet normal 0 0 1
    outer loop
      vertex 8.81118 85.6137 2
      vertex 4.89787 2 2
      vertex 8.98873 85.2653 2
    endloop
  endfacet
  facet normal 0 0 1
    outer loop
      vertex 8.75 86 2
      vertex 4.89787 2 2
      vertex 8.81118 85.6137 2
    endloop
  endfacet
  facet normal -0.998628 0 0.0523593
    outer loop
      vertex 75.443 60 8.5
      vertex 75.443 39.5 8.5
      vertex 76.2819 60 24.5
    endloop
  endfacet
  facet normal -0.998628 -6.20266e-07 0.0523624
    outer loop
      vertex 76.2819 62 24.5
      vertex 75.1021 108 2
      vertex 75.3643 62 7
    endloop
  endfacet
  facet normal -0.998628 0 0.052368
    outer loop
      vertex 75.1021 2 2
      vertex 75.3643 62 7
      vertex 75.1021 108 2
    endloop
  endfacet
  facet normal -0.998628 8.03725e-07 0.0523624
    outer loop
      vertex 75.3643 37.5 7
      vertex 75.1021 2 2
      vertex 76.2819 37.5 24.5
    endloop
  endfacet
  facet normal -0.998628 0 0.052368
    outer loop
      vertex 75.3643 62 7
      vertex 75.1021 2 2
      vertex 75.3643 37.5 7
    endloop
  endfacet
  facet normal -0.998628 -1.84242e-07 0.0523632
    outer loop
      vertex 75.1021 108 2
      vertex 76.2819 62 24.5
      vertex 77.8787 108 54.953
    endloop
  endfacet
  facet normal -0.998628 0 0.052363
    outer loop
      vertex 76.2819 60 24.5
      vertex 77.8787 108 54.953
      vertex 76.2819 62 24.5
    endloop
  endfacet
  facet normal -0.998628 0 0.0523593
    outer loop
      vertex 76.2819 39.5 24.5
      vertex 76.2819 60 24.5
      vertex 75.443 39.5 8.5
    endloop
  endfacet
  facet normal -0.998628 0 0.052363
    outer loop
      vertex 77.8787 2 54.953
      vertex 76.2819 60 24.5
      vertex 76.2819 39.5 24.5
    endloop
  endfacet
  facet normal -0.998628 0 0.052363
    outer loop
      vertex 77.8787 2 54.953
      vertex 76.2819 39.5 24.5
      vertex 76.2819 37.5 24.5
    endloop
  endfacet
  facet normal -0.998628 0 0.052363
    outer loop
      vertex 76.2819 60 24.5
      vertex 77.8787 2 54.953
      vertex 77.8787 108 54.953
    endloop
  endfacet
  facet normal -0.998628 2.38736e-07 0.0523632
    outer loop
      vertex 77.8787 2 54.953
      vertex 76.2819 37.5 24.5
      vertex 75.1021 2 2
    endloop
  endfacet
  facet normal 0 1 0
    outer loop
      vertex 75.1059 2 72.5415
      vertex 73 2 76.781
      vertex 73.8569 2 75.2509
    endloop
  endfacet
  facet normal 0 1 0
    outer loop
      vertex 76.1387 2 69.7421
      vertex 73 2 76.781
      vertex 75.1059 2 72.5415
    endloop
  endfacet
  facet normal 0 1 0
    outer loop
      vertex 76.9485 2 66.8707
      vertex 73 2 76.781
      vertex 76.1387 2 69.7421
    endloop
  endfacet
  facet normal 0 1 0
    outer loop
      vertex 77.5307 2 63.9441
      vertex 73 2 76.781
      vertex 76.9485 2 66.8707
    endloop
  endfacet
  facet normal 0 1 0
    outer loop
      vertex 77.8813 2 60.9814
      vertex 73 2 76.781
      vertex 77.5307 2 63.9441
    endloop
  endfacet
  facet normal 0 1 0
    outer loop
      vertex 77.9985 2 58
      vertex 73 2 76.781
      vertex 77.8813 2 60.9814
    endloop
  endfacet
  facet normal 0 1 -0
    outer loop
      vertex 77.8787 2 54.953
      vertex 73 2 76.781
      vertex 77.9985 2 58
    endloop
  endfacet
  facet normal 0 1 0
    outer loop
      vertex 77.8787 2 54.953
      vertex 73 2 7
      vertex 73 2 76.781
    endloop
  endfacet
  facet normal 0 1 0
    outer loop
      vertex 73 2 7
      vertex 75.1021 2 2
      vertex 7 2 7
    endloop
  endfacet
  facet normal 0 1 -0
    outer loop
      vertex 75.1021 2 2
      vertex 73 2 7
      vertex 77.8787 2 54.953
    endloop
  endfacet
  facet normal 0 1 0
    outer loop
      vertex 7 2 76.781
      vertex 4.89404 2 72.5415
      vertex 6.14308 2 75.2509
    endloop
  endfacet
  facet normal 0 1 0
    outer loop
      vertex 7 2 76.781
      vertex 3.8613 2 69.7421
      vertex 4.89404 2 72.5415
    endloop
  endfacet
  facet normal 0 1 0
    outer loop
      vertex 7 2 76.781
      vertex 3.05147 2 66.8707
      vertex 3.8613 2 69.7421
    endloop
  endfacet
  facet normal 0 1 0
    outer loop
      vertex 7 2 76.781
      vertex 2.46933 2 63.9441
      vertex 3.05147 2 66.8707
    endloop
  endfacet
  facet normal 0 1 0
    outer loop
      vertex 7 2 76.781
      vertex 2.11868 2 60.9814
      vertex 2.46933 2 63.9441
    endloop
  endfacet
  facet normal 0 1 0
    outer loop
      vertex 7 2 76.781
      vertex 2.00154 2 58
      vertex 2.11868 2 60.9814
    endloop
  endfacet
  facet normal 0 1 0
    outer loop
      vertex 7 2 76.781
      vertex 2.12126 2 54.953
      vertex 2.00154 2 58
    endloop
  endfacet
  facet normal 0 1 0
    outer loop
      vertex 7 2 76.781
      vertex 5.33031 2 13
      vertex 2.12126 2 54.953
    endloop
  endfacet
  facet normal 0 1 -0
    outer loop
      vertex 7 2 7
      vertex 5.33031 2 13
      vertex 7 2 76.781
    endloop
  endfacet
  facet normal 0 1 0
    outer loop
      vertex 5.33031 2 13
      vertex 7 2 7
      vertex 5.33031 2 8
    endloop
  endfacet
  facet normal 0 1 0
    outer loop
      vertex 7 2 7
      vertex 4.58326 2 8
      vertex 5.33031 2 8
    endloop
  endfacet
  facet normal 0 1 0
    outer loop
      vertex 7 2 7
      vertex 4.89787 2 2
      vertex 4.58326 2 8
    endloop
  endfacet
  facet normal 0 1 0
    outer loop
      vertex 4.89787 2 2
      vertex 7 2 7
      vertex 75.1021 2 2
    endloop
  endfacet
  facet normal 0 1 0
    outer loop
      vertex 2.12126 2 54.953
      vertex 5.33031 2 13
      vertex 4.32108 2 13
    endloop
  endfacet
  facet normal 0 1 0
    outer loop
      vertex 42.9814 2 95.8813
      vertex 37.0186 2 95.8813
      vertex 40 2 95.9985
    endloop
  endfacet
  facet normal 0 1 0
    outer loop
      vertex 45.9441 2 95.5307
      vertex 37.0186 2 95.8813
      vertex 42.9814 2 95.8813
    endloop
  endfacet
  facet normal 0 1 0
    outer loop
      vertex 45.9441 2 95.5307
      vertex 34.0559 2 95.5307
      vertex 37.0186 2 95.8813
    endloop
  endfacet
  facet normal 0 1 0
    outer loop
      vertex 48.8707 2 94.9485
      vertex 34.0559 2 95.5307
      vertex 45.9441 2 95.5307
    endloop
  endfacet
  facet normal 0 1 0
    outer loop
      vertex 48.8707 2 94.9485
      vertex 31.1293 2 94.9485
      vertex 34.0559 2 95.5307
    endloop
  endfacet
  facet normal 0 1 0
    outer loop
      vertex 51.7421 2 94.1387
      vertex 31.1293 2 94.9485
      vertex 48.8707 2 94.9485
    endloop
  endfacet
  facet normal 0 1 0
    outer loop
      vertex 51.7421 2 94.1387
      vertex 28.2579 2 94.1387
      vertex 31.1293 2 94.9485
    endloop
  endfacet
  facet normal 0 1 0
    outer loop
      vertex 54.5415 2 93.1059
      vertex 28.2579 2 94.1387
      vertex 51.7421 2 94.1387
    endloop
  endfacet
  facet normal 0 1 0
    outer loop
      vertex 54.5415 2 93.1059
      vertex 25.4585 2 93.1059
      vertex 28.2579 2 94.1387
    endloop
  endfacet
  facet normal 0 1 0
    outer loop
      vertex 57.2509 2 91.8569
      vertex 25.4585 2 93.1059
      vertex 54.5415 2 93.1059
    endloop
  endfacet
  facet normal 0 1 0
    outer loop
      vertex 9.0369 2 79.5
      vertex 25.4585 2 93.1059
      vertex 57.2509 2 91.8569
    endloop
  endfacet
  facet normal 0 1 0
    outer loop
      vertex 9.0369 2 79.5
      vertex 57.2509 2 91.8569
      vertex 59.8541 2 90.399
    endloop
  endfacet
  facet normal 0 1 0
    outer loop
      vertex 25.4585 2 93.1059
      vertex 9.0369 2 79.5
      vertex 22.7491 2 91.8569
    endloop
  endfacet
  facet normal 0 1 0
    outer loop
      vertex 9.0369 2 79.5
      vertex 59.8541 2 90.399
      vertex 62.3349 2 88.7414
    endloop
  endfacet
  facet normal 0 1 0
    outer loop
      vertex 22.7491 2 91.8569
      vertex 9.0369 2 79.5
      vertex 20.1458 2 90.399
    endloop
  endfacet
  facet normal 0 1 0
    outer loop
      vertex 9.0369 2 79.5
      vertex 62.3349 2 88.7414
      vertex 64.678 2 86.8942
    endloop
  endfacet
  facet normal 0 1 0
    outer loop
      vertex 20.1458 2 90.399
      vertex 9.0369 2 79.5
      vertex 17.6651 2 88.7414
    endloop
  endfacet
  facet normal 0 1 0
    outer loop
      vertex 9.0369 2 79.5
      vertex 64.678 2 86.8942
      vertex 66.869 2 84.869
    endloop
  endfacet
  facet normal 0 1 0
    outer loop
      vertex 17.6651 2 88.7414
      vertex 9.0369 2 79.5
      vertex 15.322 2 86.8942
    endloop
  endfacet
  facet normal 0 1 0
    outer loop
      vertex 9.0369 2 79.5
      vertex 66.869 2 84.869
      vertex 68.8942 2 82.678
    endloop
  endfacet
  facet normal 0 1 0
    outer loop
      vertex 15.322 2 86.8942
      vertex 9.0369 2 79.5
      vertex 13.131 2 84.869
    endloop
  endfacet
  facet normal 0 1 0
    outer loop
      vertex 71.2993 2 79.5
      vertex 68.8942 2 82.678
      vertex 70.7414 2 80.3349
    endloop
  endfacet
  facet normal 0 1 0
    outer loop
      vertex 13.131 2 84.869
      vertex 9.0369 2 79.5
      vertex 11.1057 2 82.678
    endloop
  endfacet
  facet normal 0 1 0
    outer loop
      vertex 11.1057 2 82.678
      vertex 9.0369 2 79.5
      vertex 9.25858 2 80.3349
    endloop
  endfacet
  facet normal 0 1 0
    outer loop
      vertex 68.8942 2 82.678
      vertex 71.2993 2 79.5
      vertex 9.0369 2 79.5
    endloop
  endfacet
  facet normal 0 1 0
    outer loop
      vertex 9.25858 2 80.3349
      vertex 9.0369 2 79.5
      vertex 9.0369 2 80.0031
    endloop
  endfacet
  facet normal -0.999228 0 0.039287
    outer loop
      vertex 77.8787 2 54.953
      vertex 77.9985 108 58
      vertex 77.8787 108 54.953
    endloop
  endfacet
  facet normal -0.999228 0 0.039287
    outer loop
      vertex 77.9985 108 58
      vertex 77.8787 2 54.953
      vertex 77.9985 2 58
    endloop
  endfacet
  facet normal 0.734329 0 -0.678794
    outer loop
      vertex 13.131 2 84.869
      vertex 11.1057 108 82.678
      vertex 13.131 108 84.869
    endloop
  endfacet
  facet normal 0.734329 0 -0.678794
    outer loop
      vertex 11.1057 108 82.678
      vertex 13.131 2 84.869
      vertex 11.1057 2 82.678
    endloop
  endfacet
  facet normal 0.999229 0 -0.03926
    outer loop
      vertex 2.11868 2 60.9814
      vertex 2.00154 108 58
      vertex 2.11868 108 60.9814
    endloop
  endfacet
  facet normal 0.999229 0 -0.03926
    outer loop
      vertex 2.00154 108 58
      vertex 2.11868 2 60.9814
      vertex 2.00154 2 58
    endloop
  endfacet
  facet normal -0.346131 0 -0.938186
    outer loop
      vertex 51.7421 2 94.1387
      vertex 54.5415 108 93.1059
      vertex 54.5415 2 93.1059
    endloop
  endfacet
  facet normal -0.346131 0 -0.938186
    outer loop
      vertex 54.5415 108 93.1059
      vertex 51.7421 2 94.1387
      vertex 51.7421 108 94.1387
    endloop
  endfacet
  facet normal 0.998628 -9.10533e-09 0.0523634
    outer loop
      vertex 4.32108 2.6391 13
      vertex 4.89787 108 2
      vertex 2.12126 108 54.953
    endloop
  endfacet
  facet normal 0.998628 -3.37992e-07 0.0523572
    outer loop
      vertex 4.89787 108 2
      vertex 4.55546 2.94454 8.53024
      vertex 4.58326 2.96588 8
    endloop
  endfacet
  facet normal 0.998628 1.43372e-07 0.0523649
    outer loop
      vertex 4.89787 108 2
      vertex 4.32108 2.6391 13
      vertex 4.55546 2.94454 8.53024
    endloop
  endfacet
  facet normal 0.998628 -0 0.0523634
    outer loop
      vertex 2.12126 2 54.953
      vertex 4.32108 2.6391 13
      vertex 2.12126 108 54.953
    endloop
  endfacet
  facet normal 0.998628 0 0.0523634
    outer loop
      vertex 4.32108 2.6391 13
      vertex 2.12126 2 54.953
      vertex 4.32108 2 13
    endloop
  endfacet
  facet normal 0.998628 0 0.0523631
    outer loop
      vertex 4.89787 2 2
      vertex 4.58326 2.96588 8
      vertex 4.58326 2 8
    endloop
  endfacet
  facet normal 0.998628 0 0.0523631
    outer loop
      vertex 4.58326 2.96588 8
      vertex 4.89787 2 2
      vertex 4.89787 108 2
    endloop
  endfacet
  facet normal 0.980785 0 -0.195091
    outer loop
      vertex 3.05147 2 66.8707
      vertex 2.46933 108 63.9441
      vertex 3.05147 108 66.8707
    endloop
  endfacet
  facet normal 0.980785 0 -0.195091
    outer loop
      vertex 2.46933 108 63.9441
      vertex 3.05147 2 66.8707
      vertex 2.46933 2 63.9441
    endloop
  endfacet
  facet normal 0.908145 0 -0.418657
    outer loop
      vertex 6.14308 2 75.2509
      vertex 4.89404 108 72.5415
      vertex 6.14308 108 75.2509
    endloop
  endfacet
  facet normal 0.908145 0 -0.418657
    outer loop
      vertex 4.89404 108 72.5415
      vertex 6.14308 2 75.2509
      vertex 4.89404 2 72.5415
    endloop
  endfacet
  facet normal 0.999229 -0 0.0392608
    outer loop
      vertex 2.00154 2 58
      vertex 2.12126 108 54.953
      vertex 2.00154 108 58
    endloop
  endfacet
  facet normal 0.999229 0 0.0392608
    outer loop
      vertex 2.12126 108 54.953
      vertex 2.00154 2 58
      vertex 2.12126 2 54.953
    endloop
  endfacet
  facet normal 0.678776 0 -0.734346
    outer loop
      vertex 13.131 2 84.869
      vertex 15.322 108 86.8942
      vertex 15.322 2 86.8942
    endloop
  endfacet
  facet normal 0.678776 0 -0.734346
    outer loop
      vertex 15.322 108 86.8942
      vertex 13.131 2 84.869
      vertex 13.131 108 84.869
    endloop
  endfacet
  facet normal 0.872495 -7.2844e-07 -0.488623
    outer loop
      vertex 6.84262 80 76.5
      vertex 7.60098 108 77.8541
      vertex 7.40265 80 77.5
    endloop
  endfacet
  facet normal 0.87247 0 -0.488667
    outer loop
      vertex 7.60098 108 77.8541
      vertex 7.40265 78 77.5
      vertex 7.40265 80 77.5
    endloop
  endfacet
  facet normal 0.872495 0 -0.488623
    outer loop
      vertex 7.40265 78 77.5
      vertex 7.40265 58 77.5
      vertex 6.84262 78 76.5
    endloop
  endfacet
  facet normal 0.87247 0 -0.488667
    outer loop
      vertex 7.60098 108 77.8541
      vertex 7.40265 58 77.5
      vertex 7.40265 78 77.5
    endloop
  endfacet
  facet normal 0.87247 0 -0.488667
    outer loop
      vertex 7.60098 108 77.8541
      vertex 7.40265 56 77.5
      vertex 7.40265 58 77.5
    endloop
  endfacet
  facet normal 0.872495 0 -0.488623
    outer loop
      vertex 7.40265 56 77.5
      vertex 7.40265 36 77.5
      vertex 6.84262 56 76.5
    endloop
  endfacet
  facet normal 0.87247 0 -0.488667
    outer loop
      vertex 7.60098 108 77.8541
      vertex 7.40265 36 77.5
      vertex 7.40265 56 77.5
    endloop
  endfacet
  facet normal 0.87247 0 -0.488667
    outer loop
      vertex 7.60098 108 77.8541
      vertex 7.40265 34 77.5
      vertex 7.40265 36 77.5
    endloop
  endfacet
  facet normal 0.872491 5.3282e-07 -0.488631
    outer loop
      vertex 7 2.1 76.781
      vertex 7.40265 34 77.5
      vertex 7.60098 2.1 77.8541
    endloop
  endfacet
  facet normal 0.87247 0 -0.488667
    outer loop
      vertex 7.60098 2.1 77.8541
      vertex 7.40265 34 77.5
      vertex 7.60098 108 77.8541
    endloop
  endfacet
  facet normal 0.872491 -2.43734e-07 -0.488631
    outer loop
      vertex 7.60098 108 77.8541
      vertex 6.84262 80 76.5
      vertex 6.14308 108 75.2509
    endloop
  endfacet
  facet normal 0.872493 0 -0.488627
    outer loop
      vertex 6.84262 78 76.5
      vertex 6.14308 108 75.2509
      vertex 6.84262 80 76.5
    endloop
  endfacet
  facet normal 0.872495 0 -0.488623
    outer loop
      vertex 6.84262 58 76.5
      vertex 6.84262 78 76.5
      vertex 7.40265 58 77.5
    endloop
  endfacet
  facet normal 0.872493 0 -0.488627
    outer loop
      vertex 6.84262 58 76.5
      vertex 6.14308 108 75.2509
      vertex 6.84262 78 76.5
    endloop
  endfacet
  facet normal 0.872493 0 -0.488627
    outer loop
      vertex 6.84262 56 76.5
      vertex 6.14308 108 75.2509
      vertex 6.84262 58 76.5
    endloop
  endfacet
  facet normal 0.872495 0 -0.488623
    outer loop
      vertex 6.84262 36 76.5
      vertex 6.84262 56 76.5
      vertex 7.40265 36 77.5
    endloop
  endfacet
  facet normal 0.872493 0 -0.488627
    outer loop
      vertex 6.14308 2 75.2509
      vertex 6.84262 56 76.5
      vertex 6.84262 36 76.5
    endloop
  endfacet
  facet normal 0.872493 0 -0.488627
    outer loop
      vertex 6.14308 2 75.2509
      vertex 6.84262 36 76.5
      vertex 6.84262 34 76.5
    endloop
  endfacet
  facet normal 0.872495 3.1645e-07 -0.488623
    outer loop
      vertex 7.40265 34 77.5
      vertex 7 2.1 76.781
      vertex 6.84262 34 76.5
    endloop
  endfacet
  facet normal 0.87249 2.25419e-07 -0.488631
    outer loop
      vertex 6.14308 2 75.2509
      vertex 6.84262 34 76.5
      vertex 7 2.1 76.781
    endloop
  endfacet
  facet normal 0.87249 0 -0.488631
    outer loop
      vertex 6.14308 2 75.2509
      vertex 7 2.1 76.781
      vertex 7 2 76.781
    endloop
  endfacet
  facet normal 0.872493 0 -0.488627
    outer loop
      vertex 6.84262 56 76.5
      vertex 6.14308 2 75.2509
      vertex 6.14308 108 75.2509
    endloop
  endfacet
  facet normal 0.938193 0 -0.346113
    outer loop
      vertex 4.89404 2 72.5415
      vertex 3.8613 108 69.7421
      vertex 4.89404 108 72.5415
    endloop
  endfacet
  facet normal 0.938193 0 -0.346113
    outer loop
      vertex 3.8613 108 69.7421
      vertex 4.89404 2 72.5415
      vertex 3.8613 2 69.7421
    endloop
  endfacet
  facet normal 0.993069 0 -0.117535
    outer loop
      vertex 2.46933 2 63.9441
      vertex 2.11868 108 60.9814
      vertex 2.46933 108 63.9441
    endloop
  endfacet
  facet normal 0.993069 0 -0.117535
    outer loop
      vertex 2.11868 108 60.9814
      vertex 2.46933 2 63.9441
      vertex 2.11868 2 60.9814
    endloop
  endfacet
  facet normal 0 -1 0
    outer loop
      vertex 37.0186 108 95.8813
      vertex 42.9814 108 95.8813
      vertex 40 108 95.9985
    endloop
  endfacet
  facet normal 0 -1 0
    outer loop
      vertex 34.0559 108 95.5307
      vertex 42.9814 108 95.8813
      vertex 37.0186 108 95.8813
    endloop
  endfacet
  facet normal 0 -1 0
    outer loop
      vertex 34.0559 108 95.5307
      vertex 45.9441 108 95.5307
      vertex 42.9814 108 95.8813
    endloop
  endfacet
  facet normal 0 -1 0
    outer loop
      vertex 31.1293 108 94.9485
      vertex 45.9441 108 95.5307
      vertex 34.0559 108 95.5307
    endloop
  endfacet
  facet normal 0 -1 0
    outer loop
      vertex 31.1293 108 94.9485
      vertex 48.8707 108 94.9485
      vertex 45.9441 108 95.5307
    endloop
  endfacet
  facet normal 0 -1 0
    outer loop
      vertex 28.2579 108 94.1387
      vertex 48.8707 108 94.9485
      vertex 31.1293 108 94.9485
    endloop
  endfacet
  facet normal 0 -1 0
    outer loop
      vertex 28.2579 108 94.1387
      vertex 51.7421 108 94.1387
      vertex 48.8707 108 94.9485
    endloop
  endfacet
  facet normal 0 -1 0
    outer loop
      vertex 25.4585 108 93.1059
      vertex 51.7421 108 94.1387
      vertex 28.2579 108 94.1387
    endloop
  endfacet
  facet normal 0 -1 0
    outer loop
      vertex 25.4585 108 93.1059
      vertex 54.5415 108 93.1059
      vertex 51.7421 108 94.1387
    endloop
  endfacet
  facet normal 0 -1 0
    outer loop
      vertex 22.7491 108 91.8569
      vertex 54.5415 108 93.1059
      vertex 25.4585 108 93.1059
    endloop
  endfacet
  facet normal 0 -1 0
    outer loop
      vertex 22.7491 108 91.8569
      vertex 57.2509 108 91.8569
      vertex 54.5415 108 93.1059
    endloop
  endfacet
  facet normal 0 -1 0
    outer loop
      vertex 20.1458 108 90.399
      vertex 57.2509 108 91.8569
      vertex 22.7491 108 91.8569
    endloop
  endfacet
  facet normal 0 -1 0
    outer loop
      vertex 20.1458 108 90.399
      vertex 59.8541 108 90.399
      vertex 57.2509 108 91.8569
    endloop
  endfacet
  facet normal 0 -1 0
    outer loop
      vertex 17.6651 108 88.7414
      vertex 59.8541 108 90.399
      vertex 20.1458 108 90.399
    endloop
  endfacet
  facet normal 0 -1 0
    outer loop
      vertex 17.6651 108 88.7414
      vertex 62.3349 108 88.7414
      vertex 59.8541 108 90.399
    endloop
  endfacet
  facet normal 0 -1 0
    outer loop
      vertex 15.322 108 86.8942
      vertex 62.3349 108 88.7414
      vertex 17.6651 108 88.7414
    endloop
  endfacet
  facet normal 0 -1 0
    outer loop
      vertex 15.322 108 86.8942
      vertex 64.678 108 86.8942
      vertex 62.3349 108 88.7414
    endloop
  endfacet
  facet normal 0 -1 0
    outer loop
      vertex 13.131 108 84.869
      vertex 64.678 108 86.8942
      vertex 15.322 108 86.8942
    endloop
  endfacet
  facet normal 0 -1 0
    outer loop
      vertex 13.131 108 84.869
      vertex 66.869 108 84.869
      vertex 64.678 108 86.8942
    endloop
  endfacet
  facet normal 0 -1 0
    outer loop
      vertex 11.1057 108 82.678
      vertex 66.869 108 84.869
      vertex 13.131 108 84.869
    endloop
  endfacet
  facet normal 0 -1 0
    outer loop
      vertex 11.1057 108 82.678
      vertex 68.8942 108 82.678
      vertex 66.869 108 84.869
    endloop
  endfacet
  facet normal 0 -1 0
    outer loop
      vertex 9.25858 108 80.3349
      vertex 68.8942 108 82.678
      vertex 11.1057 108 82.678
    endloop
  endfacet
  facet normal 0 -1 0
    outer loop
      vertex 9.25858 108 80.3349
      vertex 70.7414 108 80.3349
      vertex 68.8942 108 82.678
    endloop
  endfacet
  facet normal 0 -1 0
    outer loop
      vertex 7.60098 108 77.8541
      vertex 70.7414 108 80.3349
      vertex 9.25858 108 80.3349
    endloop
  endfacet
  facet normal 0 -1 0
    outer loop
      vertex 7.60098 108 77.8541
      vertex 72.399 108 77.8541
      vertex 70.7414 108 80.3349
    endloop
  endfacet
  facet normal 0 -1 0
    outer loop
      vertex 6.14308 108 75.2509
      vertex 72.399 108 77.8541
      vertex 7.60098 108 77.8541
    endloop
  endfacet
  facet normal 0 -1 0
    outer loop
      vertex 6.14308 108 75.2509
      vertex 73.8569 108 75.2509
      vertex 72.399 108 77.8541
    endloop
  endfacet
  facet normal 0 -1 0
    outer loop
      vertex 4.89404 108 72.5415
      vertex 73.8569 108 75.2509
      vertex 6.14308 108 75.2509
    endloop
  endfacet
  facet normal 0 -1 0
    outer loop
      vertex 4.89404 108 72.5415
      vertex 75.1059 108 72.5415
      vertex 73.8569 108 75.2509
    endloop
  endfacet
  facet normal 0 -1 0
    outer loop
      vertex 3.8613 108 69.7421
      vertex 75.1059 108 72.5415
      vertex 4.89404 108 72.5415
    endloop
  endfacet
  facet normal 0 -1 0
    outer loop
      vertex 3.8613 108 69.7421
      vertex 76.1387 108 69.7421
      vertex 75.1059 108 72.5415
    endloop
  endfacet
  facet normal 0 -1 0
    outer loop
      vertex 3.05147 108 66.8707
      vertex 76.1387 108 69.7421
      vertex 3.8613 108 69.7421
    endloop
  endfacet
  facet normal 0 -1 0
    outer loop
      vertex 3.05147 108 66.8707
      vertex 76.9485 108 66.8707
      vertex 76.1387 108 69.7421
    endloop
  endfacet
  facet normal 0 -1 0
    outer loop
      vertex 2.46933 108 63.9441
      vertex 76.9485 108 66.8707
      vertex 3.05147 108 66.8707
    endloop
  endfacet
  facet normal 0 -1 0
    outer loop
      vertex 2.46933 108 63.9441
      vertex 77.5307 108 63.9441
      vertex 76.9485 108 66.8707
    endloop
  endfacet
  facet normal 0 -1 0
    outer loop
      vertex 2.11868 108 60.9814
      vertex 77.5307 108 63.9441
      vertex 2.46933 108 63.9441
    endloop
  endfacet
  facet normal 0 -1 0
    outer loop
      vertex 2.11868 108 60.9814
      vertex 77.8813 108 60.9814
      vertex 77.5307 108 63.9441
    endloop
  endfacet
  facet normal 0 -1 0
    outer loop
      vertex 2.00154 108 58
      vertex 77.8813 108 60.9814
      vertex 2.11868 108 60.9814
    endloop
  endfacet
  facet normal 0 -1 0
    outer loop
      vertex 2.00154 108 58
      vertex 77.9985 108 58
      vertex 77.8813 108 60.9814
    endloop
  endfacet
  facet normal 0 -1 0
    outer loop
      vertex 2.12126 108 54.953
      vertex 77.9985 108 58
      vertex 2.00154 108 58
    endloop
  endfacet
  facet normal 0 -1 0
    outer loop
      vertex 2.12126 108 54.953
      vertex 77.8787 108 54.953
      vertex 77.9985 108 58
    endloop
  endfacet
  facet normal 0 -1 0
    outer loop
      vertex 2.12126 108 54.953
      vertex 56.45 108 9.2
      vertex 77.8787 108 54.953
    endloop
  endfacet
  facet normal 0 -1 0
    outer loop
      vertex 4.89787 108 2
      vertex 56.45 108 9.2
      vertex 2.12126 108 54.953
    endloop
  endfacet
  facet normal 0 -1 0
    outer loop
      vertex 75.1021 108 2
      vertex 56.45 108 5
      vertex 4.89787 108 2
    endloop
  endfacet
  facet normal 0 -1 -0
    outer loop
      vertex 56.45 108 9.2
      vertex 4.89787 108 2
      vertex 56.45 108 5
    endloop
  endfacet
  facet normal 0 -1 0
    outer loop
      vertex 66.45 108 9.2
      vertex 77.8787 108 54.953
      vertex 56.45 108 9.2
    endloop
  endfacet
  facet normal 0 -1 0
    outer loop
      vertex 75.1021 108 2
      vertex 66.45 108 9.2
      vertex 66.45 108 5
    endloop
  endfacet
  facet normal 0 -1 0
    outer loop
      vertex 66.45 108 9.2
      vertex 75.1021 108 2
      vertex 77.8787 108 54.953
    endloop
  endfacet
  facet normal 0 -1 0
    outer loop
      vertex 56.45 108 5
      vertex 75.1021 108 2
      vertex 66.45 108 5
    endloop
  endfacet
  facet normal -0.980781 0 -0.195111
    outer loop
      vertex 77.5307 2 63.9441
      vertex 76.9485 108 66.8707
      vertex 77.5307 108 63.9441
    endloop
  endfacet
  facet normal -0.980781 -0 -0.195111
    outer loop
      vertex 76.9485 108 66.8707
      vertex 77.5307 2 63.9441
      vertex 76.9485 2 66.8707
    endloop
  endfacet
  facet normal 0.831472 -1.74719e-07 -0.555566
    outer loop
      vertex 9.25858 108 80.3349
      vertex 8.03253 3.26069 78.5
      vertex 7.60098 108 77.8541
    endloop
  endfacet
  facet normal 0.831463 1.87812e-07 -0.55558
    outer loop
      vertex 9.25858 108 80.3349
      vertex 8.44454 2.94454 79.1166
      vertex 8.03253 3.26069 78.5
    endloop
  endfacet
  facet normal 0.83147 0 -0.555569
    outer loop
      vertex 9.25858 2 80.3349
      vertex 8.44454 2.94454 79.1166
      vertex 9.25858 108 80.3349
    endloop
  endfacet
  facet normal 0.831353 -0.000327034 -0.555745
    outer loop
      vertex 8.44454 2.94454 79.1166
      vertex 9.25858 2 80.3349
      vertex 8.88157 2.375 79.7707
    endloop
  endfacet
  facet normal 0.831495 0.000134068 -0.555533
    outer loop
      vertex 8.88157 2.375 79.7707
      vertex 9.25858 2 80.3349
      vertex 9.0369 2 80.0031
    endloop
  endfacet
  facet normal 0.831485 0 -0.555547
    outer loop
      vertex 7.60098 2.1 77.8541
      vertex 8.03253 3.26069 78.5
      vertex 8.03253 2.1 78.5
    endloop
  endfacet
  facet normal 0.831485 0 -0.555547
    outer loop
      vertex 8.03253 3.26069 78.5
      vertex 7.60098 2.1 77.8541
      vertex 7.60098 108 77.8541
    endloop
  endfacet
  facet normal 0.962454 0 -0.271444
    outer loop
      vertex 3.8613 2 69.7421
      vertex 3.05147 108 66.8707
      vertex 3.8613 108 69.7421
    endloop
  endfacet
  facet normal 0.962454 0 -0.271444
    outer loop
      vertex 3.05147 108 66.8707
      vertex 3.8613 2 69.7421
      vertex 3.05147 2 66.8707
    endloop
  endfacet
  facet normal -0.117518 0 -0.993071
    outer loop
      vertex 42.9814 2 95.8813
      vertex 45.9441 108 95.5307
      vertex 45.9441 2 95.5307
    endloop
  endfacet
  facet normal -0.117518 0 -0.993071
    outer loop
      vertex 45.9441 108 95.5307
      vertex 42.9814 2 95.8813
      vertex 42.9814 108 95.8813
    endloop
  endfacet
  facet normal 0.488617 0 -0.872499
    outer loop
      vertex 20.1458 2 90.399
      vertex 22.7491 108 91.8569
      vertex 22.7491 2 91.8569
    endloop
  endfacet
  facet normal 0.488617 0 -0.872499
    outer loop
      vertex 22.7491 108 91.8569
      vertex 20.1458 2 90.399
      vertex 20.1458 108 90.399
    endloop
  endfacet
  facet normal 0.271435 0 -0.962457
    outer loop
      vertex 28.2579 2 94.1387
      vertex 31.1293 108 94.9485
      vertex 31.1293 2 94.9485
    endloop
  endfacet
  facet normal 0.271435 0 -0.962457
    outer loop
      vertex 31.1293 108 94.9485
      vertex 28.2579 2 94.1387
      vertex 28.2579 108 94.1387
    endloop
  endfacet
  facet normal -0.962457 0 -0.271435
    outer loop
      vertex 76.9485 2 66.8707
      vertex 76.1387 108 69.7421
      vertex 76.9485 108 66.8707
    endloop
  endfacet
  facet normal -0.962457 -0 -0.271435
    outer loop
      vertex 76.1387 108 69.7421
      vertex 76.9485 2 66.8707
      vertex 76.1387 2 69.7421
    endloop
  endfacet
  facet normal -0.90815 0 -0.418646
    outer loop
      vertex 75.1059 2 72.5415
      vertex 73.8569 108 75.2509
      vertex 75.1059 108 72.5415
    endloop
  endfacet
  facet normal -0.90815 -0 -0.418646
    outer loop
      vertex 73.8569 108 75.2509
      vertex 75.1059 2 72.5415
      vertex 73.8569 2 75.2509
    endloop
  endfacet
  facet normal -0.555566 0 -0.831472
    outer loop
      vertex 59.8541 2 90.399
      vertex 62.3349 108 88.7414
      vertex 62.3349 2 88.7414
    endloop
  endfacet
  facet normal -0.555566 0 -0.831472
    outer loop
      vertex 62.3349 108 88.7414
      vertex 59.8541 2 90.399
      vertex 59.8541 108 90.399
    endloop
  endfacet
  facet normal -0.619104 0 -0.785309
    outer loop
      vertex 62.3349 2 88.7414
      vertex 64.678 108 86.8942
      vertex 64.678 2 86.8942
    endloop
  endfacet
  facet normal -0.619104 0 -0.785309
    outer loop
      vertex 64.678 108 86.8942
      vertex 62.3349 2 88.7414
      vertex 62.3349 108 88.7414
    endloop
  endfacet
  facet normal -0.418646 0 -0.90815
    outer loop
      vertex 54.5415 2 93.1059
      vertex 57.2509 108 91.8569
      vertex 57.2509 2 91.8569
    endloop
  endfacet
  facet normal -0.418646 0 -0.90815
    outer loop
      vertex 57.2509 108 91.8569
      vertex 54.5415 2 93.1059
      vertex 54.5415 108 93.1059
    endloop
  endfacet
  facet normal 0.785322 0 -0.619088
    outer loop
      vertex 11.1057 2 82.678
      vertex 9.25858 108 80.3349
      vertex 11.1057 108 82.678
    endloop
  endfacet
  facet normal 0.785322 0 -0.619088
    outer loop
      vertex 9.25858 108 80.3349
      vertex 11.1057 2 82.678
      vertex 9.25858 2 80.3349
    endloop
  endfacet
  facet normal 0.418646 0 -0.90815
    outer loop
      vertex 22.7491 2 91.8569
      vertex 25.4585 108 93.1059
      vertex 25.4585 2 93.1059
    endloop
  endfacet
  facet normal 0.418646 0 -0.90815
    outer loop
      vertex 25.4585 108 93.1059
      vertex 22.7491 2 91.8569
      vertex 22.7491 108 91.8569
    endloop
  endfacet
  facet normal -0.0392801 0 -0.999228
    outer loop
      vertex 40 2 95.9985
      vertex 42.9814 108 95.8813
      vertex 42.9814 2 95.8813
    endloop
  endfacet
  facet normal -0.0392801 0 -0.999228
    outer loop
      vertex 42.9814 108 95.8813
      vertex 40 2 95.9985
      vertex 40 108 95.9985
    endloop
  endfacet
  facet normal 0.117518 0 -0.993071
    outer loop
      vertex 34.0559 2 95.5307
      vertex 37.0186 108 95.8813
      vertex 37.0186 2 95.8813
    endloop
  endfacet
  facet normal 0.117518 0 -0.993071
    outer loop
      vertex 37.0186 108 95.8813
      vertex 34.0559 2 95.5307
      vertex 34.0559 108 95.5307
    endloop
  endfacet
  facet normal -0.938186 0 -0.346131
    outer loop
      vertex 76.1387 2 69.7421
      vertex 75.1059 108 72.5415
      vertex 76.1387 108 69.7421
    endloop
  endfacet
  facet normal -0.938186 -0 -0.346131
    outer loop
      vertex 75.1059 108 72.5415
      vertex 76.1387 2 69.7421
      vertex 75.1059 2 72.5415
    endloop
  endfacet
  facet normal -0.734346 0 -0.678776
    outer loop
      vertex 68.8942 2 82.678
      vertex 66.869 108 84.869
      vertex 68.8942 108 82.678
    endloop
  endfacet
  facet normal -0.734346 -0 -0.678776
    outer loop
      vertex 66.869 108 84.869
      vertex 68.8942 2 82.678
      vertex 66.869 2 84.869
    endloop
  endfacet
  facet normal -0.831472 0 -0.555566
    outer loop
      vertex 72.399 2.1 77.8541
      vertex 70.7414 108 80.3349
      vertex 72.399 108 77.8541
    endloop
  endfacet
  facet normal -0.831482 -5.15584e-07 -0.555551
    outer loop
      vertex 71.2993 2.1 79.5
      vertex 70.7414 108 80.3349
      vertex 72.399 2.1 77.8541
    endloop
  endfacet
  facet normal -0.831452 0 -0.555596
    outer loop
      vertex 70.7414 2 80.3349
      vertex 71.2993 2.1 79.5
      vertex 71.2993 2 79.5
    endloop
  endfacet
  facet normal -0.831452 0 -0.555596
    outer loop
      vertex 71.2993 2.1 79.5
      vertex 70.7414 2 80.3349
      vertex 70.7414 108 80.3349
    endloop
  endfacet
  facet normal -0.678776 0 -0.734346
    outer loop
      vertex 64.678 2 86.8942
      vertex 66.869 108 84.869
      vertex 66.869 2 84.869
    endloop
  endfacet
  facet normal -0.678776 0 -0.734346
    outer loop
      vertex 66.869 108 84.869
      vertex 64.678 2 86.8942
      vertex 64.678 108 86.8942
    endloop
  endfacet
  facet normal -0.488631 0 -0.872491
    outer loop
      vertex 57.2509 2 91.8569
      vertex 59.8541 108 90.399
      vertex 59.8541 2 90.399
    endloop
  endfacet
  facet normal -0.488631 0 -0.872491
    outer loop
      vertex 59.8541 108 90.399
      vertex 57.2509 2 91.8569
      vertex 57.2509 108 91.8569
    endloop
  endfacet
  facet normal -0.195111 0 -0.980781
    outer loop
      vertex 45.9441 2 95.5307
      vertex 48.8707 108 94.9485
      vertex 48.8707 2 94.9485
    endloop
  endfacet
  facet normal -0.195111 0 -0.980781
    outer loop
      vertex 48.8707 108 94.9485
      vertex 45.9441 2 95.5307
      vertex 45.9441 108 95.5307
    endloop
  endfacet
  facet normal -0.271435 0 -0.962457
    outer loop
      vertex 48.8707 2 94.9485
      vertex 51.7421 108 94.1387
      vertex 51.7421 2 94.1387
    endloop
  endfacet
  facet normal -0.271435 0 -0.962457
    outer loop
      vertex 51.7421 108 94.1387
      vertex 48.8707 2 94.9485
      vertex 48.8707 108 94.9485
    endloop
  endfacet
  facet normal 0.555582 0 -0.831462
    outer loop
      vertex 17.6651 2 88.7414
      vertex 20.1458 108 90.399
      vertex 20.1458 2 90.399
    endloop
  endfacet
  facet normal 0.555582 0 -0.831462
    outer loop
      vertex 20.1458 108 90.399
      vertex 17.6651 2 88.7414
      vertex 17.6651 108 88.7414
    endloop
  endfacet
  facet normal 0.619104 0 -0.785309
    outer loop
      vertex 15.322 2 86.8942
      vertex 17.6651 108 88.7414
      vertex 17.6651 2 88.7414
    endloop
  endfacet
  facet normal 0.619104 0 -0.785309
    outer loop
      vertex 17.6651 108 88.7414
      vertex 15.322 2 86.8942
      vertex 15.322 108 86.8942
    endloop
  endfacet
  facet normal 0.346131 0 -0.938186
    outer loop
      vertex 25.4585 2 93.1059
      vertex 28.2579 108 94.1387
      vertex 28.2579 2 94.1387
    endloop
  endfacet
  facet normal 0.346131 0 -0.938186
    outer loop
      vertex 28.2579 108 94.1387
      vertex 25.4585 2 93.1059
      vertex 25.4585 108 93.1059
    endloop
  endfacet
  facet normal -0.785309 0 -0.619104
    outer loop
      vertex 70.7414 2 80.3349
      vertex 68.8942 108 82.678
      vertex 70.7414 108 80.3349
    endloop
  endfacet
  facet normal -0.785309 -0 -0.619104
    outer loop
      vertex 68.8942 108 82.678
      vertex 70.7414 2 80.3349
      vertex 68.8942 2 82.678
    endloop
  endfacet
  facet normal -0.872491 -1.60491e-07 -0.488631
    outer loop
      vertex 73.8569 108 75.2509
      vertex 73 2.1 76.781
      vertex 72.399 108 77.8541
    endloop
  endfacet
  facet normal -0.872495 0 -0.488622
    outer loop
      vertex 73.8569 2 75.2509
      vertex 73 2.1 76.781
      vertex 73.8569 108 75.2509
    endloop
  endfacet
  facet normal -0.872495 -0 -0.488622
    outer loop
      vertex 73 2.1 76.781
      vertex 73.8569 2 75.2509
      vertex 73 2 76.781
    endloop
  endfacet
  facet normal -0.872484 -0 -0.488643
    outer loop
      vertex 72.399 108 77.8541
      vertex 73 2.1 76.781
      vertex 72.399 2.1 77.8541
    endloop
  endfacet
  facet normal 0.195111 0 -0.980781
    outer loop
      vertex 31.1293 2 94.9485
      vertex 34.0559 108 95.5307
      vertex 34.0559 2 95.5307
    endloop
  endfacet
  facet normal 0.195111 0 -0.980781
    outer loop
      vertex 34.0559 108 95.5307
      vertex 31.1293 2 94.9485
      vertex 31.1293 108 94.9485
    endloop
  endfacet
  facet normal 0.0392801 0 -0.999228
    outer loop
      vertex 37.0186 2 95.8813
      vertex 40 108 95.9985
      vertex 40 2 95.9985
    endloop
  endfacet
  facet normal 0.0392801 0 -0.999228
    outer loop
      vertex 40 108 95.9985
      vertex 37.0186 2 95.8813
      vertex 37.0186 108 95.8813
    endloop
  endfacet
  facet normal 1 0 0
    outer loop
      vertex 7 2.1 79.5
      vertex 7 2 76.781
      vertex 7 2.1 76.781
    endloop
  endfacet
  facet normal 1 -0 0
    outer loop
      vertex 7 0 79.5
      vertex 7 2 76.781
      vertex 7 2.1 79.5
    endloop
  endfacet
  facet normal 1 0 0
    outer loop
      vertex 7 0 7
      vertex 7 2 76.781
      vertex 7 0 79.5
    endloop
  endfacet
  facet normal 1 0 0
    outer loop
      vertex 7 2 76.781
      vertex 7 0 7
      vertex 7 2 7
    endloop
  endfacet
  facet normal 0 0 -1
    outer loop
      vertex 73 0 79.5
      vertex 71.2993 2 79.5
      vertex 73 2.1 79.5
    endloop
  endfacet
  facet normal 0 0 -1
    outer loop
      vertex 9.0369 0 79.5
      vertex 71.2993 2 79.5
      vertex 73 0 79.5
    endloop
  endfacet
  facet normal 0 0 -1
    outer loop
      vertex 71.2993 2 79.5
      vertex 9.1563 0.288248 79.5
      vertex 9.25 1 79.5
    endloop
  endfacet
  facet normal 0 0 -1
    outer loop
      vertex 71.2993 2 79.5
      vertex 9.0369 0 79.5
      vertex 9.1563 0.288248 79.5
    endloop
  endfacet
  facet normal -0 0 -1
    outer loop
      vertex 73 2.1 79.5
      vertex 71.2993 2 79.5
      vertex 71.2993 2.1 79.5
    endloop
  endfacet
  facet normal 0 0 -1
    outer loop
      vertex 9.1563 1.71175 79.5
      vertex 71.2993 2 79.5
      vertex 9.25 1 79.5
    endloop
  endfacet
  facet normal -0 0 -1
    outer loop
      vertex 71.2993 2 79.5
      vertex 9.1563 1.71175 79.5
      vertex 9.0369 2 79.5
    endloop
  endfacet
  facet normal 0 0 -1
    outer loop
      vertex 7 0 79.5
      vertex 8.05 1 79.5
      vertex 7.99718 0.598831 79.5
    endloop
  endfacet
  facet normal 0 0 -1
    outer loop
      vertex 7 0 79.5
      vertex 7.99718 0.598831 79.5
      vertex 7.84234 0.225 79.5
    endloop
  endfacet
  facet normal 0 0 -1
    outer loop
      vertex 7 2.1 79.5
      vertex 8.05 1 79.5
      vertex 7 0 79.5
    endloop
  endfacet
  facet normal 0 0 -1
    outer loop
      vertex 7 0 79.5
      vertex 7.84234 0.225 79.5
      vertex 7.66969 0 79.5
    endloop
  endfacet
  facet normal 0 0 -1
    outer loop
      vertex 8.05 1 79.5
      vertex 7 2.1 79.5
      vertex 7.99718 1.40117 79.5
    endloop
  endfacet
  facet normal 0 0 -1
    outer loop
      vertex 7.99718 1.40117 79.5
      vertex 7 2.1 79.5
      vertex 7.84234 1.775 79.5
    endloop
  endfacet
  facet normal 0 0 -1
    outer loop
      vertex 7.84234 1.775 79.5
      vertex 7 2.1 79.5
      vertex 7.59601 2.09601 79.5
    endloop
  endfacet
  facet normal 0 0 -1
    outer loop
      vertex 7.59601 2.09601 79.5
      vertex 7 2.1 79.5
      vertex 7.59082 2.1 79.5
    endloop
  endfacet
  facet normal -1 0 0
    outer loop
      vertex 73 2 7
      vertex 73 0 7
      vertex 73 2 76.781
    endloop
  endfacet
  facet normal -1 0 0
    outer loop
      vertex 73 2 76.781
      vertex 73 2.1 79.5
      vertex 73 2.1 76.781
    endloop
  endfacet
  facet normal -1 0 0
    outer loop
      vertex 73 2 76.781
      vertex 73 0 79.5
      vertex 73 2.1 79.5
    endloop
  endfacet
  facet normal -1 0 0
    outer loop
      vertex 73 0 79.5
      vertex 73 2 76.781
      vertex 73 0 7
    endloop
  endfacet
  facet normal 0 -1 0
    outer loop
      vertex 72.399 2.1 77.8541
      vertex 73 2.1 79.5
      vertex 71.2993 2.1 79.5
    endloop
  endfacet
  facet normal 0 -1 -0
    outer loop
      vertex 73 2.1 79.5
      vertex 72.399 2.1 77.8541
      vertex 73 2.1 76.781
    endloop
  endfacet
  facet normal 0 -1 0
    outer loop
      vertex 7 2.1 79.5
      vertex 7.59082 2.1 78.5
      vertex 7.59082 2.1 79.5
    endloop
  endfacet
  facet normal 0 -1 0
    outer loop
      vertex 7.59082 2.1 78.5
      vertex 7.60098 2.1 77.8541
      vertex 8.03253 2.1 78.5
    endloop
  endfacet
  facet normal 0 -1 0
    outer loop
      vertex 7 2.1 79.5
      vertex 7.60098 2.1 77.8541
      vertex 7.59082 2.1 78.5
    endloop
  endfacet
  facet normal -0 -1 0
    outer loop
      vertex 7.60098 2.1 77.8541
      vertex 7 2.1 79.5
      vertex 7 2.1 76.781
    endloop
  endfacet
  facet normal -0 0 1
    outer loop
      vertex 7 2 7
      vertex 73 0 7
      vertex 73 2 7
    endloop
  endfacet
  facet normal 0 0 1
    outer loop
      vertex 73 0 7
      vertex 7 2 7
      vertex 7 0 7
    endloop
  endfacet
  facet normal 1 -0 0
    outer loop
      vertex 56.45 108 9.2
      vertex 56.45 110 5
      vertex 56.45 110 9.2
    endloop
  endfacet
  facet normal 1 0 0
    outer loop
      vertex 56.45 110 5
      vertex 56.45 108 9.2
      vertex 56.45 108 5
    endloop
  endfacet
  facet normal 0 0 -1
    outer loop
      vertex 56.45 108 9.2
      vertex 66.45 110 9.2
      vertex 66.45 108 9.2
    endloop
  endfacet
  facet normal -0 0 -1
    outer loop
      vertex 66.45 110 9.2
      vertex 56.45 108 9.2
      vertex 56.45 110 9.2
    endloop
  endfacet
  facet normal -1 0 0
    outer loop
      vertex 66.45 108 5
      vertex 66.45 110 9.2
      vertex 66.45 110 5
    endloop
  endfacet
  facet normal -1 -0 0
    outer loop
      vertex 66.45 110 9.2
      vertex 66.45 108 5
      vertex 66.45 108 9.2
    endloop
  endfacet
  facet normal -0 0 1
    outer loop
      vertex 56.45 110 5
      vertex 66.45 108 5
      vertex 66.45 110 5
    endloop
  endfacet
  facet normal 0 0 1
    outer loop
      vertex 66.45 108 5
      vertex 56.45 110 5
      vertex 56.45 108 5
    endloop
  endfacet
  facet normal 1 -0 0
    outer loop
      vertex 77.9 44.75 26.8
      vertex 77.9 54.75 17.164
      vertex 77.9 54.75 26.8
    endloop
  endfacet
  facet normal 1 0 0
    outer loop
      vertex 77.9 54.75 17.164
      vertex 77.9 44.75 26.8
      vertex 77.9 44.75 17.164
    endloop
  endfacet
  facet normal 0 0 -1
    outer loop
      vertex 77.9 44.75 26.8
      vertex 78.4053 54.75 26.8
      vertex 78.4053 44.75 26.8
    endloop
  endfacet
  facet normal -0 0 -1
    outer loop
      vertex 78.4053 54.75 26.8
      vertex 77.9 44.75 26.8
      vertex 77.9 54.75 26.8
    endloop
  endfacet
  facet normal -0 -1 0
    outer loop
      vertex 78.4053 54.75 26.8
      vertex 77.9 54.75 26.8
      vertex 77.9 54.75 17.164
    endloop
  endfacet
  facet normal -0 1 0
    outer loop
      vertex 77.9 44.75 26.8
      vertex 78.4053 44.75 26.8
      vertex 77.9 44.75 17.164
    endloop
  endfacet
  facet normal 1 -0 0
    outer loop
      vertex 46 21.5 97.538
      vertex 46 33.5 95.9
      vertex 46 33.5 97.538
    endloop
  endfacet
  facet normal 1 0 0
    outer loop
      vertex 46 33.5 95.9
      vertex 46 21.5 97.538
      vertex 46 21.5 95.9
    endloop
  endfacet
  facet normal 0 -1 0
    outer loop
      vertex 46 33.5 95.9
      vertex 46.2574 33.5 97.5075
      vertex 46 33.5 97.538
    endloop
  endfacet
  facet normal 0 -1 -0
    outer loop
      vertex 46.2574 33.5 97.5075
      vertex 46 33.5 95.9
      vertex 49.3378 33.5 96.8948
    endloop
  endfacet
  facet normal 0 -1 -0
    outer loop
      vertex 49.3378 33.5 96.8948
      vertex 46 33.5 95.9
      vertex 52.3607 33.5 96.0423
    endloop
  endfacet
  facet normal 0 -1 -0
    outer loop
      vertex 52.3607 33.5 96.0423
      vertex 46 33.5 95.9
      vertex 52.7463 33.5 95.9
    endloop
  endfacet
  facet normal -0 0 1
    outer loop
      vertex 46 33.5 95.9
      vertex 52.7463 21.5 95.9
      vertex 52.7463 33.5 95.9
    endloop
  endfacet
  facet normal 0 0 1
    outer loop
      vertex 52.7463 21.5 95.9
      vertex 46 33.5 95.9
      vertex 46 21.5 95.9
    endloop
  endfacet
  facet normal 0 1 0
    outer loop
      vertex 46 21.5 95.9
      vertex 46.2574 21.5 97.5075
      vertex 49.3378 21.5 96.8948
    endloop
  endfacet
  facet normal 0 1 0
    outer loop
      vertex 46 21.5 95.9
      vertex 49.3378 21.5 96.8948
      vertex 52.3607 21.5 96.0423
    endloop
  endfacet
  facet normal 0 1 0
    outer loop
      vertex 46 21.5 95.9
      vertex 52.3607 21.5 96.0423
      vertex 52.7463 21.5 95.9
    endloop
  endfacet
  facet normal 0 1 0
    outer loop
      vertex 46.2574 21.5 97.5075
      vertex 46 21.5 95.9
      vertex 46 21.5 97.538
    endloop
  endfacet
  facet normal 0.991446 0.130521 0
    outer loop
      vertex 9.25 1 13
      vertex 9.1563 1.71175 8
      vertex 9.1563 1.71175 13
    endloop
  endfacet
  facet normal 0.991446 0.130521 0
    outer loop
      vertex 9.1563 1.71175 8
      vertex 9.25 1 13
      vertex 9.25 1 8
    endloop
  endfacet
  facet normal 0.130521 0.991446 -0
    outer loop
      vertex 7.21175 3.6563 8
      vertex 6.5 3.75 13
      vertex 7.21175 3.6563 13
    endloop
  endfacet
  facet normal 0.130521 0.991446 0
    outer loop
      vertex 6.5 3.75 13
      vertex 7.21175 3.6563 8
      vertex 6.5 3.75 8
    endloop
  endfacet
  facet normal 0 0 -1
    outer loop
      vertex 8.05 1 8
      vertex 9.25 1 8
      vertex 9.1563 0.288248 8
    endloop
  endfacet
  facet normal 0 0 -1
    outer loop
      vertex 7.99718 0.598831 8
      vertex 9.1563 0.288248 8
      vertex 8.88157 -0.375 8
    endloop
  endfacet
  facet normal 0 0 -1
    outer loop
      vertex 9.25 1 8
      vertex 8.05 1 8
      vertex 9.1563 1.71175 8
    endloop
  endfacet
  facet normal 0 0 -1
    outer loop
      vertex 7.84234 0.225 8
      vertex 8.88157 -0.375 8
      vertex 8.44454 -0.944543 8
    endloop
  endfacet
  facet normal 0 0 -1
    outer loop
      vertex 7.99718 1.40117 8
      vertex 9.1563 1.71175 8
      vertex 8.05 1 8
    endloop
  endfacet
  facet normal -0 0 -1
    outer loop
      vertex 9.1563 1.71175 8
      vertex 7.99718 1.40117 8
      vertex 8.88157 2.375 8
    endloop
  endfacet
  facet normal 0 0 -1
    outer loop
      vertex 9.1563 0.288248 8
      vertex 7.99718 0.598831 8
      vertex 8.05 1 8
    endloop
  endfacet
  facet normal 0 0 -1
    outer loop
      vertex 7.59601 -0.096015 8
      vertex 8.44454 -0.944543 8
      vertex 7.875 -1.38157 8
    endloop
  endfacet
  facet normal 0 0 -1
    outer loop
      vertex 8.88157 -0.375 8
      vertex 7.84234 0.225 8
      vertex 7.99718 0.598831 8
    endloop
  endfacet
  facet normal 0 0 -1
    outer loop
      vertex 8.44454 -0.944543 8
      vertex 7.59601 -0.096015 8
      vertex 7.84234 0.225 8
    endloop
  endfacet
  facet normal 0 0 -1
    outer loop
      vertex 7.875 -1.38157 8
      vertex 7.275 -0.342339 8
      vertex 7.59601 -0.096015 8
    endloop
  endfacet
  facet normal 0 0 -1
    outer loop
      vertex 7.21175 -1.6563 8
      vertex 7.275 -0.342339 8
      vertex 7.875 -1.38157 8
    endloop
  endfacet
  facet normal 0 0 -1
    outer loop
      vertex 7.21175 -1.6563 8
      vertex 6.90117 -0.497185 8
      vertex 7.275 -0.342339 8
    endloop
  endfacet
  facet normal 0 0 -1
    outer loop
      vertex 6.5 -1.75 8
      vertex 6.90117 -0.497185 8
      vertex 7.21175 -1.6563 8
    endloop
  endfacet
  facet normal 0 0 -1
    outer loop
      vertex 6.5 -1.75 8
      vertex 6.5 -0.549999 8
      vertex 6.90117 -0.497185 8
    endloop
  endfacet
  facet normal 0 0 -1
    outer loop
      vertex 6.5 -1.75 8
      vertex 6.09883 -0.497185 8
      vertex 6.5 -0.549999 8
    endloop
  endfacet
  facet normal 0 0 -1
    outer loop
      vertex 5.78825 -1.6563 8
      vertex 6.09883 -0.497185 8
      vertex 6.5 -1.75 8
    endloop
  endfacet
  facet normal 0 0 -1
    outer loop
      vertex 5.78825 -1.6563 8
      vertex 5.725 -0.342339 8
      vertex 6.09883 -0.497185 8
    endloop
  endfacet
  facet normal 0 0 -1
    outer loop
      vertex 5.125 -1.38157 8
      vertex 5.725 -0.342339 8
      vertex 5.78825 -1.6563 8
    endloop
  endfacet
  facet normal -0 0 -1
    outer loop
      vertex 5.725 -0.342339 8
      vertex 5.125 -1.38157 8
      vertex 5.40399 -0.096015 8
    endloop
  endfacet
  facet normal 0 0 -1
    outer loop
      vertex 4.55546 -0.944543 8
      vertex 5.40399 -0.096015 8
      vertex 5.125 -1.38157 8
    endloop
  endfacet
  facet normal -0 0 -1
    outer loop
      vertex 5.40399 -0.096015 8
      vertex 4.55546 -0.944543 8
      vertex 5.33031 0 8
    endloop
  endfacet
  facet normal 0 0 -1
    outer loop
      vertex 4.11843 -0.375 8
      vertex 5.33031 0 8
      vertex 4.55546 -0.944543 8
    endloop
  endfacet
  facet normal -0 0 -1
    outer loop
      vertex 5.33031 0 8
      vertex 4.11843 -0.375 8
      vertex 3.9631 0 8
    endloop
  endfacet
  facet normal 0 0 -1
    outer loop
      vertex 7.84234 1.775 8
      vertex 8.88157 2.375 8
      vertex 7.99718 1.40117 8
    endloop
  endfacet
  facet normal -0 0 -1
    outer loop
      vertex 8.88157 2.375 8
      vertex 7.84234 1.775 8
      vertex 8.44454 2.94454 8
    endloop
  endfacet
  facet normal 0 0 -1
    outer loop
      vertex 7.59601 2.09601 8
      vertex 8.44454 2.94454 8
      vertex 7.84234 1.775 8
    endloop
  endfacet
  facet normal -0 0 -1
    outer loop
      vertex 8.44454 2.94454 8
      vertex 7.59601 2.09601 8
      vertex 7.875 3.38157 8
    endloop
  endfacet
  facet normal 0 0 -1
    outer loop
      vertex 7.275 2.34234 8
      vertex 7.875 3.38157 8
      vertex 7.59601 2.09601 8
    endloop
  endfacet
  facet normal 0 0 -1
    outer loop
      vertex 7.275 2.34234 8
      vertex 7.21175 3.6563 8
      vertex 7.875 3.38157 8
    endloop
  endfacet
  facet normal 0 0 -1
    outer loop
      vertex 6.90117 2.49718 8
      vertex 7.21175 3.6563 8
      vertex 7.275 2.34234 8
    endloop
  endfacet
  facet normal 0 0 -1
    outer loop
      vertex 6.5 2.55 8
      vertex 7.21175 3.6563 8
      vertex 6.90117 2.49718 8
    endloop
  endfacet
  facet normal 0 0 -1
    outer loop
      vertex 6.5 2.55 8
      vertex 6.5 3.75 8
      vertex 7.21175 3.6563 8
    endloop
  endfacet
  facet normal 0 0 -1
    outer loop
      vertex 6.09883 2.49718 8
      vertex 6.5 3.75 8
      vertex 6.5 2.55 8
    endloop
  endfacet
  facet normal 0 0 -1
    outer loop
      vertex 6.09883 2.49718 8
      vertex 5.78825 3.6563 8
      vertex 6.5 3.75 8
    endloop
  endfacet
  facet normal 0 0 -1
    outer loop
      vertex 5.725 2.34234 8
      vertex 5.78825 3.6563 8
      vertex 6.09883 2.49718 8
    endloop
  endfacet
  facet normal 0 0 -1
    outer loop
      vertex 4.58326 2.96588 8
      vertex 5.725 2.34234 8
      vertex 5.40399 2.09601 8
    endloop
  endfacet
  facet normal 0 0 -1
    outer loop
      vertex 4.58326 2 8
      vertex 5.40399 2.09601 8
      vertex 5.33031 2 8
    endloop
  endfacet
  facet normal 0 0 -1
    outer loop
      vertex 5.725 2.34234 8
      vertex 5.125 3.38157 8
      vertex 5.78825 3.6563 8
    endloop
  endfacet
  facet normal -0 0 -1
    outer loop
      vertex 5.40399 2.09601 8
      vertex 4.58326 2 8
      vertex 4.58326 2.96588 8
    endloop
  endfacet
  facet normal 0 0 -1
    outer loop
      vertex 5.725 2.34234 8
      vertex 4.58326 2.96588 8
      vertex 5.125 3.38157 8
    endloop
  endfacet
  facet normal 0.608767 0.793349 -0
    outer loop
      vertex 8.44454 2.94454 8
      vertex 7.875 3.38157 13
      vertex 8.44454 2.94454 13
    endloop
  endfacet
  facet normal 0.608767 0.793349 0
    outer loop
      vertex 7.875 3.38157 13
      vertex 8.44454 2.94454 8
      vertex 7.875 3.38157 8
    endloop
  endfacet
  facet normal 0.923878 0.382687 0
    outer loop
      vertex 9.1563 1.71175 13
      vertex 8.88157 2.375 8
      vertex 8.88157 2.375 13
    endloop
  endfacet
  facet normal 0.923878 0.382687 0
    outer loop
      vertex 8.88157 2.375 8
      vertex 9.1563 1.71175 13
      vertex 9.1563 1.71175 8
    endloop
  endfacet
  facet normal 0.382687 0.923878 -0
    outer loop
      vertex 7.875 3.38157 8
      vertex 7.21175 3.6563 13
      vertex 7.875 3.38157 13
    endloop
  endfacet
  facet normal 0.382687 0.923878 0
    outer loop
      vertex 7.21175 3.6563 13
      vertex 7.875 3.38157 8
      vertex 7.21175 3.6563 8
    endloop
  endfacet
  facet normal -0.608767 0.793349 0
    outer loop
      vertex 5.125 3.38157 13
      vertex 4.55546 2.94454 8.53024
      vertex 4.55546 2.94454 13
    endloop
  endfacet
  facet normal -0.608767 0.793349 0
    outer loop
      vertex 5.125 3.38157 8
      vertex 4.55546 2.94454 8.53024
      vertex 5.125 3.38157 13
    endloop
  endfacet
  facet normal -0.60876 0.793355 1.25654e-05
    outer loop
      vertex 4.55546 2.94454 8.53024
      vertex 5.125 3.38157 8
      vertex 4.58326 2.96588 8
    endloop
  endfacet
  facet normal 0 0 1
    outer loop
      vertex 8.05 1 13
      vertex 9.25 1 13
      vertex 9.1563 1.71175 13
    endloop
  endfacet
  facet normal 0 0 1
    outer loop
      vertex 7.99718 1.40117 13
      vertex 9.1563 1.71175 13
      vertex 8.88157 2.375 13
    endloop
  endfacet
  facet normal 0 0 1
    outer loop
      vertex 9.25 1 13
      vertex 8.05 1 13
      vertex 9.1563 0.288248 13
    endloop
  endfacet
  facet normal 0 0 1
    outer loop
      vertex 7.84234 1.775 13
      vertex 8.88157 2.375 13
      vertex 8.44454 2.94454 13
    endloop
  endfacet
  facet normal -0 0 1
    outer loop
      vertex 7.99718 0.598831 13
      vertex 9.1563 0.288248 13
      vertex 8.05 1 13
    endloop
  endfacet
  facet normal 0 0 1
    outer loop
      vertex 9.1563 0.288248 13
      vertex 7.99718 0.598831 13
      vertex 8.88157 -0.375 13
    endloop
  endfacet
  facet normal 0 0 1
    outer loop
      vertex 9.1563 1.71175 13
      vertex 7.99718 1.40117 13
      vertex 8.05 1 13
    endloop
  endfacet
  facet normal 0 0 1
    outer loop
      vertex 7.59601 2.09601 13
      vertex 8.44454 2.94454 13
      vertex 7.875 3.38157 13
    endloop
  endfacet
  facet normal 0 0 1
    outer loop
      vertex 8.88157 2.375 13
      vertex 7.84234 1.775 13
      vertex 7.99718 1.40117 13
    endloop
  endfacet
  facet normal 0 0 1
    outer loop
      vertex 8.44454 2.94454 13
      vertex 7.59601 2.09601 13
      vertex 7.84234 1.775 13
    endloop
  endfacet
  facet normal 0 0 1
    outer loop
      vertex 7.875 3.38157 13
      vertex 7.275 2.34234 13
      vertex 7.59601 2.09601 13
    endloop
  endfacet
  facet normal 0 0 1
    outer loop
      vertex 7.21175 3.6563 13
      vertex 7.275 2.34234 13
      vertex 7.875 3.38157 13
    endloop
  endfacet
  facet normal 0 0 1
    outer loop
      vertex 7.21175 3.6563 13
      vertex 6.90117 2.49718 13
      vertex 7.275 2.34234 13
    endloop
  endfacet
  facet normal 0 0 1
    outer loop
      vertex 6.5 3.75 13
      vertex 6.90117 2.49718 13
      vertex 7.21175 3.6563 13
    endloop
  endfacet
  facet normal 0 0 1
    outer loop
      vertex 6.5 3.75 13
      vertex 6.5 2.55 13
      vertex 6.90117 2.49718 13
    endloop
  endfacet
  facet normal 0 0 1
    outer loop
      vertex 6.5 3.75 13
      vertex 6.09883 2.49718 13
      vertex 6.5 2.55 13
    endloop
  endfacet
  facet normal -0 0 1
    outer loop
      vertex 5.78825 3.6563 13
      vertex 6.09883 2.49718 13
      vertex 6.5 3.75 13
    endloop
  endfacet
  facet normal 0 0 1
    outer loop
      vertex 5.78825 3.6563 13
      vertex 5.725 2.34234 13
      vertex 6.09883 2.49718 13
    endloop
  endfacet
  facet normal -0 0 1
    outer loop
      vertex 5.125 3.38157 13
      vertex 5.725 2.34234 13
      vertex 5.78825 3.6563 13
    endloop
  endfacet
  facet normal 0 0 1
    outer loop
      vertex 5.725 2.34234 13
      vertex 5.125 3.38157 13
      vertex 5.40399 2.09601 13
    endloop
  endfacet
  facet normal -0 0 1
    outer loop
      vertex 4.55546 2.94454 13
      vertex 5.40399 2.09601 13
      vertex 5.125 3.38157 13
    endloop
  endfacet
  facet normal -0 0 1
    outer loop
      vertex 4.32108 2.6391 13
      vertex 5.40399 2.09601 13
      vertex 4.55546 2.94454 13
    endloop
  endfacet
  facet normal 0 0 1
    outer loop
      vertex 5.40399 2.09601 13
      vertex 4.32108 2.6391 13
      vertex 5.33031 2 13
    endloop
  endfacet
  facet normal 0 0 1
    outer loop
      vertex 5.33031 2 13
      vertex 4.32108 2.6391 13
      vertex 4.32108 2 13
    endloop
  endfacet
  facet normal -0 0 1
    outer loop
      vertex 7.84234 0.225 13
      vertex 8.88157 -0.375 13
      vertex 7.99718 0.598831 13
    endloop
  endfacet
  facet normal 0 0 1
    outer loop
      vertex 8.88157 -0.375 13
      vertex 7.84234 0.225 13
      vertex 8.44454 -0.944543 13
    endloop
  endfacet
  facet normal -0 0 1
    outer loop
      vertex 7.59601 -0.096015 13
      vertex 8.44454 -0.944543 13
      vertex 7.84234 0.225 13
    endloop
  endfacet
  facet normal 0 0 1
    outer loop
      vertex 8.44454 -0.944543 13
      vertex 7.59601 -0.096015 13
      vertex 7.875 -1.38157 13
    endloop
  endfacet
  facet normal -0 0 1
    outer loop
      vertex 7.275 -0.342339 13
      vertex 7.875 -1.38157 13
      vertex 7.59601 -0.096015 13
    endloop
  endfacet
  facet normal 0 0 1
    outer loop
      vertex 7.275 -0.342339 13
      vertex 7.21175 -1.6563 13
      vertex 7.875 -1.38157 13
    endloop
  endfacet
  facet normal -0 0 1
    outer loop
      vertex 6.90117 -0.497185 13
      vertex 7.21175 -1.6563 13
      vertex 7.275 -0.342339 13
    endloop
  endfacet
  facet normal -0 0 1
    outer loop
      vertex 6.5 -0.549999 13
      vertex 7.21175 -1.6563 13
      vertex 6.90117 -0.497185 13
    endloop
  endfacet
  facet normal 0 0 1
    outer loop
      vertex 6.5 -0.549999 13
      vertex 6.5 -1.75 13
      vertex 7.21175 -1.6563 13
    endloop
  endfacet
  facet normal 0 0 1
    outer loop
      vertex 6.09883 -0.497185 13
      vertex 6.5 -1.75 13
      vertex 6.5 -0.549999 13
    endloop
  endfacet
  facet normal 0 0 1
    outer loop
      vertex 6.09883 -0.497185 13
      vertex 5.78825 -1.6563 13
      vertex 6.5 -1.75 13
    endloop
  endfacet
  facet normal 0 0 1
    outer loop
      vertex 5.725 -0.342339 13
      vertex 5.78825 -1.6563 13
      vertex 6.09883 -0.497185 13
    endloop
  endfacet
  facet normal 0 0 1
    outer loop
      vertex 5.125 -1.38157 13
      vertex 5.725 -0.342339 13
      vertex 5.40399 -0.096015 13
    endloop
  endfacet
  facet normal 0 0 1
    outer loop
      vertex 4.55546 -0.944543 13
      vertex 5.40399 -0.096015 13
      vertex 5.33031 0 13
    endloop
  endfacet
  facet normal 0 0 1
    outer loop
      vertex 5.725 -0.342339 13
      vertex 5.125 -1.38157 13
      vertex 5.78825 -1.6563 13
    endloop
  endfacet
  facet normal 0 0 1
    outer loop
      vertex 5.40399 -0.096015 13
      vertex 4.55546 -0.944543 13
      vertex 5.125 -1.38157 13
    endloop
  endfacet
  facet normal 0 0 1
    outer loop
      vertex 5.33031 0 13
      vertex 4.11843 -0.375 13
      vertex 4.55546 -0.944543 13
    endloop
  endfacet
  facet normal 0 -0 1
    outer loop
      vertex 4.11843 -0.375 13
      vertex 5.33031 0 13
      vertex 3.9631 0 13
    endloop
  endfacet
  facet normal -0.130521 0.991446 0
    outer loop
      vertex 6.5 3.75 8
      vertex 5.78825 3.6563 13
      vertex 6.5 3.75 13
    endloop
  endfacet
  facet normal -0.130521 0.991446 0
    outer loop
      vertex 5.78825 3.6563 13
      vertex 6.5 3.75 8
      vertex 5.78825 3.6563 8
    endloop
  endfacet
  facet normal 0.923878 -0.382688 0
    outer loop
      vertex 8.88157 -0.375 13
      vertex 9.1563 0.288248 8
      vertex 9.1563 0.288248 13
    endloop
  endfacet
  facet normal 0.923878 -0.382688 0
    outer loop
      vertex 9.1563 0.288248 8
      vertex 8.88157 -0.375 13
      vertex 8.88157 -0.375 8
    endloop
  endfacet
  facet normal 0.793349 0.608767 0
    outer loop
      vertex 8.88157 2.375 13
      vertex 8.44454 2.94454 8
      vertex 8.44454 2.94454 13
    endloop
  endfacet
  facet normal 0.793349 0.608767 0
    outer loop
      vertex 8.44454 2.94454 8
      vertex 8.88157 2.375 13
      vertex 8.88157 2.375 8
    endloop
  endfacet
  facet normal -0.793344 0.608774 0
    outer loop
      vertex 4.55546 2.94454 8.53024
      vertex 4.32108 2.6391 13
      vertex 4.55546 2.94454 13
    endloop
  endfacet
  facet normal -0.382687 0.923878 0
    outer loop
      vertex 5.78825 3.6563 8
      vertex 5.125 3.38157 13
      vertex 5.78825 3.6563 13
    endloop
  endfacet
  facet normal -0.382687 0.923878 0
    outer loop
      vertex 5.125 3.38157 13
      vertex 5.78825 3.6563 8
      vertex 5.125 3.38157 8
    endloop
  endfacet
  facet normal 0.991446 -0.130521 0
    outer loop
      vertex 9.1563 0.288248 13
      vertex 9.25 1 8
      vertex 9.25 1 13
    endloop
  endfacet
  facet normal 0.991446 -0.130521 0
    outer loop
      vertex 9.25 1 8
      vertex 9.1563 0.288248 13
      vertex 9.1563 0.288248 8
    endloop
  endfacet
  facet normal 0.130521 -0.991446 0
    outer loop
      vertex 6.5 -1.75 8
      vertex 7.21175 -1.6563 13
      vertex 6.5 -1.75 13
    endloop
  endfacet
  facet normal 0.130521 -0.991446 0
    outer loop
      vertex 7.21175 -1.6563 13
      vertex 6.5 -1.75 8
      vertex 7.21175 -1.6563 8
    endloop
  endfacet
  facet normal 0.608765 -0.793351 0
    outer loop
      vertex 7.875 -1.38157 8
      vertex 8.44454 -0.944543 13
      vertex 7.875 -1.38157 13
    endloop
  endfacet
  facet normal 0.608765 -0.793351 0
    outer loop
      vertex 8.44454 -0.944543 13
      vertex 7.875 -1.38157 8
      vertex 8.44454 -0.944543 8
    endloop
  endfacet
  facet normal -0.608765 -0.793351 0
    outer loop
      vertex 4.55546 -0.944543 8
      vertex 5.125 -1.38157 13
      vertex 4.55546 -0.944543 13
    endloop
  endfacet
  facet normal -0.608765 -0.793351 -0
    outer loop
      vertex 5.125 -1.38157 13
      vertex 4.55546 -0.944543 8
      vertex 5.125 -1.38157 8
    endloop
  endfacet
  facet normal -0.130521 -0.991446 0
    outer loop
      vertex 5.78825 -1.6563 8
      vertex 6.5 -1.75 13
      vertex 5.78825 -1.6563 13
    endloop
  endfacet
  facet normal -0.130521 -0.991446 -0
    outer loop
      vertex 6.5 -1.75 13
      vertex 5.78825 -1.6563 8
      vertex 6.5 -1.75 8
    endloop
  endfacet
  facet normal -0.92388 -0.382683 0
    outer loop
      vertex 4.11843 -0.375 8
      vertex 3.9631 0 13
      vertex 3.9631 0 8
    endloop
  endfacet
  facet normal -0.92388 -0.382683 0
    outer loop
      vertex 3.9631 0 13
      vertex 4.11843 -0.375 8
      vertex 4.11843 -0.375 13
    endloop
  endfacet
  facet normal 0.382687 -0.923878 0
    outer loop
      vertex 7.21175 -1.6563 8
      vertex 7.875 -1.38157 13
      vertex 7.21175 -1.6563 13
    endloop
  endfacet
  facet normal 0.382687 -0.923878 0
    outer loop
      vertex 7.875 -1.38157 13
      vertex 7.21175 -1.6563 8
      vertex 7.875 -1.38157 8
    endloop
  endfacet
  facet normal 0.79335 -0.608765 0
    outer loop
      vertex 8.44454 -0.944543 13
      vertex 8.88157 -0.375 8
      vertex 8.88157 -0.375 13
    endloop
  endfacet
  facet normal 0.79335 -0.608765 0
    outer loop
      vertex 8.88157 -0.375 8
      vertex 8.44454 -0.944543 13
      vertex 8.44454 -0.944543 8
    endloop
  endfacet
  facet normal -0.382687 -0.923878 0
    outer loop
      vertex 5.125 -1.38157 8
      vertex 5.78825 -1.6563 13
      vertex 5.125 -1.38157 13
    endloop
  endfacet
  facet normal -0.382687 -0.923878 -0
    outer loop
      vertex 5.78825 -1.6563 13
      vertex 5.125 -1.38157 8
      vertex 5.78825 -1.6563 8
    endloop
  endfacet
  facet normal -0.79335 -0.608765 0
    outer loop
      vertex 4.55546 -0.944543 8
      vertex 4.11843 -0.375 13
      vertex 4.11843 -0.375 8
    endloop
  endfacet
  facet normal -0.79335 -0.608765 0
    outer loop
      vertex 4.11843 -0.375 13
      vertex 4.55546 -0.944543 8
      vertex 4.55546 -0.944543 13
    endloop
  endfacet
  facet normal -0.991443 -0.130538 0
    outer loop
      vertex 8.05 1 8
      vertex 7.99718 1.40117 13
      vertex 7.99718 1.40117 8
    endloop
  endfacet
  facet normal -0.991443 -0.130538 0
    outer loop
      vertex 7.99718 1.40117 13
      vertex 8.05 1 8
      vertex 8.05 1 13
    endloop
  endfacet
  facet normal 0.130538 -0.991443 0
    outer loop
      vertex 6.09883 2.49718 8
      vertex 6.5 2.55 13
      vertex 6.09883 2.49718 13
    endloop
  endfacet
  facet normal 0.130538 -0.991443 0
    outer loop
      vertex 6.5 2.55 13
      vertex 6.09883 2.49718 8
      vertex 6.5 2.55 8
    endloop
  endfacet
  facet normal -0.130524 0.991445 0
    outer loop
      vertex 6.90117 -0.497185 8
      vertex 6.5 -0.549999 13
      vertex 6.90117 -0.497185 13
    endloop
  endfacet
  facet normal -0.130524 0.991445 0
    outer loop
      vertex 6.5 -0.549999 13
      vertex 6.90117 -0.497185 8
      vertex 6.5 -0.549999 8
    endloop
  endfacet
  facet normal -0.608778 -0.793341 0
    outer loop
      vertex 7.275 2.34234 8
      vertex 7.59601 2.09601 13
      vertex 7.275 2.34234 13
    endloop
  endfacet
  facet normal -0.608778 -0.793341 -0
    outer loop
      vertex 7.59601 2.09601 13
      vertex 7.275 2.34234 8
      vertex 7.59601 2.09601 8
    endloop
  endfacet
  facet normal -0.382672 -0.923884 0
    outer loop
      vertex 6.90117 2.49718 8
      vertex 7.275 2.34234 13
      vertex 6.90117 2.49718 13
    endloop
  endfacet
  facet normal -0.382672 -0.923884 -0
    outer loop
      vertex 7.275 2.34234 13
      vertex 6.90117 2.49718 8
      vertex 7.275 2.34234 8
    endloop
  endfacet
  facet normal 0.608778 -0.793341 0
    outer loop
      vertex 5.40399 2.09601 8
      vertex 5.725 2.34234 13
      vertex 5.40399 2.09601 13
    endloop
  endfacet
  facet normal 0.608778 -0.793341 0
    outer loop
      vertex 5.725 2.34234 13
      vertex 5.40399 2.09601 8
      vertex 5.725 2.34234 8
    endloop
  endfacet
  facet normal 0.382672 -0.923884 0
    outer loop
      vertex 5.725 2.34234 8
      vertex 6.09883 2.49718 13
      vertex 5.725 2.34234 13
    endloop
  endfacet
  facet normal 0.382672 -0.923884 0
    outer loop
      vertex 6.09883 2.49718 13
      vertex 5.725 2.34234 8
      vertex 6.09883 2.49718 8
    endloop
  endfacet
  facet normal -0.793341 -0.608778 0
    outer loop
      vertex 7.84234 1.775 8
      vertex 7.59601 2.09601 13
      vertex 7.59601 2.09601 8
    endloop
  endfacet
  facet normal -0.793341 -0.608778 0
    outer loop
      vertex 7.59601 2.09601 13
      vertex 7.84234 1.775 8
      vertex 7.84234 1.775 13
    endloop
  endfacet
  facet normal -0.923884 -0.382672 0
    outer loop
      vertex 7.99718 1.40117 8
      vertex 7.84234 1.775 13
      vertex 7.84234 1.775 8
    endloop
  endfacet
  facet normal -0.923884 -0.382672 0
    outer loop
      vertex 7.84234 1.775 13
      vertex 7.99718 1.40117 8
      vertex 7.99718 1.40117 13
    endloop
  endfacet
  facet normal -0.130538 -0.991443 0
    outer loop
      vertex 6.5 2.55 8
      vertex 6.90117 2.49718 13
      vertex 6.5 2.55 13
    endloop
  endfacet
  facet normal -0.130538 -0.991443 -0
    outer loop
      vertex 6.90117 2.49718 13
      vertex 6.5 2.55 8
      vertex 6.90117 2.49718 8
    endloop
  endfacet
  facet normal 0.793318 -0.608808 0
    outer loop
      vertex 5.33031 2 13
      vertex 5.40399 2.09601 8
      vertex 5.40399 2.09601 13
    endloop
  endfacet
  facet normal 0.793318 -0.608808 0
    outer loop
      vertex 5.40399 2.09601 8
      vertex 5.33031 2 13
      vertex 5.33031 2 8
    endloop
  endfacet
  facet normal -0.991443 0.130539 0
    outer loop
      vertex 7.99718 0.598831 8
      vertex 8.05 1 13
      vertex 8.05 1 8
    endloop
  endfacet
  facet normal -0.991443 0.130539 0
    outer loop
      vertex 8.05 1 13
      vertex 7.99718 0.598831 8
      vertex 7.99718 0.598831 13
    endloop
  endfacet
  facet normal -0.793346 0.608772 0
    outer loop
      vertex 7.59601 -0.096015 8
      vertex 7.84234 0.225 13
      vertex 7.84234 0.225 8
    endloop
  endfacet
  facet normal -0.793346 0.608772 0
    outer loop
      vertex 7.84234 0.225 13
      vertex 7.59601 -0.096015 8
      vertex 7.59601 -0.096015 13
    endloop
  endfacet
  facet normal -0.923885 0.382671 0
    outer loop
      vertex 7.84234 0.225 8
      vertex 7.99718 0.598831 13
      vertex 7.99718 0.598831 8
    endloop
  endfacet
  facet normal -0.923885 0.382671 0
    outer loop
      vertex 7.99718 0.598831 13
      vertex 7.84234 0.225 8
      vertex 7.84234 0.225 13
    endloop
  endfacet
  facet normal 0.608768 0.793348 -0
    outer loop
      vertex 5.725 -0.342339 8
      vertex 5.40399 -0.096015 13
      vertex 5.725 -0.342339 13
    endloop
  endfacet
  facet normal 0.608768 0.793348 0
    outer loop
      vertex 5.40399 -0.096015 13
      vertex 5.725 -0.342339 8
      vertex 5.40399 -0.096015 8
    endloop
  endfacet
  facet normal 0.793333 0.608788 0
    outer loop
      vertex 5.40399 -0.096015 13
      vertex 5.33031 0 8
      vertex 5.33031 0 13
    endloop
  endfacet
  facet normal 0.793333 0.608788 0
    outer loop
      vertex 5.33031 0 8
      vertex 5.40399 -0.096015 13
      vertex 5.40399 -0.096015 8
    endloop
  endfacet
  facet normal 0.130524 0.991445 -0
    outer loop
      vertex 6.5 -0.549999 8
      vertex 6.09883 -0.497185 13
      vertex 6.5 -0.549999 13
    endloop
  endfacet
  facet normal 0.130524 0.991445 0
    outer loop
      vertex 6.09883 -0.497185 13
      vertex 6.5 -0.549999 8
      vertex 6.09883 -0.497185 8
    endloop
  endfacet
  facet normal 0.382685 0.923879 -0
    outer loop
      vertex 6.09883 -0.497185 8
      vertex 5.725 -0.342339 13
      vertex 6.09883 -0.497185 13
    endloop
  endfacet
  facet normal 0.382685 0.923879 0
    outer loop
      vertex 5.725 -0.342339 13
      vertex 6.09883 -0.497185 8
      vertex 5.725 -0.342339 8
    endloop
  endfacet
  facet normal -0.608768 0.793348 0
    outer loop
      vertex 7.59601 -0.096015 8
      vertex 7.275 -0.342339 13
      vertex 7.59601 -0.096015 13
    endloop
  endfacet
  facet normal -0.608768 0.793348 0
    outer loop
      vertex 7.275 -0.342339 13
      vertex 7.59601 -0.096015 8
      vertex 7.275 -0.342339 8
    endloop
  endfacet
  facet normal -0.382685 0.923879 0
    outer loop
      vertex 7.275 -0.342339 8
      vertex 6.90117 -0.497185 13
      vertex 7.275 -0.342339 13
    endloop
  endfacet
  facet normal -0.382685 0.923879 0
    outer loop
      vertex 6.90117 -0.497185 13
      vertex 7.275 -0.342339 8
      vertex 6.90117 -0.497185 8
    endloop
  endfacet
  facet normal 0.991446 0.130521 0
    outer loop
      vertex 9.25 1 79.5
      vertex 9.1563 1.71175 78.5
      vertex 9.1563 1.71175 79.5
    endloop
  endfacet
  facet normal 0.991446 0.130521 0
    outer loop
      vertex 9.1563 1.71175 78.5
      vertex 9.25 1 79.5
      vertex 9.25 1 78.5
    endloop
  endfacet
  facet normal 0.991446 0.130521 0
    outer loop
      vertex 9.207 1.32663 83.5
      vertex 9.1563 1.71175 83.4357
      vertex 9.1563 1.71175 83.5
    endloop
  endfacet
  facet normal -0.991446 0.130521 0
    outer loop
      vertex 3.75 1 78.5
      vertex 3.8437 1.71175 83.5
      vertex 3.8437 1.71175 78.5
    endloop
  endfacet
  facet normal -0.991446 0.130521 0
    outer loop
      vertex 3.8437 1.71175 83.5
      vertex 3.75 1 78.5
      vertex 3.75 1 83.5
    endloop
  endfacet
  facet normal 0.130521 0.991446 -0
    outer loop
      vertex 7.21175 3.6563 80.8715
      vertex 6.5 3.75 83.5
      vertex 7.21175 3.6563 83.5
    endloop
  endfacet
  facet normal 0.130521 0.991446 0
    outer loop
      vertex 6.5 3.75 83.5
      vertex 7.21175 3.6563 80.8715
      vertex 6.5 3.75 79.8063
    endloop
  endfacet
  facet normal -0 0 -1
    outer loop
      vertex 9.1563 1.71175 78.5
      vertex 7.99718 1.40117 78.5
      vertex 8.03253 2.1 78.5
    endloop
  endfacet
  facet normal 0 0 -1
    outer loop
      vertex 7.84234 1.775 78.5
      vertex 8.03253 2.1 78.5
      vertex 7.99718 1.40117 78.5
    endloop
  endfacet
  facet normal 0 0 -1
    outer loop
      vertex 7.59601 2.09601 78.5
      vertex 8.03253 2.1 78.5
      vertex 7.84234 1.775 78.5
    endloop
  endfacet
  facet normal -0 0 -1
    outer loop
      vertex 8.03253 2.1 78.5
      vertex 7.59601 2.09601 78.5
      vertex 7.59082 2.1 78.5
    endloop
  endfacet
  facet normal 0 0 -1
    outer loop
      vertex 8.05 1 78.5
      vertex 9.25 1 78.5
      vertex 9.1563 0.288248 78.5
    endloop
  endfacet
  facet normal 0 0 -1
    outer loop
      vertex 7.99718 0.598831 78.5
      vertex 9.1563 0.288248 78.5
      vertex 8.88157 -0.375 78.5
    endloop
  endfacet
  facet normal 0 0 -1
    outer loop
      vertex 9.25 1 78.5
      vertex 8.05 1 78.5
      vertex 9.1563 1.71175 78.5
    endloop
  endfacet
  facet normal 0 0 -1
    outer loop
      vertex 7.84234 0.225 78.5
      vertex 8.88157 -0.375 78.5
      vertex 8.44454 -0.944543 78.5
    endloop
  endfacet
  facet normal 0 0 -1
    outer loop
      vertex 7.99718 1.40117 78.5
      vertex 9.1563 1.71175 78.5
      vertex 8.05 1 78.5
    endloop
  endfacet
  facet normal 0 0 -1
    outer loop
      vertex 9.1563 1.71175 78.5
      vertex 8.03253 2.1 78.5
      vertex 8.88157 2.375 78.5
    endloop
  endfacet
  facet normal 0 0 -1
    outer loop
      vertex 9.1563 0.288248 78.5
      vertex 7.99718 0.598831 78.5
      vertex 8.05 1 78.5
    endloop
  endfacet
  facet normal 0 0 -1
    outer loop
      vertex 7.59601 -0.096015 78.5
      vertex 8.44454 -0.944543 78.5
      vertex 7.875 -1.38157 78.5
    endloop
  endfacet
  facet normal 0 0 -1
    outer loop
      vertex 8.88157 -0.375 78.5
      vertex 7.84234 0.225 78.5
      vertex 7.99718 0.598831 78.5
    endloop
  endfacet
  facet normal 0 0 -1
    outer loop
      vertex 8.44454 -0.944543 78.5
      vertex 7.59601 -0.096015 78.5
      vertex 7.84234 0.225 78.5
    endloop
  endfacet
  facet normal 0 0 -1
    outer loop
      vertex 7.875 -1.38157 78.5
      vertex 7.275 -0.342339 78.5
      vertex 7.59601 -0.096015 78.5
    endloop
  endfacet
  facet normal 0 0 -1
    outer loop
      vertex 7.21175 -1.6563 78.5
      vertex 7.275 -0.342339 78.5
      vertex 7.875 -1.38157 78.5
    endloop
  endfacet
  facet normal 0 0 -1
    outer loop
      vertex 7.21175 -1.6563 78.5
      vertex 6.90117 -0.497185 78.5
      vertex 7.275 -0.342339 78.5
    endloop
  endfacet
  facet normal 0 0 -1
    outer loop
      vertex 6.5 -1.75 78.5
      vertex 6.90117 -0.497185 78.5
      vertex 7.21175 -1.6563 78.5
    endloop
  endfacet
  facet normal 0 0 -1
    outer loop
      vertex 6.5 -1.75 78.5
      vertex 6.5 -0.549999 78.5
      vertex 6.90117 -0.497185 78.5
    endloop
  endfacet
  facet normal 0 0 -1
    outer loop
      vertex 6.5 -1.75 78.5
      vertex 6.09883 -0.497185 78.5
      vertex 6.5 -0.549999 78.5
    endloop
  endfacet
  facet normal 0 0 -1
    outer loop
      vertex 5.78825 -1.6563 78.5
      vertex 6.09883 -0.497185 78.5
      vertex 6.5 -1.75 78.5
    endloop
  endfacet
  facet normal 0 0 -1
    outer loop
      vertex 5.78825 -1.6563 78.5
      vertex 5.725 -0.342339 78.5
      vertex 6.09883 -0.497185 78.5
    endloop
  endfacet
  facet normal 0 0 -1
    outer loop
      vertex 5.125 -1.38157 78.5
      vertex 5.725 -0.342339 78.5
      vertex 5.78825 -1.6563 78.5
    endloop
  endfacet
  facet normal -0 0 -1
    outer loop
      vertex 5.725 -0.342339 78.5
      vertex 5.125 -1.38157 78.5
      vertex 5.40399 -0.096015 78.5
    endloop
  endfacet
  facet normal 0 0 -1
    outer loop
      vertex 4.55546 -0.944543 78.5
      vertex 5.40399 -0.096015 78.5
      vertex 5.125 -1.38157 78.5
    endloop
  endfacet
  facet normal -0 0 -1
    outer loop
      vertex 5.40399 -0.096015 78.5
      vertex 4.55546 -0.944543 78.5
      vertex 5.15766 0.225 78.5
    endloop
  endfacet
  facet normal 0 0 -1
    outer loop
      vertex 4.11843 -0.375 78.5
      vertex 5.15766 0.225 78.5
      vertex 4.55546 -0.944543 78.5
    endloop
  endfacet
  facet normal -0 0 -1
    outer loop
      vertex 5.15766 0.225 78.5
      vertex 4.11843 -0.375 78.5
      vertex 5.00282 0.598831 78.5
    endloop
  endfacet
  facet normal -0 0 -1
    outer loop
      vertex 8.88157 2.375 78.5
      vertex 8.03253 2.1 78.5
      vertex 8.44454 2.94454 78.5
    endloop
  endfacet
  facet normal -0 0 -1
    outer loop
      vertex 8.44454 2.94454 78.5
      vertex 8.03253 2.1 78.5
      vertex 8.03253 3.26069 78.5
    endloop
  endfacet
  facet normal 0 0 -1
    outer loop
      vertex 4.55546 2.94454 78.5
      vertex 5.67041 2.30045 78.5
      vertex 5.40399 2.09601 78.5
    endloop
  endfacet
  facet normal 0 0 -1
    outer loop
      vertex 4.55546 2.94454 78.5
      vertex 5.40399 2.09601 78.5
      vertex 5.15766 1.775 78.5
    endloop
  endfacet
  facet normal 0 0 -1
    outer loop
      vertex 5.67041 2.30045 78.5
      vertex 5.125 3.38157 78.5
      vertex 5.67041 3.60749 78.5
    endloop
  endfacet
  facet normal 0 0 -1
    outer loop
      vertex 4.11843 2.375 78.5
      vertex 5.15766 1.775 78.5
      vertex 5.00282 1.40117 78.5
    endloop
  endfacet
  facet normal 0 0 -1
    outer loop
      vertex 3.8437 1.71175 78.5
      vertex 5.00282 1.40117 78.5
      vertex 4.95 1 78.5
    endloop
  endfacet
  facet normal 0 0 -1
    outer loop
      vertex 3.8437 0.288248 78.5
      vertex 5.00282 0.598831 78.5
      vertex 4.11843 -0.375 78.5
    endloop
  endfacet
  facet normal 0 0 -1
    outer loop
      vertex 5.67041 2.30045 78.5
      vertex 4.55546 2.94454 78.5
      vertex 5.125 3.38157 78.5
    endloop
  endfacet
  facet normal -0 0 -1
    outer loop
      vertex 5.00282 0.598831 78.5
      vertex 3.8437 0.288248 78.5
      vertex 4.95 1 78.5
    endloop
  endfacet
  facet normal 0 0 -1
    outer loop
      vertex 5.15766 1.775 78.5
      vertex 4.11843 2.375 78.5
      vertex 4.55546 2.94454 78.5
    endloop
  endfacet
  facet normal 0 0 -1
    outer loop
      vertex 3.75 1 78.5
      vertex 4.95 1 78.5
      vertex 3.8437 0.288248 78.5
    endloop
  endfacet
  facet normal 0 0 -1
    outer loop
      vertex 5.00282 1.40117 78.5
      vertex 3.8437 1.71175 78.5
      vertex 4.11843 2.375 78.5
    endloop
  endfacet
  facet normal 0 0 -1
    outer loop
      vertex 4.95 1 78.5
      vertex 3.75 1 78.5
      vertex 3.8437 1.71175 78.5
    endloop
  endfacet
  facet normal 0.608766 0.79335 -0
    outer loop
      vertex 8.44454 2.94454 78.5
      vertex 8.03253 3.26069 78.5
      vertex 8.44454 2.94454 79.1166
    endloop
  endfacet
  facet normal 0.608767 0.793349 -0
    outer loop
      vertex 8.44454 2.94454 82.5328
      vertex 7.875 3.38157 83.5
      vertex 8.44454 2.94454 83.5
    endloop
  endfacet
  facet normal 0.608767 0.793349 0
    outer loop
      vertex 7.875 3.38157 83.5
      vertex 8.44454 2.94454 82.5328
      vertex 7.875 3.38157 81.8104
    endloop
  endfacet
  facet normal 0.92388 0.382683 -0
    outer loop
      vertex 9.0369 2 79.5
      vertex 8.88157 2.375 79.7707
      vertex 9.0369 2 80.0031
    endloop
  endfacet
  facet normal 0.92388 0.382683 0
    outer loop
      vertex 8.88157 2.375 79.7707
      vertex 9.0369 2 79.5
      vertex 8.88157 2.375 78.5
    endloop
  endfacet
  facet normal 0.923876 0.382691 -0
    outer loop
      vertex 9.1563 1.71175 78.5
      vertex 9.0369 2 79.5
      vertex 9.1563 1.71175 79.5
    endloop
  endfacet
  facet normal 0.923878 0.382687 1.57056e-06
    outer loop
      vertex 9.0369 2 79.5
      vertex 9.1563 1.71175 78.5
      vertex 8.88157 2.375 78.5
    endloop
  endfacet
  facet normal 0.923878 0.382687 -0
    outer loop
      vertex 9.1563 1.71175 83.4357
      vertex 8.88157 2.375 83.5
      vertex 9.1563 1.71175 83.5
    endloop
  endfacet
  facet normal 0.923878 0.382687 0
    outer loop
      vertex 8.88157 2.375 83.5
      vertex 9.1563 1.71175 83.4357
      vertex 8.88157 2.375 83.0872
    endloop
  endfacet
  facet normal 0.382687 0.923878 -0
    outer loop
      vertex 7.875 3.38157 81.8104
      vertex 7.21175 3.6563 83.5
      vertex 7.875 3.38157 83.5
    endloop
  endfacet
  facet normal 0.38268 0.923881 -2.94487e-06
    outer loop
      vertex 7.63932 3.47919 81.5114
      vertex 7.21175 3.6563 83.5
      vertex 7.875 3.38157 81.8104
    endloop
  endfacet
  facet normal 0.382692 0.923876 0
    outer loop
      vertex 7.21175 3.6563 83.5
      vertex 7.63932 3.47919 81.5114
      vertex 7.21175 3.6563 80.8715
    endloop
  endfacet
  facet normal -0.608767 0.793349 0
    outer loop
      vertex 5.125 3.38157 78.5
      vertex 4.55546 2.94454 83.5
      vertex 5.125 3.38157 83.5
    endloop
  endfacet
  facet normal -0.608767 0.793349 0
    outer loop
      vertex 4.55546 2.94454 83.5
      vertex 5.125 3.38157 78.5
      vertex 4.55546 2.94454 78.5
    endloop
  endfacet
  facet normal -0 0 1
    outer loop
      vertex 7.99718 1.40117 83.5
      vertex 9.207 1.32663 83.5
      vertex 9.1563 1.71175 83.5
    endloop
  endfacet
  facet normal 0 0 1
    outer loop
      vertex 9.207 1.32663 83.5
      vertex 8.05 1 83.5
      vertex 9.207 0.67337 83.5
    endloop
  endfacet
  facet normal 0 0 1
    outer loop
      vertex 7.99718 1.40117 83.5
      vertex 9.1563 1.71175 83.5
      vertex 8.88157 2.375 83.5
    endloop
  endfacet
  facet normal 0 0 1
    outer loop
      vertex 7.99718 0.598831 83.5
      vertex 9.207 0.67337 83.5
      vertex 8.05 1 83.5
    endloop
  endfacet
  facet normal 0 0 1
    outer loop
      vertex 7.84234 1.775 83.5
      vertex 8.88157 2.375 83.5
      vertex 8.44454 2.94454 83.5
    endloop
  endfacet
  facet normal 0 0 1
    outer loop
      vertex 9.207 0.67337 83.5
      vertex 7.99718 0.598831 83.5
      vertex 9.1563 0.288248 83.5
    endloop
  endfacet
  facet normal 0 0 1
    outer loop
      vertex 9.1563 0.288248 83.5
      vertex 7.99718 0.598831 83.5
      vertex 8.88157 -0.375 83.5
    endloop
  endfacet
  facet normal 0 0 1
    outer loop
      vertex 9.207 1.32663 83.5
      vertex 7.99718 1.40117 83.5
      vertex 8.05 1 83.5
    endloop
  endfacet
  facet normal 0 0 1
    outer loop
      vertex 7.59601 2.09601 83.5
      vertex 8.44454 2.94454 83.5
      vertex 7.875 3.38157 83.5
    endloop
  endfacet
  facet normal 0 0 1
    outer loop
      vertex 8.88157 2.375 83.5
      vertex 7.84234 1.775 83.5
      vertex 7.99718 1.40117 83.5
    endloop
  endfacet
  facet normal 0 0 1
    outer loop
      vertex 8.44454 2.94454 83.5
      vertex 7.59601 2.09601 83.5
      vertex 7.84234 1.775 83.5
    endloop
  endfacet
  facet normal 0 0 1
    outer loop
      vertex 7.875 3.38157 83.5
      vertex 7.275 2.34234 83.5
      vertex 7.59601 2.09601 83.5
    endloop
  endfacet
  facet normal 0 0 1
    outer loop
      vertex 7.21175 3.6563 83.5
      vertex 7.275 2.34234 83.5
      vertex 7.875 3.38157 83.5
    endloop
  endfacet
  facet normal 0 0 1
    outer loop
      vertex 7.21175 3.6563 83.5
      vertex 6.90117 2.49718 83.5
      vertex 7.275 2.34234 83.5
    endloop
  endfacet
  facet normal 0 0 1
    outer loop
      vertex 6.5 3.75 83.5
      vertex 6.90117 2.49718 83.5
      vertex 7.21175 3.6563 83.5
    endloop
  endfacet
  facet normal 0 0 1
    outer loop
      vertex 6.5 3.75 83.5
      vertex 6.5 2.55 83.5
      vertex 6.90117 2.49718 83.5
    endloop
  endfacet
  facet normal 0 0 1
    outer loop
      vertex 6.5 3.75 83.5
      vertex 6.09883 2.49718 83.5
      vertex 6.5 2.55 83.5
    endloop
  endfacet
  facet normal -0 0 1
    outer loop
      vertex 5.78825 3.6563 83.5
      vertex 6.09883 2.49718 83.5
      vertex 6.5 3.75 83.5
    endloop
  endfacet
  facet normal 0 0 1
    outer loop
      vertex 5.78825 3.6563 83.5
      vertex 5.725 2.34234 83.5
      vertex 6.09883 2.49718 83.5
    endloop
  endfacet
  facet normal -0 0 1
    outer loop
      vertex 5.125 3.38157 83.5
      vertex 5.725 2.34234 83.5
      vertex 5.78825 3.6563 83.5
    endloop
  endfacet
  facet normal 0 0 1
    outer loop
      vertex 5.725 2.34234 83.5
      vertex 5.125 3.38157 83.5
      vertex 5.40399 2.09601 83.5
    endloop
  endfacet
  facet normal -0 0 1
    outer loop
      vertex 4.55546 2.94454 83.5
      vertex 5.40399 2.09601 83.5
      vertex 5.125 3.38157 83.5
    endloop
  endfacet
  facet normal 0 0 1
    outer loop
      vertex 5.40399 2.09601 83.5
      vertex 4.55546 2.94454 83.5
      vertex 5.15766 1.775 83.5
    endloop
  endfacet
  facet normal -0 0 1
    outer loop
      vertex 4.11843 2.375 83.5
      vertex 5.15766 1.775 83.5
      vertex 4.55546 2.94454 83.5
    endloop
  endfacet
  facet normal 0 0 1
    outer loop
      vertex 5.15766 1.775 83.5
      vertex 4.11843 2.375 83.5
      vertex 5.00282 1.40117 83.5
    endloop
  endfacet
  facet normal -0 0 1
    outer loop
      vertex 7.84234 0.225 83.5
      vertex 8.88157 -0.375 83.5
      vertex 7.99718 0.598831 83.5
    endloop
  endfacet
  facet normal 0 0 1
    outer loop
      vertex 8.88157 -0.375 83.5
      vertex 7.84234 0.225 83.5
      vertex 8.44454 -0.944543 83.5
    endloop
  endfacet
  facet normal -0 0 1
    outer loop
      vertex 7.59601 -0.096015 83.5
      vertex 8.44454 -0.944543 83.5
      vertex 7.84234 0.225 83.5
    endloop
  endfacet
  facet normal 0 0 1
    outer loop
      vertex 8.44454 -0.944543 83.5
      vertex 7.59601 -0.096015 83.5
      vertex 7.875 -1.38157 83.5
    endloop
  endfacet
  facet normal -0 0 1
    outer loop
      vertex 7.275 -0.342339 83.5
      vertex 7.875 -1.38157 83.5
      vertex 7.59601 -0.096015 83.5
    endloop
  endfacet
  facet normal 0 0 1
    outer loop
      vertex 7.275 -0.342339 83.5
      vertex 7.21175 -1.6563 83.5
      vertex 7.875 -1.38157 83.5
    endloop
  endfacet
  facet normal -0 0 1
    outer loop
      vertex 6.90117 -0.497185 83.5
      vertex 7.21175 -1.6563 83.5
      vertex 7.275 -0.342339 83.5
    endloop
  endfacet
  facet normal -0 0 1
    outer loop
      vertex 6.5 -0.549999 83.5
      vertex 7.21175 -1.6563 83.5
      vertex 6.90117 -0.497185 83.5
    endloop
  endfacet
  facet normal 0 0 1
    outer loop
      vertex 6.5 -0.549999 83.5
      vertex 6.5 -1.75 83.5
      vertex 7.21175 -1.6563 83.5
    endloop
  endfacet
  facet normal 0 0 1
    outer loop
      vertex 6.09883 -0.497185 83.5
      vertex 6.5 -1.75 83.5
      vertex 6.5 -0.549999 83.5
    endloop
  endfacet
  facet normal 0 0 1
    outer loop
      vertex 6.09883 -0.497185 83.5
      vertex 5.78825 -1.6563 83.5
      vertex 6.5 -1.75 83.5
    endloop
  endfacet
  facet normal 0 0 1
    outer loop
      vertex 5.725 -0.342339 83.5
      vertex 5.78825 -1.6563 83.5
      vertex 6.09883 -0.497185 83.5
    endloop
  endfacet
  facet normal 0 0 1
    outer loop
      vertex 5.125 -1.38157 83.5
      vertex 5.725 -0.342339 83.5
      vertex 5.40399 -0.096015 83.5
    endloop
  endfacet
  facet normal 0 0 1
    outer loop
      vertex 4.55546 -0.944543 83.5
      vertex 5.40399 -0.096015 83.5
      vertex 5.15766 0.225 83.5
    endloop
  endfacet
  facet normal 0 0 1
    outer loop
      vertex 5.725 -0.342339 83.5
      vertex 5.125 -1.38157 83.5
      vertex 5.78825 -1.6563 83.5
    endloop
  endfacet
  facet normal 0 0 1
    outer loop
      vertex 4.11843 -0.375 83.5
      vertex 5.15766 0.225 83.5
      vertex 5.00282 0.598831 83.5
    endloop
  endfacet
  facet normal 0 0 1
    outer loop
      vertex 3.8437 0.288248 83.5
      vertex 5.00282 0.598831 83.5
      vertex 4.95 1 83.5
    endloop
  endfacet
  facet normal -0 0 1
    outer loop
      vertex 3.8437 1.71175 83.5
      vertex 5.00282 1.40117 83.5
      vertex 4.11843 2.375 83.5
    endloop
  endfacet
  facet normal 0 0 1
    outer loop
      vertex 5.40399 -0.096015 83.5
      vertex 4.55546 -0.944543 83.5
      vertex 5.125 -1.38157 83.5
    endloop
  endfacet
  facet normal 0 0 1
    outer loop
      vertex 5.00282 1.40117 83.5
      vertex 3.8437 1.71175 83.5
      vertex 4.95 1 83.5
    endloop
  endfacet
  facet normal 0 0 1
    outer loop
      vertex 5.15766 0.225 83.5
      vertex 4.11843 -0.375 83.5
      vertex 4.55546 -0.944543 83.5
    endloop
  endfacet
  facet normal 0 0 1
    outer loop
      vertex 3.75 1 83.5
      vertex 4.95 1 83.5
      vertex 3.8437 1.71175 83.5
    endloop
  endfacet
  facet normal 0 0 1
    outer loop
      vertex 5.00282 0.598831 83.5
      vertex 3.8437 0.288248 83.5
      vertex 4.11843 -0.375 83.5
    endloop
  endfacet
  facet normal 0 0 1
    outer loop
      vertex 4.95 1 83.5
      vertex 3.75 1 83.5
      vertex 3.8437 0.288248 83.5
    endloop
  endfacet
  facet normal -0.130521 0.991446 0
    outer loop
      vertex 6.5 3.75 79.8063
      vertex 5.78825 3.6563 83.5
      vertex 6.5 3.75 83.5
    endloop
  endfacet
  facet normal -0.130525 0.991445 -7.46661e-07
    outer loop
      vertex 5.89439 3.67027 78.8999
      vertex 5.78825 3.6563 83.5
      vertex 6.5 3.75 79.8063
    endloop
  endfacet
  facet normal -0.130493 0.991449 0
    outer loop
      vertex 5.78825 3.6563 83.5
      vertex 5.89439 3.67027 78.8999
      vertex 5.78825 3.6563 78.7104
    endloop
  endfacet
  facet normal 0.923875 -0.382694 0
    outer loop
      vertex 9.1563 0.288248 83.5
      vertex 9.0369 0 83.2842
      vertex 9.1563 0.288248 83.4357
    endloop
  endfacet
  facet normal 0.92388 -0.382683 0
    outer loop
      vertex 9.0369 0 83.2842
      vertex 8.88157 -0.375 83.5
      vertex 9.0369 0 79.5
    endloop
  endfacet
  facet normal 0.923878 -0.382688 -9.28313e-06
    outer loop
      vertex 8.88157 -0.375 83.5
      vertex 9.0369 0 83.2842
      vertex 9.1563 0.288248 83.5
    endloop
  endfacet
  facet normal 0.923875 -0.382694 0
    outer loop
      vertex 9.0369 0 79.5
      vertex 9.1563 0.288248 78.5
      vertex 9.1563 0.288248 79.5
    endloop
  endfacet
  facet normal 0.923878 -0.382688 2.0033e-06
    outer loop
      vertex 9.0369 0 79.5
      vertex 8.88157 -0.375 78.5
      vertex 9.1563 0.288248 78.5
    endloop
  endfacet
  facet normal 0.92388 -0.382683 0
    outer loop
      vertex 8.88157 -0.375 78.5
      vertex 9.0369 0 79.5
      vertex 8.88157 -0.375 83.5
    endloop
  endfacet
  facet normal -0.991446 -0.130521 0
    outer loop
      vertex 3.8437 0.288248 78.5
      vertex 3.75 1 83.5
      vertex 3.75 1 78.5
    endloop
  endfacet
  facet normal -0.991446 -0.130521 0
    outer loop
      vertex 3.75 1 83.5
      vertex 3.8437 0.288248 78.5
      vertex 3.8437 0.288248 83.5
    endloop
  endfacet
  facet normal 0.793349 0.608767 -0
    outer loop
      vertex 8.88157 2.375 78.5
      vertex 8.44454 2.94454 79.1166
      vertex 8.88157 2.375 79.7707
    endloop
  endfacet
  facet normal 0.793349 0.608767 0
    outer loop
      vertex 8.44454 2.94454 79.1166
      vertex 8.88157 2.375 78.5
      vertex 8.44454 2.94454 78.5
    endloop
  endfacet
  facet normal 0.793349 0.608767 -0
    outer loop
      vertex 8.88157 2.375 83.0872
      vertex 8.44454 2.94454 83.5
      vertex 8.88157 2.375 83.5
    endloop
  endfacet
  facet normal 0.793349 0.608767 0
    outer loop
      vertex 8.44454 2.94454 83.5
      vertex 8.88157 2.375 83.0872
      vertex 8.44454 2.94454 82.5328
    endloop
  endfacet
  facet normal -0.793349 0.608767 0
    outer loop
      vertex 4.11843 2.375 78.5
      vertex 4.55546 2.94454 83.5
      vertex 4.55546 2.94454 78.5
    endloop
  endfacet
  facet normal -0.793349 0.608767 0
    outer loop
      vertex 4.55546 2.94454 83.5
      vertex 4.11843 2.375 78.5
      vertex 4.11843 2.375 83.5
    endloop
  endfacet
  facet normal -0.923878 0.382687 0
    outer loop
      vertex 3.8437 1.71175 78.5
      vertex 4.11843 2.375 83.5
      vertex 4.11843 2.375 78.5
    endloop
  endfacet
  facet normal -0.923878 0.382687 0
    outer loop
      vertex 4.11843 2.375 83.5
      vertex 3.8437 1.71175 78.5
      vertex 3.8437 1.71175 83.5
    endloop
  endfacet
  facet normal -0.382687 0.923878 0
    outer loop
      vertex 5.78825 3.6563 78.7104
      vertex 5.125 3.38157 83.5
      vertex 5.78825 3.6563 83.5
    endloop
  endfacet
  facet normal -0.382689 0.923877 7.65401e-06
    outer loop
      vertex 5.125 3.38157 78.5
      vertex 5.78825 3.6563 78.7104
      vertex 5.67041 3.60749 78.5
    endloop
  endfacet
  facet normal -0.382687 0.923878 0
    outer loop
      vertex 5.78825 3.6563 78.7104
      vertex 5.125 3.38157 78.5
      vertex 5.125 3.38157 83.5
    endloop
  endfacet
  facet normal 0.991446 -0.130521 0
    outer loop
      vertex 9.1563 0.288248 79.5
      vertex 9.25 1 78.5
      vertex 9.25 1 79.5
    endloop
  endfacet
  facet normal 0.991446 -0.130521 0
    outer loop
      vertex 9.25 1 78.5
      vertex 9.1563 0.288248 79.5
      vertex 9.1563 0.288248 78.5
    endloop
  endfacet
  facet normal 0.991446 -0.13052 0
    outer loop
      vertex 9.1563 0.288248 83.5
      vertex 9.1563 0.288248 83.4357
      vertex 9.207 0.67337 83.5
    endloop
  endfacet
  facet normal 0.130521 -0.991446 0
    outer loop
      vertex 6.5 -1.75 78.5
      vertex 7.21175 -1.6563 83.5
      vertex 6.5 -1.75 83.5
    endloop
  endfacet
  facet normal 0.130521 -0.991446 0
    outer loop
      vertex 7.21175 -1.6563 83.5
      vertex 6.5 -1.75 78.5
      vertex 7.21175 -1.6563 78.5
    endloop
  endfacet
  facet normal 0.608765 -0.793351 0
    outer loop
      vertex 7.875 -1.38157 78.5
      vertex 8.44454 -0.944543 83.5
      vertex 7.875 -1.38157 83.5
    endloop
  endfacet
  facet normal 0.608765 -0.793351 0
    outer loop
      vertex 8.44454 -0.944543 83.5
      vertex 7.875 -1.38157 78.5
      vertex 8.44454 -0.944543 78.5
    endloop
  endfacet
  facet normal -0.608765 -0.793351 0
    outer loop
      vertex 4.55546 -0.944543 78.5
      vertex 5.125 -1.38157 83.5
      vertex 4.55546 -0.944543 83.5
    endloop
  endfacet
  facet normal -0.608765 -0.793351 -0
    outer loop
      vertex 5.125 -1.38157 83.5
      vertex 4.55546 -0.944543 78.5
      vertex 5.125 -1.38157 78.5
    endloop
  endfacet
  facet normal -0.130521 -0.991446 0
    outer loop
      vertex 5.78825 -1.6563 78.5
      vertex 6.5 -1.75 83.5
      vertex 5.78825 -1.6563 83.5
    endloop
  endfacet
  facet normal -0.130521 -0.991446 -0
    outer loop
      vertex 6.5 -1.75 83.5
      vertex 5.78825 -1.6563 78.5
      vertex 6.5 -1.75 78.5
    endloop
  endfacet
  facet normal -0.923878 -0.382688 0
    outer loop
      vertex 4.11843 -0.375 78.5
      vertex 3.8437 0.288248 83.5
      vertex 3.8437 0.288248 78.5
    endloop
  endfacet
  facet normal -0.923878 -0.382688 0
    outer loop
      vertex 3.8437 0.288248 83.5
      vertex 4.11843 -0.375 78.5
      vertex 4.11843 -0.375 83.5
    endloop
  endfacet
  facet normal 0.382687 -0.923878 0
    outer loop
      vertex 7.21175 -1.6563 78.5
      vertex 7.875 -1.38157 83.5
      vertex 7.21175 -1.6563 83.5
    endloop
  endfacet
  facet normal 0.382687 -0.923878 0
    outer loop
      vertex 7.875 -1.38157 83.5
      vertex 7.21175 -1.6563 78.5
      vertex 7.875 -1.38157 78.5
    endloop
  endfacet
  facet normal 0.79335 -0.608765 0
    outer loop
      vertex 8.44454 -0.944543 83.5
      vertex 8.88157 -0.375 78.5
      vertex 8.88157 -0.375 83.5
    endloop
  endfacet
  facet normal 0.79335 -0.608765 0
    outer loop
      vertex 8.88157 -0.375 78.5
      vertex 8.44454 -0.944543 83.5
      vertex 8.44454 -0.944543 78.5
    endloop
  endfacet
  facet normal -0.382687 -0.923878 0
    outer loop
      vertex 5.125 -1.38157 78.5
      vertex 5.78825 -1.6563 83.5
      vertex 5.125 -1.38157 83.5
    endloop
  endfacet
  facet normal -0.382687 -0.923878 -0
    outer loop
      vertex 5.78825 -1.6563 83.5
      vertex 5.125 -1.38157 78.5
      vertex 5.78825 -1.6563 78.5
    endloop
  endfacet
  facet normal -0.79335 -0.608765 0
    outer loop
      vertex 4.55546 -0.944543 78.5
      vertex 4.11843 -0.375 83.5
      vertex 4.11843 -0.375 78.5
    endloop
  endfacet
  facet normal -0.79335 -0.608765 0
    outer loop
      vertex 4.11843 -0.375 83.5
      vertex 4.55546 -0.944543 78.5
      vertex 4.55546 -0.944543 83.5
    endloop
  endfacet
  facet normal -0.991443 -0.130538 0
    outer loop
      vertex 8.05 1 78.5
      vertex 7.99718 1.40117 79.5
      vertex 7.99718 1.40117 78.5
    endloop
  endfacet
  facet normal -0.991443 -0.130538 0
    outer loop
      vertex 7.99718 1.40117 79.5
      vertex 8.05 1 78.5
      vertex 8.05 1 79.5
    endloop
  endfacet
  facet normal -0.991443 -0.130538 0
    outer loop
      vertex 8.05 1 82.0324
      vertex 7.99718 1.40117 83.5
      vertex 7.99718 1.40117 81.9654
    endloop
  endfacet
  facet normal -0.991443 -0.130538 0
    outer loop
      vertex 7.99718 1.40117 83.5
      vertex 8.05 1 82.0324
      vertex 8.05 1 83.5
    endloop
  endfacet
  facet normal 0.991443 -0.130538 0
    outer loop
      vertex 4.95 1 83.5
      vertex 5.00282 1.40117 78.5
      vertex 5.00282 1.40117 83.5
    endloop
  endfacet
  facet normal 0.991443 -0.130538 0
    outer loop
      vertex 5.00282 1.40117 78.5
      vertex 4.95 1 83.5
      vertex 4.95 1 78.5
    endloop
  endfacet
  facet normal 0.130538 -0.991443 0
    outer loop
      vertex 6.09883 2.49718 83.5
      vertex 6.5 2.55 79.8063
      vertex 6.5 2.55 83.5
    endloop
  endfacet
  facet normal 0.130538 -0.991443 0
    outer loop
      vertex 6.5 2.55 79.8063
      vertex 6.09883 2.49718 83.5
      vertex 6.09883 2.49718 79.2059
    endloop
  endfacet
  facet normal -0.130524 0.991445 0
    outer loop
      vertex 6.90117 -0.497185 78.5
      vertex 6.5 -0.549999 83.5
      vertex 6.90117 -0.497185 83.5
    endloop
  endfacet
  facet normal -0.130524 0.991445 0
    outer loop
      vertex 6.5 -0.549999 83.5
      vertex 6.90117 -0.497185 78.5
      vertex 6.5 -0.549999 78.5
    endloop
  endfacet
  facet normal -0.609489 -0.792794 0
    outer loop
      vertex 7.59082 2.1 78.5
      vertex 7.59601 2.09601 79.5
      vertex 7.59082 2.1 79.5
    endloop
  endfacet
  facet normal -0.609489 -0.792794 -0
    outer loop
      vertex 7.59601 2.09601 79.5
      vertex 7.59082 2.1 78.5
      vertex 7.59601 2.09601 78.5
    endloop
  endfacet
  facet normal -0.608778 -0.793341 0
    outer loop
      vertex 7.275 2.34234 83.5
      vertex 7.59601 2.09601 81.4466
      vertex 7.59601 2.09601 83.5
    endloop
  endfacet
  facet normal -0.608778 -0.793341 0
    outer loop
      vertex 7.59601 2.09601 81.4466
      vertex 7.275 2.34234 83.5
      vertex 7.275 2.34234 80.9662
    endloop
  endfacet
  facet normal -0.382672 -0.923884 0
    outer loop
      vertex 6.90117 2.49718 83.5
      vertex 7.275 2.34234 80.9662
      vertex 7.275 2.34234 83.5
    endloop
  endfacet
  facet normal -0.382672 -0.923884 0
    outer loop
      vertex 7.275 2.34234 80.9662
      vertex 6.90117 2.49718 83.5
      vertex 6.90117 2.49718 80.4067
    endloop
  endfacet
  facet normal 0.608778 -0.793341 0
    outer loop
      vertex 5.40399 2.09601 83.5
      vertex 5.725 2.34234 78.5975
      vertex 5.725 2.34234 83.5
    endloop
  endfacet
  facet normal 0.608778 -0.793341 0
    outer loop
      vertex 5.40399 2.09601 78.5
      vertex 5.725 2.34234 78.5975
      vertex 5.40399 2.09601 83.5
    endloop
  endfacet
  facet normal 0.608778 -0.793341 -1.39879e-06
    outer loop
      vertex 5.725 2.34234 78.5975
      vertex 5.40399 2.09601 78.5
      vertex 5.67041 2.30045 78.5
    endloop
  endfacet
  facet normal 0.382672 -0.923884 0
    outer loop
      vertex 5.725 2.34234 83.5
      vertex 6.09883 2.49718 79.2059
      vertex 6.09883 2.49718 83.5
    endloop
  endfacet
  facet normal 0.382676 -0.923883 4.0483e-07
    outer loop
      vertex 5.725 2.34234 83.5
      vertex 5.89439 2.4125 78.8999
      vertex 6.09883 2.49718 79.2059
    endloop
  endfacet
  facet normal 0.382667 -0.923887 0
    outer loop
      vertex 5.89439 2.4125 78.8999
      vertex 5.725 2.34234 83.5
      vertex 5.725 2.34234 78.5975
    endloop
  endfacet
  facet normal -0.793341 -0.608778 0
    outer loop
      vertex 7.84234 1.775 78.5
      vertex 7.59601 2.09601 79.5
      vertex 7.59601 2.09601 78.5
    endloop
  endfacet
  facet normal -0.793341 -0.608778 0
    outer loop
      vertex 7.59601 2.09601 79.5
      vertex 7.84234 1.775 78.5
      vertex 7.84234 1.775 79.5
    endloop
  endfacet
  facet normal -0.793287 -0.608848 0
    outer loop
      vertex 7.63932 2.03958 81.5114
      vertex 7.59601 2.09601 83.5
      vertex 7.59601 2.09601 81.4466
    endloop
  endfacet
  facet normal -0.793351 -0.608765 -3.72879e-06
    outer loop
      vertex 7.84234 1.775 81.7689
      vertex 7.59601 2.09601 83.5
      vertex 7.63932 2.03958 81.5114
    endloop
  endfacet
  facet normal -0.793341 -0.608778 0
    outer loop
      vertex 7.59601 2.09601 83.5
      vertex 7.84234 1.775 81.7689
      vertex 7.84234 1.775 83.5
    endloop
  endfacet
  facet normal -0.923884 -0.382672 0
    outer loop
      vertex 7.99718 1.40117 78.5
      vertex 7.84234 1.775 79.5
      vertex 7.84234 1.775 78.5
    endloop
  endfacet
  facet normal -0.923884 -0.382672 0
    outer loop
      vertex 7.84234 1.775 79.5
      vertex 7.99718 1.40117 78.5
      vertex 7.99718 1.40117 79.5
    endloop
  endfacet
  facet normal -0.923884 -0.382672 0
    outer loop
      vertex 7.99718 1.40117 81.9654
      vertex 7.84234 1.775 83.5
      vertex 7.84234 1.775 81.7689
    endloop
  endfacet
  facet normal -0.923884 -0.382672 0
    outer loop
      vertex 7.84234 1.775 83.5
      vertex 7.99718 1.40117 81.9654
      vertex 7.99718 1.40117 83.5
    endloop
  endfacet
  facet normal -0.130538 -0.991443 0
    outer loop
      vertex 6.5 2.55 83.5
      vertex 6.90117 2.49718 80.4067
      vertex 6.90117 2.49718 83.5
    endloop
  endfacet
  facet normal -0.130538 -0.991443 0
    outer loop
      vertex 6.90117 2.49718 80.4067
      vertex 6.5 2.55 83.5
      vertex 6.5 2.55 79.8063
    endloop
  endfacet
  facet normal 0.793341 -0.608778 0
    outer loop
      vertex 5.15766 1.775 83.5
      vertex 5.40399 2.09601 78.5
      vertex 5.40399 2.09601 83.5
    endloop
  endfacet
  facet normal 0.793341 -0.608778 0
    outer loop
      vertex 5.40399 2.09601 78.5
      vertex 5.15766 1.775 83.5
      vertex 5.15766 1.775 78.5
    endloop
  endfacet
  facet normal 0.923884 -0.382672 0
    outer loop
      vertex 5.00282 1.40117 83.5
      vertex 5.15766 1.775 78.5
      vertex 5.15766 1.775 83.5
    endloop
  endfacet
  facet normal 0.923884 -0.382672 0
    outer loop
      vertex 5.15766 1.775 78.5
      vertex 5.00282 1.40117 83.5
      vertex 5.00282 1.40117 78.5
    endloop
  endfacet
  facet normal -0.991443 0.130539 0
    outer loop
      vertex 7.99718 0.598831 78.5
      vertex 8.05 1 79.5
      vertex 8.05 1 78.5
    endloop
  endfacet
  facet normal -0.991443 0.130539 0
    outer loop
      vertex 8.05 1 79.5
      vertex 7.99718 0.598831 78.5
      vertex 7.99718 0.598831 79.5
    endloop
  endfacet
  facet normal -0.991443 0.130539 0
    outer loop
      vertex 7.99718 0.598831 83.5
      vertex 8.05 1 82.0324
      vertex 7.99718 0.598831 81.9654
    endloop
  endfacet
  facet normal -0.991443 0.130539 0
    outer loop
      vertex 8.05 1 82.0324
      vertex 7.99718 0.598831 83.5
      vertex 8.05 1 83.5
    endloop
  endfacet
  facet normal -0.793351 0.608765 0
    outer loop
      vertex 7.84234 0.225 78.5
      vertex 7.66969 0 79.5
      vertex 7.84234 0.225 79.5
    endloop
  endfacet
  facet normal -0.793333 0.608788 0
    outer loop
      vertex 7.66969 0 79.5
      vertex 7.59601 -0.096015 78.5
      vertex 7.66969 0 81.5499
    endloop
  endfacet
  facet normal -0.793346 0.608772 2.4967e-06
    outer loop
      vertex 7.59601 -0.096015 78.5
      vertex 7.66969 0 79.5
      vertex 7.84234 0.225 78.5
    endloop
  endfacet
  facet normal -0.79335 0.608766 -1.74311e-06
    outer loop
      vertex 7.59601 -0.096015 83.5
      vertex 7.84234 0.225 81.7689
      vertex 7.66969 0 81.5499
    endloop
  endfacet
  facet normal -0.793346 0.608772 0
    outer loop
      vertex 7.84234 0.225 81.7689
      vertex 7.59601 -0.096015 83.5
      vertex 7.84234 0.225 83.5
    endloop
  endfacet
  facet normal -0.793333 0.608788 0
    outer loop
      vertex 7.59601 -0.096015 83.5
      vertex 7.66969 0 81.5499
      vertex 7.59601 -0.096015 78.5
    endloop
  endfacet
  facet normal -0.923885 0.382671 0
    outer loop
      vertex 7.84234 0.225 78.5
      vertex 7.99718 0.598831 79.5
      vertex 7.99718 0.598831 78.5
    endloop
  endfacet
  facet normal -0.923885 0.382671 0
    outer loop
      vertex 7.99718 0.598831 79.5
      vertex 7.84234 0.225 78.5
      vertex 7.84234 0.225 79.5
    endloop
  endfacet
  facet normal -0.923885 0.382671 0
    outer loop
      vertex 7.84234 0.225 83.5
      vertex 7.99718 0.598831 81.9654
      vertex 7.84234 0.225 81.7689
    endloop
  endfacet
  facet normal -0.923885 0.382671 0
    outer loop
      vertex 7.99718 0.598831 81.9654
      vertex 7.84234 0.225 83.5
      vertex 7.99718 0.598831 83.5
    endloop
  endfacet
  facet normal 0.608768 0.793348 -0
    outer loop
      vertex 5.725 -0.342339 78.5
      vertex 5.40399 -0.096015 83.5
      vertex 5.725 -0.342339 83.5
    endloop
  endfacet
  facet normal 0.608768 0.793348 0
    outer loop
      vertex 5.40399 -0.096015 83.5
      vertex 5.725 -0.342339 78.5
      vertex 5.40399 -0.096015 78.5
    endloop
  endfacet
  facet normal 0.923885 0.382671 0
    outer loop
      vertex 5.15766 0.225 83.5
      vertex 5.00282 0.598831 78.5
      vertex 5.00282 0.598831 83.5
    endloop
  endfacet
  facet normal 0.923885 0.382671 0
    outer loop
      vertex 5.00282 0.598831 78.5
      vertex 5.15766 0.225 83.5
      vertex 5.15766 0.225 78.5
    endloop
  endfacet
  facet normal 0.991443 0.130539 0
    outer loop
      vertex 5.00282 0.598831 83.5
      vertex 4.95 1 78.5
      vertex 4.95 1 83.5
    endloop
  endfacet
  facet normal 0.991443 0.130539 0
    outer loop
      vertex 4.95 1 78.5
      vertex 5.00282 0.598831 83.5
      vertex 5.00282 0.598831 78.5
    endloop
  endfacet
  facet normal 0.793346 0.608772 0
    outer loop
      vertex 5.40399 -0.096015 83.5
      vertex 5.15766 0.225 78.5
      vertex 5.15766 0.225 83.5
    endloop
  endfacet
  facet normal 0.793346 0.608772 0
    outer loop
      vertex 5.15766 0.225 78.5
      vertex 5.40399 -0.096015 83.5
      vertex 5.40399 -0.096015 78.5
    endloop
  endfacet
  facet normal 0.130524 0.991445 -0
    outer loop
      vertex 6.5 -0.549999 78.5
      vertex 6.09883 -0.497185 83.5
      vertex 6.5 -0.549999 83.5
    endloop
  endfacet
  facet normal 0.130524 0.991445 0
    outer loop
      vertex 6.09883 -0.497185 83.5
      vertex 6.5 -0.549999 78.5
      vertex 6.09883 -0.497185 78.5
    endloop
  endfacet
  facet normal 0.382685 0.923879 -0
    outer loop
      vertex 6.09883 -0.497185 78.5
      vertex 5.725 -0.342339 83.5
      vertex 6.09883 -0.497185 83.5
    endloop
  endfacet
  facet normal 0.382685 0.923879 0
    outer loop
      vertex 5.725 -0.342339 83.5
      vertex 6.09883 -0.497185 78.5
      vertex 5.725 -0.342339 78.5
    endloop
  endfacet
  facet normal -0.608768 0.793348 0
    outer loop
      vertex 7.59601 -0.096015 78.5
      vertex 7.275 -0.342339 83.5
      vertex 7.59601 -0.096015 83.5
    endloop
  endfacet
  facet normal -0.608768 0.793348 0
    outer loop
      vertex 7.275 -0.342339 83.5
      vertex 7.59601 -0.096015 78.5
      vertex 7.275 -0.342339 78.5
    endloop
  endfacet
  facet normal -0.382685 0.923879 0
    outer loop
      vertex 7.275 -0.342339 78.5
      vertex 6.90117 -0.497185 83.5
      vertex 7.275 -0.342339 83.5
    endloop
  endfacet
  facet normal -0.382685 0.923879 0
    outer loop
      vertex 6.90117 -0.497185 83.5
      vertex 7.275 -0.342339 78.5
      vertex 6.90117 -0.497185 78.5
    endloop
  endfacet
  facet normal -1 0 0
    outer loop
      vertex 3 37 73.1859
      vertex 3 36 76.5
      vertex 3 37 76.5
    endloop
  endfacet
  facet normal -1 0 0
    outer loop
      vertex 3 36 76.5
      vertex 3 34 76.5
      vertex 3 36 77.5
    endloop
  endfacet
  facet normal -1 0 0
    outer loop
      vertex 3 37 73.1859
      vertex 3 34 76.5
      vertex 3 36 76.5
    endloop
  endfacet
  facet normal -1 0 0
    outer loop
      vertex 3 33 73.1859
      vertex 3 34 76.5
      vertex 3 37 73.1859
    endloop
  endfacet
  facet normal -1 -0 0
    outer loop
      vertex 3 34 76.5
      vertex 3 33 73.1859
      vertex 3 33 76.5
    endloop
  endfacet
  facet normal -1 -0 0
    outer loop
      vertex 3 36 77.5
      vertex 3 34 76.5
      vertex 3 34 77.5
    endloop
  endfacet
  facet normal -0 0 1
    outer loop
      vertex 3 34 76.5
      vertex 4.2 33 76.5
      vertex 4.2 34 76.5
    endloop
  endfacet
  facet normal 0 0 1
    outer loop
      vertex 4.2 33 76.5
      vertex 3 34 76.5
      vertex 3 33 76.5
    endloop
  endfacet
  facet normal -0 0 1
    outer loop
      vertex 14.2 37 76.5
      vertex 15.4 36 76.5
      vertex 15.4 37 76.5
    endloop
  endfacet
  facet normal 0 0 1
    outer loop
      vertex 15.4 36 76.5
      vertex 14.2 37 76.5
      vertex 14.2 36 76.5
    endloop
  endfacet
  facet normal -0 0 1
    outer loop
      vertex 3 37 76.5
      vertex 4.2 36 76.5
      vertex 4.2 37 76.5
    endloop
  endfacet
  facet normal 0 0 1
    outer loop
      vertex 4.2 36 76.5
      vertex 3 37 76.5
      vertex 3 36 76.5
    endloop
  endfacet
  facet normal -0 0 1
    outer loop
      vertex 14.2 34 76.5
      vertex 15.4 33 76.5
      vertex 15.4 34 76.5
    endloop
  endfacet
  facet normal 0 0 1
    outer loop
      vertex 15.4 33 76.5
      vertex 14.2 34 76.5
      vertex 14.2 33 76.5
    endloop
  endfacet
  facet normal 0 0 -1
    outer loop
      vertex 4.2 34 76.5
      vertex 4.55036 36 76.5
      vertex 4.55036 34 76.5
    endloop
  endfacet
  facet normal -0 0 -1
    outer loop
      vertex 4.55036 36 76.5
      vertex 4.2 34 76.5
      vertex 4.2 36 76.5
    endloop
  endfacet
  facet normal 0 0 -1
    outer loop
      vertex 6.84262 34 76.5
      vertex 14.2 36 76.5
      vertex 14.2 34 76.5
    endloop
  endfacet
  facet normal -0 0 -1
    outer loop
      vertex 14.2 36 76.5
      vertex 6.84262 34 76.5
      vertex 6.84262 36 76.5
    endloop
  endfacet
  facet normal 1 -0 0
    outer loop
      vertex 4.2 36 76.5
      vertex 4.2 37 75.8131
      vertex 4.2 37 76.5
    endloop
  endfacet
  facet normal 1 -0 0
    outer loop
      vertex 4.2 34 76.5
      vertex 4.2 37 75.8131
      vertex 4.2 36 76.5
    endloop
  endfacet
  facet normal 1 0 0
    outer loop
      vertex 4.2 33 75.8131
      vertex 4.2 34 76.5
      vertex 4.2 33 76.5
    endloop
  endfacet
  facet normal 1 0 0
    outer loop
      vertex 4.2 34 76.5
      vertex 4.2 33 75.8131
      vertex 4.2 37 75.8131
    endloop
  endfacet
  facet normal 0 -1 0
    outer loop
      vertex 3 33 76.5
      vertex 4.2 33 75.8131
      vertex 4.2 33 76.5
    endloop
  endfacet
  facet normal 0 -1 0
    outer loop
      vertex 3 33 76.5
      vertex 3.04482 33 73.3073
      vertex 4.2 33 75.8131
    endloop
  endfacet
  facet normal -0 -1 0
    outer loop
      vertex 3.04482 33 73.3073
      vertex 3 33 76.5
      vertex 3 33 73.1859
    endloop
  endfacet
  facet normal 0 1 -0
    outer loop
      vertex 4.2 37 75.8131
      vertex 3 37 76.5
      vertex 4.2 37 76.5
    endloop
  endfacet
  facet normal 0 1 -0
    outer loop
      vertex 3.04482 37 73.3073
      vertex 3 37 76.5
      vertex 4.2 37 75.8131
    endloop
  endfacet
  facet normal 0 1 0
    outer loop
      vertex 3 37 76.5
      vertex 3.04482 37 73.3073
      vertex 3 37 73.1859
    endloop
  endfacet
  facet normal -1 0 0
    outer loop
      vertex 14.2 37 71.5
      vertex 14.2 36 76.5
      vertex 14.2 37 76.5
    endloop
  endfacet
  facet normal -1 0 0
    outer loop
      vertex 14.2 37 71.5
      vertex 14.2 34 76.5
      vertex 14.2 36 76.5
    endloop
  endfacet
  facet normal -1 0 0
    outer loop
      vertex 14.2 33 71.5
      vertex 14.2 34 76.5
      vertex 14.2 37 71.5
    endloop
  endfacet
  facet normal -1 -0 0
    outer loop
      vertex 14.2 34 76.5
      vertex 14.2 33 71.5
      vertex 14.2 33 76.5
    endloop
  endfacet
  facet normal 1 0 0
    outer loop
      vertex 15.4 36 77.5
      vertex 15.4 34 77.5
      vertex 15.4 36 76.5
    endloop
  endfacet
  facet normal 1 -0 0
    outer loop
      vertex 15.4 36 76.5
      vertex 15.4 37 71.5
      vertex 15.4 37 76.5
    endloop
  endfacet
  facet normal 1 0 0
    outer loop
      vertex 15.4 34 76.5
      vertex 15.4 36 76.5
      vertex 15.4 34 77.5
    endloop
  endfacet
  facet normal 1 0 0
    outer loop
      vertex 15.4 36 76.5
      vertex 15.4 34 76.5
      vertex 15.4 37 71.5
    endloop
  endfacet
  facet normal 1 0 0
    outer loop
      vertex 15.4 33 71.5
      vertex 15.4 34 76.5
      vertex 15.4 33 76.5
    endloop
  endfacet
  facet normal 1 0 0
    outer loop
      vertex 15.4 34 76.5
      vertex 15.4 33 71.5
      vertex 15.4 37 71.5
    endloop
  endfacet
  facet normal 0 1 -0
    outer loop
      vertex 15.4 37 71.5
      vertex 14.2 37 76.5
      vertex 15.4 37 76.5
    endloop
  endfacet
  facet normal 0 1 0
    outer loop
      vertex 14.2 37 76.5
      vertex 15.4 37 71.5
      vertex 14.2 37 71.5
    endloop
  endfacet
  facet normal 0 0 -1
    outer loop
      vertex 14.2 33 71.5
      vertex 15.4 37 71.5
      vertex 15.4 33 71.5
    endloop
  endfacet
  facet normal -0 0 -1
    outer loop
      vertex 15.4 37 71.5
      vertex 14.2 33 71.5
      vertex 14.2 37 71.5
    endloop
  endfacet
  facet normal 0 -1 0
    outer loop
      vertex 14.2 33 71.5
      vertex 15.4 33 76.5
      vertex 14.2 33 76.5
    endloop
  endfacet
  facet normal 0 -1 -0
    outer loop
      vertex 15.4 33 76.5
      vertex 14.2 33 71.5
      vertex 15.4 33 71.5
    endloop
  endfacet
  facet normal -0 0 1
    outer loop
      vertex 7.40265 36 77.5
      vertex 15.4 34 77.5
      vertex 15.4 36 77.5
    endloop
  endfacet
  facet normal 0 0 1
    outer loop
      vertex 15.4 34 77.5
      vertex 7.40265 36 77.5
      vertex 7.40265 34 77.5
    endloop
  endfacet
  facet normal -0 0 1
    outer loop
      vertex 3 36 77.5
      vertex 5.11039 34 77.5
      vertex 5.11039 36 77.5
    endloop
  endfacet
  facet normal 0 0 1
    outer loop
      vertex 5.11039 34 77.5
      vertex 3 36 77.5
      vertex 3 34 77.5
    endloop
  endfacet
  facet normal 0 -1 0
    outer loop
      vertex 14.2 34 76.5
      vertex 7.40265 34 77.5
      vertex 6.84262 34 76.5
    endloop
  endfacet
  facet normal 0 -1 0
    outer loop
      vertex 7.40265 34 77.5
      vertex 14.2 34 76.5
      vertex 15.4 34 77.5
    endloop
  endfacet
  facet normal 0 -1 -0
    outer loop
      vertex 15.4 34 77.5
      vertex 14.2 34 76.5
      vertex 15.4 34 76.5
    endloop
  endfacet
  facet normal 0 -1 0
    outer loop
      vertex 4.2 34 76.5
      vertex 3 34 77.5
      vertex 3 34 76.5
    endloop
  endfacet
  facet normal 0 -1 0
    outer loop
      vertex 3 34 77.5
      vertex 4.2 34 76.5
      vertex 5.11039 34 77.5
    endloop
  endfacet
  facet normal 0 -1 0
    outer loop
      vertex 5.11039 34 77.5
      vertex 4.2 34 76.5
      vertex 4.55036 34 76.5
    endloop
  endfacet
  facet normal 0 1 0
    outer loop
      vertex 14.2 36 76.5
      vertex 15.4 36 77.5
      vertex 15.4 36 76.5
    endloop
  endfacet
  facet normal 0 1 0
    outer loop
      vertex 15.4 36 77.5
      vertex 14.2 36 76.5
      vertex 7.40265 36 77.5
    endloop
  endfacet
  facet normal 0 1 0
    outer loop
      vertex 7.40265 36 77.5
      vertex 14.2 36 76.5
      vertex 6.84262 36 76.5
    endloop
  endfacet
  facet normal 0 1 0
    outer loop
      vertex 4.2 36 76.5
      vertex 5.11039 36 77.5
      vertex 4.55036 36 76.5
    endloop
  endfacet
  facet normal 0 1 0
    outer loop
      vertex 5.11039 36 77.5
      vertex 4.2 36 76.5
      vertex 3 36 77.5
    endloop
  endfacet
  facet normal 0 1 0
    outer loop
      vertex 3 36 77.5
      vertex 4.2 36 76.5
      vertex 3 36 76.5
    endloop
  endfacet
  facet normal -1 0 0
    outer loop
      vertex 3 59 73.1859
      vertex 3 58 76.5
      vertex 3 59 76.5
    endloop
  endfacet
  facet normal -1 0 0
    outer loop
      vertex 3 58 76.5
      vertex 3 56 76.5
      vertex 3 58 77.5
    endloop
  endfacet
  facet normal -1 0 0
    outer loop
      vertex 3 59 73.1859
      vertex 3 56 76.5
      vertex 3 58 76.5
    endloop
  endfacet
  facet normal -1 0 0
    outer loop
      vertex 3 55 73.1859
      vertex 3 56 76.5
      vertex 3 59 73.1859
    endloop
  endfacet
  facet normal -1 -0 0
    outer loop
      vertex 3 56 76.5
      vertex 3 55 73.1859
      vertex 3 55 76.5
    endloop
  endfacet
  facet normal -1 -0 0
    outer loop
      vertex 3 58 77.5
      vertex 3 56 76.5
      vertex 3 56 77.5
    endloop
  endfacet
  facet normal -0 0 1
    outer loop
      vertex 3 56 76.5
      vertex 4.2 55 76.5
      vertex 4.2 56 76.5
    endloop
  endfacet
  facet normal 0 0 1
    outer loop
      vertex 4.2 55 76.5
      vertex 3 56 76.5
      vertex 3 55 76.5
    endloop
  endfacet
  facet normal -0 0 1
    outer loop
      vertex 14.2 59 76.5
      vertex 15.4 58 76.5
      vertex 15.4 59 76.5
    endloop
  endfacet
  facet normal 0 0 1
    outer loop
      vertex 15.4 58 76.5
      vertex 14.2 59 76.5
      vertex 14.2 58 76.5
    endloop
  endfacet
  facet normal -0 0 1
    outer loop
      vertex 3 59 76.5
      vertex 4.2 58 76.5
      vertex 4.2 59 76.5
    endloop
  endfacet
  facet normal 0 0 1
    outer loop
      vertex 4.2 58 76.5
      vertex 3 59 76.5
      vertex 3 58 76.5
    endloop
  endfacet
  facet normal -0 0 1
    outer loop
      vertex 14.2 56 76.5
      vertex 15.4 55 76.5
      vertex 15.4 56 76.5
    endloop
  endfacet
  facet normal 0 0 1
    outer loop
      vertex 15.4 55 76.5
      vertex 14.2 56 76.5
      vertex 14.2 55 76.5
    endloop
  endfacet
  facet normal 0 0 -1
    outer loop
      vertex 4.2 56 76.5
      vertex 4.55036 58 76.5
      vertex 4.55036 56 76.5
    endloop
  endfacet
  facet normal -0 0 -1
    outer loop
      vertex 4.55036 58 76.5
      vertex 4.2 56 76.5
      vertex 4.2 58 76.5
    endloop
  endfacet
  facet normal 0 0 -1
    outer loop
      vertex 6.84262 56 76.5
      vertex 14.2 58 76.5
      vertex 14.2 56 76.5
    endloop
  endfacet
  facet normal -0 0 -1
    outer loop
      vertex 14.2 58 76.5
      vertex 6.84262 56 76.5
      vertex 6.84262 58 76.5
    endloop
  endfacet
  facet normal 1 -0 0
    outer loop
      vertex 4.2 58 76.5
      vertex 4.2 59 75.8131
      vertex 4.2 59 76.5
    endloop
  endfacet
  facet normal 1 -0 0
    outer loop
      vertex 4.2 56 76.5
      vertex 4.2 59 75.8131
      vertex 4.2 58 76.5
    endloop
  endfacet
  facet normal 1 0 0
    outer loop
      vertex 4.2 55 75.8131
      vertex 4.2 56 76.5
      vertex 4.2 55 76.5
    endloop
  endfacet
  facet normal 1 0 0
    outer loop
      vertex 4.2 56 76.5
      vertex 4.2 55 75.8131
      vertex 4.2 59 75.8131
    endloop
  endfacet
  facet normal 0 1 -0
    outer loop
      vertex 4.2 59 75.8131
      vertex 3 59 76.5
      vertex 4.2 59 76.5
    endloop
  endfacet
  facet normal 0 1 -0
    outer loop
      vertex 3.04482 59 73.3073
      vertex 3 59 76.5
      vertex 4.2 59 75.8131
    endloop
  endfacet
  facet normal 0 1 0
    outer loop
      vertex 3 59 76.5
      vertex 3.04482 59 73.3073
      vertex 3 59 73.1859
    endloop
  endfacet
  facet normal 0 -1 0
    outer loop
      vertex 3 55 76.5
      vertex 4.2 55 75.8131
      vertex 4.2 55 76.5
    endloop
  endfacet
  facet normal 0 -1 0
    outer loop
      vertex 3 55 76.5
      vertex 3.04482 55 73.3073
      vertex 4.2 55 75.8131
    endloop
  endfacet
  facet normal -0 -1 0
    outer loop
      vertex 3.04482 55 73.3073
      vertex 3 55 76.5
      vertex 3 55 73.1859
    endloop
  endfacet
  facet normal -1 0 0
    outer loop
      vertex 14.2 59 71.5
      vertex 14.2 58 76.5
      vertex 14.2 59 76.5
    endloop
  endfacet
  facet normal -1 0 0
    outer loop
      vertex 14.2 59 71.5
      vertex 14.2 56 76.5
      vertex 14.2 58 76.5
    endloop
  endfacet
  facet normal -1 0 0
    outer loop
      vertex 14.2 55 71.5
      vertex 14.2 56 76.5
      vertex 14.2 59 71.5
    endloop
  endfacet
  facet normal -1 -0 0
    outer loop
      vertex 14.2 56 76.5
      vertex 14.2 55 71.5
      vertex 14.2 55 76.5
    endloop
  endfacet
  facet normal 1 0 0
    outer loop
      vertex 15.4 58 77.5
      vertex 15.4 56 77.5
      vertex 15.4 58 76.5
    endloop
  endfacet
  facet normal 1 -0 0
    outer loop
      vertex 15.4 58 76.5
      vertex 15.4 59 71.5
      vertex 15.4 59 76.5
    endloop
  endfacet
  facet normal 1 0 0
    outer loop
      vertex 15.4 56 76.5
      vertex 15.4 58 76.5
      vertex 15.4 56 77.5
    endloop
  endfacet
  facet normal 1 0 0
    outer loop
      vertex 15.4 58 76.5
      vertex 15.4 56 76.5
      vertex 15.4 59 71.5
    endloop
  endfacet
  facet normal 1 0 0
    outer loop
      vertex 15.4 55 71.5
      vertex 15.4 56 76.5
      vertex 15.4 55 76.5
    endloop
  endfacet
  facet normal 1 0 0
    outer loop
      vertex 15.4 56 76.5
      vertex 15.4 55 71.5
      vertex 15.4 59 71.5
    endloop
  endfacet
  facet normal 0 1 -0
    outer loop
      vertex 15.4 59 71.5
      vertex 14.2 59 76.5
      vertex 15.4 59 76.5
    endloop
  endfacet
  facet normal 0 1 0
    outer loop
      vertex 14.2 59 76.5
      vertex 15.4 59 71.5
      vertex 14.2 59 71.5
    endloop
  endfacet
  facet normal 0 0 -1
    outer loop
      vertex 14.2 55 71.5
      vertex 15.4 59 71.5
      vertex 15.4 55 71.5
    endloop
  endfacet
  facet normal -0 0 -1
    outer loop
      vertex 15.4 59 71.5
      vertex 14.2 55 71.5
      vertex 14.2 59 71.5
    endloop
  endfacet
  facet normal 0 -1 0
    outer loop
      vertex 14.2 55 71.5
      vertex 15.4 55 76.5
      vertex 14.2 55 76.5
    endloop
  endfacet
  facet normal 0 -1 -0
    outer loop
      vertex 15.4 55 76.5
      vertex 14.2 55 71.5
      vertex 15.4 55 71.5
    endloop
  endfacet
  facet normal -0 0 1
    outer loop
      vertex 7.40265 58 77.5
      vertex 15.4 56 77.5
      vertex 15.4 58 77.5
    endloop
  endfacet
  facet normal 0 0 1
    outer loop
      vertex 15.4 56 77.5
      vertex 7.40265 58 77.5
      vertex 7.40265 56 77.5
    endloop
  endfacet
  facet normal -0 0 1
    outer loop
      vertex 3 58 77.5
      vertex 5.11039 56 77.5
      vertex 5.11039 58 77.5
    endloop
  endfacet
  facet normal 0 0 1
    outer loop
      vertex 5.11039 56 77.5
      vertex 3 58 77.5
      vertex 3 56 77.5
    endloop
  endfacet
  facet normal 0 -1 0
    outer loop
      vertex 14.2 56 76.5
      vertex 7.40265 56 77.5
      vertex 6.84262 56 76.5
    endloop
  endfacet
  facet normal 0 -1 0
    outer loop
      vertex 7.40265 56 77.5
      vertex 14.2 56 76.5
      vertex 15.4 56 77.5
    endloop
  endfacet
  facet normal 0 -1 -0
    outer loop
      vertex 15.4 56 77.5
      vertex 14.2 56 76.5
      vertex 15.4 56 76.5
    endloop
  endfacet
  facet normal 0 -1 0
    outer loop
      vertex 4.2 56 76.5
      vertex 3 56 77.5
      vertex 3 56 76.5
    endloop
  endfacet
  facet normal 0 -1 0
    outer loop
      vertex 3 56 77.5
      vertex 4.2 56 76.5
      vertex 5.11039 56 77.5
    endloop
  endfacet
  facet normal 0 -1 0
    outer loop
      vertex 5.11039 56 77.5
      vertex 4.2 56 76.5
      vertex 4.55036 56 76.5
    endloop
  endfacet
  facet normal 0 1 0
    outer loop
      vertex 14.2 58 76.5
      vertex 15.4 58 77.5
      vertex 15.4 58 76.5
    endloop
  endfacet
  facet normal 0 1 0
    outer loop
      vertex 15.4 58 77.5
      vertex 14.2 58 76.5
      vertex 7.40265 58 77.5
    endloop
  endfacet
  facet normal 0 1 0
    outer loop
      vertex 7.40265 58 77.5
      vertex 14.2 58 76.5
      vertex 6.84262 58 76.5
    endloop
  endfacet
  facet normal 0 1 0
    outer loop
      vertex 4.2 58 76.5
      vertex 5.11039 58 77.5
      vertex 4.55036 58 76.5
    endloop
  endfacet
  facet normal 0 1 0
    outer loop
      vertex 5.11039 58 77.5
      vertex 4.2 58 76.5
      vertex 3 58 77.5
    endloop
  endfacet
  facet normal 0 1 0
    outer loop
      vertex 3 58 77.5
      vertex 4.2 58 76.5
      vertex 3 58 76.5
    endloop
  endfacet
  facet normal -1 0 0
    outer loop
      vertex 3 81 73.1859
      vertex 3 80 76.5
      vertex 3 81 76.5
    endloop
  endfacet
  facet normal -1 0 0
    outer loop
      vertex 3 80 76.5
      vertex 3 78 76.5
      vertex 3 80 77.5
    endloop
  endfacet
  facet normal -1 0 0
    outer loop
      vertex 3 81 73.1859
      vertex 3 78 76.5
      vertex 3 80 76.5
    endloop
  endfacet
  facet normal -1 0 0
    outer loop
      vertex 3 77 73.1859
      vertex 3 78 76.5
      vertex 3 81 73.1859
    endloop
  endfacet
  facet normal -1 -0 0
    outer loop
      vertex 3 78 76.5
      vertex 3 77 73.1859
      vertex 3 77 76.5
    endloop
  endfacet
  facet normal -1 -0 0
    outer loop
      vertex 3 80 77.5
      vertex 3 78 76.5
      vertex 3 78 77.5
    endloop
  endfacet
  facet normal -0 0 1
    outer loop
      vertex 3 78 76.5
      vertex 4.2 77 76.5
      vertex 4.2 78 76.5
    endloop
  endfacet
  facet normal 0 0 1
    outer loop
      vertex 4.2 77 76.5
      vertex 3 78 76.5
      vertex 3 77 76.5
    endloop
  endfacet
  facet normal -0 0 1
    outer loop
      vertex 14.2 81 76.5
      vertex 15.4 80 76.5
      vertex 15.4 81 76.5
    endloop
  endfacet
  facet normal 0 0 1
    outer loop
      vertex 15.4 80 76.5
      vertex 14.2 81 76.5
      vertex 14.2 80 76.5
    endloop
  endfacet
  facet normal -0 0 1
    outer loop
      vertex 3 81 76.5
      vertex 4.2 80 76.5
      vertex 4.2 81 76.5
    endloop
  endfacet
  facet normal 0 0 1
    outer loop
      vertex 4.2 80 76.5
      vertex 3 81 76.5
      vertex 3 80 76.5
    endloop
  endfacet
  facet normal -0 0 1
    outer loop
      vertex 14.2 78 76.5
      vertex 15.4 77 76.5
      vertex 15.4 78 76.5
    endloop
  endfacet
  facet normal 0 0 1
    outer loop
      vertex 15.4 77 76.5
      vertex 14.2 78 76.5
      vertex 14.2 77 76.5
    endloop
  endfacet
  facet normal 0 0 -1
    outer loop
      vertex 4.2 78 76.5
      vertex 4.55036 80 76.5
      vertex 4.55036 78 76.5
    endloop
  endfacet
  facet normal -0 0 -1
    outer loop
      vertex 4.55036 80 76.5
      vertex 4.2 78 76.5
      vertex 4.2 80 76.5
    endloop
  endfacet
  facet normal 0 0 -1
    outer loop
      vertex 6.84262 78 76.5
      vertex 14.2 80 76.5
      vertex 14.2 78 76.5
    endloop
  endfacet
  facet normal -0 0 -1
    outer loop
      vertex 14.2 80 76.5
      vertex 6.84262 78 76.5
      vertex 6.84262 80 76.5
    endloop
  endfacet
  facet normal 1 -0 0
    outer loop
      vertex 4.2 80 76.5
      vertex 4.2 81 75.8131
      vertex 4.2 81 76.5
    endloop
  endfacet
  facet normal 1 -0 0
    outer loop
      vertex 4.2 78 76.5
      vertex 4.2 81 75.8131
      vertex 4.2 80 76.5
    endloop
  endfacet
  facet normal 1 0 0
    outer loop
      vertex 4.2 77 75.8131
      vertex 4.2 78 76.5
      vertex 4.2 77 76.5
    endloop
  endfacet
  facet normal 1 0 0
    outer loop
      vertex 4.2 78 76.5
      vertex 4.2 77 75.8131
      vertex 4.2 81 75.8131
    endloop
  endfacet
  facet normal 0 -1 0
    outer loop
      vertex 3 77 76.5
      vertex 4.2 77 75.8131
      vertex 4.2 77 76.5
    endloop
  endfacet
  facet normal 0 -1 0
    outer loop
      vertex 3 77 76.5
      vertex 3.04482 77 73.3073
      vertex 4.2 77 75.8131
    endloop
  endfacet
  facet normal -0 -1 0
    outer loop
      vertex 3.04482 77 73.3073
      vertex 3 77 76.5
      vertex 3 77 73.1859
    endloop
  endfacet
  facet normal 0 1 -0
    outer loop
      vertex 4.2 81 75.8131
      vertex 3 81 76.5
      vertex 4.2 81 76.5
    endloop
  endfacet
  facet normal 0 1 -0
    outer loop
      vertex 3.04482 81 73.3073
      vertex 3 81 76.5
      vertex 4.2 81 75.8131
    endloop
  endfacet
  facet normal 0 1 0
    outer loop
      vertex 3 81 76.5
      vertex 3.04482 81 73.3073
      vertex 3 81 73.1859
    endloop
  endfacet
  facet normal -1 0 0
    outer loop
      vertex 14.2 81 71.5
      vertex 14.2 80 76.5
      vertex 14.2 81 76.5
    endloop
  endfacet
  facet normal -1 0 0
    outer loop
      vertex 14.2 81 71.5
      vertex 14.2 78 76.5
      vertex 14.2 80 76.5
    endloop
  endfacet
  facet normal -1 0 0
    outer loop
      vertex 14.2 77 71.5
      vertex 14.2 78 76.5
      vertex 14.2 81 71.5
    endloop
  endfacet
  facet normal -1 -0 0
    outer loop
      vertex 14.2 78 76.5
      vertex 14.2 77 71.5
      vertex 14.2 77 76.5
    endloop
  endfacet
  facet normal 1 0 0
    outer loop
      vertex 15.4 80 77.5
      vertex 15.4 78 77.5
      vertex 15.4 80 76.5
    endloop
  endfacet
  facet normal 1 -0 0
    outer loop
      vertex 15.4 80 76.5
      vertex 15.4 81 71.5
      vertex 15.4 81 76.5
    endloop
  endfacet
  facet normal 1 0 0
    outer loop
      vertex 15.4 78 76.5
      vertex 15.4 80 76.5
      vertex 15.4 78 77.5
    endloop
  endfacet
  facet normal 1 0 0
    outer loop
      vertex 15.4 80 76.5
      vertex 15.4 78 76.5
      vertex 15.4 81 71.5
    endloop
  endfacet
  facet normal 1 0 0
    outer loop
      vertex 15.4 77 71.5
      vertex 15.4 78 76.5
      vertex 15.4 77 76.5
    endloop
  endfacet
  facet normal 1 0 0
    outer loop
      vertex 15.4 78 76.5
      vertex 15.4 77 71.5
      vertex 15.4 81 71.5
    endloop
  endfacet
  facet normal 0 1 -0
    outer loop
      vertex 15.4 81 71.5
      vertex 14.2 81 76.5
      vertex 15.4 81 76.5
    endloop
  endfacet
  facet normal 0 1 0
    outer loop
      vertex 14.2 81 76.5
      vertex 15.4 81 71.5
      vertex 14.2 81 71.5
    endloop
  endfacet
  facet normal 0 0 -1
    outer loop
      vertex 14.2 77 71.5
      vertex 15.4 81 71.5
      vertex 15.4 77 71.5
    endloop
  endfacet
  facet normal -0 0 -1
    outer loop
      vertex 15.4 81 71.5
      vertex 14.2 77 71.5
      vertex 14.2 81 71.5
    endloop
  endfacet
  facet normal 0 -1 0
    outer loop
      vertex 14.2 77 71.5
      vertex 15.4 77 76.5
      vertex 14.2 77 76.5
    endloop
  endfacet
  facet normal 0 -1 -0
    outer loop
      vertex 15.4 77 76.5
      vertex 14.2 77 71.5
      vertex 15.4 77 71.5
    endloop
  endfacet
  facet normal -0 0 1
    outer loop
      vertex 7.40265 80 77.5
      vertex 15.4 78 77.5
      vertex 15.4 80 77.5
    endloop
  endfacet
  facet normal 0 0 1
    outer loop
      vertex 15.4 78 77.5
      vertex 7.40265 80 77.5
      vertex 7.40265 78 77.5
    endloop
  endfacet
  facet normal -0 0 1
    outer loop
      vertex 3 80 77.5
      vertex 5.11039 78 77.5
      vertex 5.11039 80 77.5
    endloop
  endfacet
  facet normal 0 0 1
    outer loop
      vertex 5.11039 78 77.5
      vertex 3 80 77.5
      vertex 3 78 77.5
    endloop
  endfacet
  facet normal 0 -1 0
    outer loop
      vertex 14.2 78 76.5
      vertex 7.40265 78 77.5
      vertex 6.84262 78 76.5
    endloop
  endfacet
  facet normal 0 -1 0
    outer loop
      vertex 7.40265 78 77.5
      vertex 14.2 78 76.5
      vertex 15.4 78 77.5
    endloop
  endfacet
  facet normal 0 -1 -0
    outer loop
      vertex 15.4 78 77.5
      vertex 14.2 78 76.5
      vertex 15.4 78 76.5
    endloop
  endfacet
  facet normal 0 -1 0
    outer loop
      vertex 4.2 78 76.5
      vertex 3 78 77.5
      vertex 3 78 76.5
    endloop
  endfacet
  facet normal 0 -1 0
    outer loop
      vertex 3 78 77.5
      vertex 4.2 78 76.5
      vertex 5.11039 78 77.5
    endloop
  endfacet
  facet normal 0 -1 0
    outer loop
      vertex 5.11039 78 77.5
      vertex 4.2 78 76.5
      vertex 4.55036 78 76.5
    endloop
  endfacet
  facet normal 0 1 0
    outer loop
      vertex 14.2 80 76.5
      vertex 15.4 80 77.5
      vertex 15.4 80 76.5
    endloop
  endfacet
  facet normal 0 1 0
    outer loop
      vertex 15.4 80 77.5
      vertex 14.2 80 76.5
      vertex 7.40265 80 77.5
    endloop
  endfacet
  facet normal 0 1 0
    outer loop
      vertex 7.40265 80 77.5
      vertex 14.2 80 76.5
      vertex 6.84262 80 76.5
    endloop
  endfacet
  facet normal 0 1 0
    outer loop
      vertex 4.2 80 76.5
      vertex 5.11039 80 77.5
      vertex 4.55036 80 76.5
    endloop
  endfacet
  facet normal 0 1 0
    outer loop
      vertex 5.11039 80 77.5
      vertex 4.2 80 76.5
      vertex 3 80 77.5
    endloop
  endfacet
  facet normal 0 1 0
    outer loop
      vertex 3 80 77.5
      vertex 4.2 80 76.5
      vertex 3 80 76.5
    endloop
  endfacet
  facet normal -1 0 0
    outer loop
      vertex 65 62 7
      vertex 65 60 8.5
      vertex 65 62 24.5
    endloop
  endfacet
  facet normal -1 0 0
    outer loop
      vertex 65 62 7
      vertex 65 39.5 8.5
      vertex 65 60 8.5
    endloop
  endfacet
  facet normal -1 0 0
    outer loop
      vertex 65 37.5 7
      vertex 65 39.5 8.5
      vertex 65 62 7
    endloop
  endfacet
  facet normal -1 0 0
    outer loop
      vertex 65 37.5 24.5
      vertex 65 39.5 8.5
      vertex 65 37.5 7
    endloop
  endfacet
  facet normal -1 0 0
    outer loop
      vertex 65 39.5 8.5
      vertex 65 37.5 24.5
      vertex 65 39.5 24.5
    endloop
  endfacet
  facet normal -1 -0 0
    outer loop
      vertex 65 62 24.5
      vertex 65 60 8.5
      vertex 65 60 24.5
    endloop
  endfacet
  facet normal -0 0 1
    outer loop
      vertex 77.4457 60 8.5
      vertex 78 39.5 8.5
      vertex 78 60 8.5
    endloop
  endfacet
  facet normal 0 0 1
    outer loop
      vertex 78 39.5 8.5
      vertex 77.4457 60 8.5
      vertex 77.4457 39.5 8.5
    endloop
  endfacet
  facet normal -0 0 1
    outer loop
      vertex 65 60 8.5
      vertex 75.443 39.5 8.5
      vertex 75.443 60 8.5
    endloop
  endfacet
  facet normal 0 0 1
    outer loop
      vertex 75.443 39.5 8.5
      vertex 65 60 8.5
      vertex 65 39.5 8.5
    endloop
  endfacet
  facet normal 1 0 0
    outer loop
      vertex 78 39.5 19.0711
      vertex 78 37.5 19.0711
      vertex 78 39.5 8.5
    endloop
  endfacet
  facet normal 1 0 0
    outer loop
      vertex 78 60 8.5
      vertex 78 62 19.0711
      vertex 78 60 19.0711
    endloop
  endfacet
  facet normal 1 0 0
    outer loop
      vertex 78 62 19.0711
      vertex 78 60 8.5
      vertex 78 62 7
    endloop
  endfacet
  facet normal 1 -0 0
    outer loop
      vertex 78 39.5 8.5
      vertex 78 62 7
      vertex 78 60 8.5
    endloop
  endfacet
  facet normal 1 0 0
    outer loop
      vertex 78 39.5 8.5
      vertex 78 37.5 7
      vertex 78 62 7
    endloop
  endfacet
  facet normal 1 0 0
    outer loop
      vertex 78 37.5 7
      vertex 78 39.5 8.5
      vertex 78 37.5 19.0711
    endloop
  endfacet
  facet normal 0 1 0
    outer loop
      vertex 75.3643 62 7
      vertex 76 62 24.5
      vertex 76.2819 62 24.5
    endloop
  endfacet
  facet normal 0 1 0
    outer loop
      vertex 76 62 24.5
      vertex 75.3643 62 7
      vertex 67 62 24.5
    endloop
  endfacet
  facet normal 0 1 0
    outer loop
      vertex 65 62 7
      vertex 67 62 24.5
      vertex 75.3643 62 7
    endloop
  endfacet
  facet normal 0 1 0
    outer loop
      vertex 67 62 24.5
      vertex 65 62 7
      vertex 65 62 24.5
    endloop
  endfacet
  facet normal 0 1 -0
    outer loop
      vertex 76 62 24.5
      vertex 67 62 25.3
      vertex 76 62 25.3
    endloop
  endfacet
  facet normal 0 1 0
    outer loop
      vertex 67 62 25.3
      vertex 76 62 24.5
      vertex 67 62 24.5
    endloop
  endfacet
  facet normal 0 1 -0
    outer loop
      vertex 78 62 7
      vertex 77.3671 62 7
      vertex 78 62 19.0711
    endloop
  endfacet
  facet normal 0 0 -1
    outer loop
      vertex 65 37.5 7
      vertex 75.3643 62 7
      vertex 75.3643 37.5 7
    endloop
  endfacet
  facet normal -0 0 -1
    outer loop
      vertex 75.3643 62 7
      vertex 65 37.5 7
      vertex 65 62 7
    endloop
  endfacet
  facet normal 0 0 -1
    outer loop
      vertex 77.3671 37.5 7
      vertex 78 62 7
      vertex 78 37.5 7
    endloop
  endfacet
  facet normal -0 0 -1
    outer loop
      vertex 78 62 7
      vertex 77.3671 37.5 7
      vertex 77.3671 62 7
    endloop
  endfacet
  facet normal 0 -1 0
    outer loop
      vertex 65 37.5 7
      vertex 67 37.5 24.5
      vertex 65 37.5 24.5
    endloop
  endfacet
  facet normal 0 -1 0
    outer loop
      vertex 67 37.5 24.5
      vertex 75.3643 37.5 7
      vertex 76 37.5 24.5
    endloop
  endfacet
  facet normal 0 -1 -0
    outer loop
      vertex 67 37.5 24.5
      vertex 65 37.5 7
      vertex 75.3643 37.5 7
    endloop
  endfacet
  facet normal 0 -1 -0
    outer loop
      vertex 76 37.5 24.5
      vertex 75.3643 37.5 7
      vertex 76.2819 37.5 24.5
    endloop
  endfacet
  facet normal 0 -1 0
    outer loop
      vertex 67 37.5 24.5
      vertex 76 37.5 25.3
      vertex 67 37.5 25.3
    endloop
  endfacet
  facet normal 0 -1 -0
    outer loop
      vertex 76 37.5 25.3
      vertex 67 37.5 24.5
      vertex 76 37.5 24.5
    endloop
  endfacet
  facet normal 0 -1 -0
    outer loop
      vertex 78 37.5 19.0711
      vertex 77.3671 37.5 7
      vertex 78 37.5 7
    endloop
  endfacet
  facet normal -0 0 1
    outer loop
      vertex 65 39.5 24.5
      vertex 67 37.5 24.5
      vertex 67 39.5 24.5
    endloop
  endfacet
  facet normal 0 0 1
    outer loop
      vertex 67 37.5 24.5
      vertex 65 39.5 24.5
      vertex 65 37.5 24.5
    endloop
  endfacet
  facet normal -0 0 1
    outer loop
      vertex 76 39.5 24.5
      vertex 76.2819 37.5 24.5
      vertex 76.2819 39.5 24.5
    endloop
  endfacet
  facet normal 0 0 1
    outer loop
      vertex 76.2819 37.5 24.5
      vertex 76 39.5 24.5
      vertex 76 37.5 24.5
    endloop
  endfacet
  facet normal 0 1 -0
    outer loop
      vertex 78 39.5 8.5
      vertex 77.4457 39.5 8.5
      vertex 78 39.5 19.0711
    endloop
  endfacet
  facet normal 0 1 0
    outer loop
      vertex 75.443 39.5 8.5
      vertex 76 39.5 24.5
      vertex 76.2819 39.5 24.5
    endloop
  endfacet
  facet normal 0 1 0
    outer loop
      vertex 76 39.5 24.5
      vertex 75.443 39.5 8.5
      vertex 67 39.5 24.5
    endloop
  endfacet
  facet normal 0 1 0
    outer loop
      vertex 65 39.5 8.5
      vertex 67 39.5 24.5
      vertex 75.443 39.5 8.5
    endloop
  endfacet
  facet normal 0 1 0
    outer loop
      vertex 67 39.5 24.5
      vertex 65 39.5 8.5
      vertex 65 39.5 24.5
    endloop
  endfacet
  facet normal 0 1 -0
    outer loop
      vertex 76 39.5 24.5
      vertex 67 39.5 25.3
      vertex 76 39.5 25.3
    endloop
  endfacet
  facet normal 0 1 0
    outer loop
      vertex 67 39.5 25.3
      vertex 76 39.5 24.5
      vertex 67 39.5 24.5
    endloop
  endfacet
  facet normal -1 0 0
    outer loop
      vertex 67 37.5 24.5
      vertex 67 39.5 25.3
      vertex 67 39.5 24.5
    endloop
  endfacet
  facet normal -1 -0 0
    outer loop
      vertex 67 39.5 25.3
      vertex 67 37.5 24.5
      vertex 67 37.5 25.3
    endloop
  endfacet
  facet normal -0 0 1
    outer loop
      vertex 67 39.5 25.3
      vertex 76 37.5 25.3
      vertex 76 39.5 25.3
    endloop
  endfacet
  facet normal 0 0 1
    outer loop
      vertex 76 37.5 25.3
      vertex 67 39.5 25.3
      vertex 67 37.5 25.3
    endloop
  endfacet
  facet normal 1 -0 0
    outer loop
      vertex 76 37.5 25.3
      vertex 76 39.5 24.5
      vertex 76 39.5 25.3
    endloop
  endfacet
  facet normal 1 0 0
    outer loop
      vertex 76 39.5 24.5
      vertex 76 37.5 25.3
      vertex 76 37.5 24.5
    endloop
  endfacet
  facet normal -0 0 1
    outer loop
      vertex 65 62 24.5
      vertex 67 60 24.5
      vertex 67 62 24.5
    endloop
  endfacet
  facet normal 0 0 1
    outer loop
      vertex 67 60 24.5
      vertex 65 62 24.5
      vertex 65 60 24.5
    endloop
  endfacet
  facet normal -0 0 1
    outer loop
      vertex 76 62 24.5
      vertex 76.2819 60 24.5
      vertex 76.2819 62 24.5
    endloop
  endfacet
  facet normal 0 0 1
    outer loop
      vertex 76.2819 60 24.5
      vertex 76 62 24.5
      vertex 76 60 24.5
    endloop
  endfacet
  facet normal 0 -1 0
    outer loop
      vertex 65 60 8.5
      vertex 67 60 24.5
      vertex 65 60 24.5
    endloop
  endfacet
  facet normal 0 -1 0
    outer loop
      vertex 67 60 24.5
      vertex 75.443 60 8.5
      vertex 76 60 24.5
    endloop
  endfacet
  facet normal 0 -1 -0
    outer loop
      vertex 67 60 24.5
      vertex 65 60 8.5
      vertex 75.443 60 8.5
    endloop
  endfacet
  facet normal 0 -1 -0
    outer loop
      vertex 76 60 24.5
      vertex 75.443 60 8.5
      vertex 76.2819 60 24.5
    endloop
  endfacet
  facet normal 0 -1 0
    outer loop
      vertex 67 60 24.5
      vertex 76 60 25.3
      vertex 67 60 25.3
    endloop
  endfacet
  facet normal 0 -1 -0
    outer loop
      vertex 76 60 25.3
      vertex 67 60 24.5
      vertex 76 60 24.5
    endloop
  endfacet
  facet normal 0 -1 -0
    outer loop
      vertex 78 60 19.0711
      vertex 77.4457 60 8.5
      vertex 78 60 8.5
    endloop
  endfacet
  facet normal -1 0 0
    outer loop
      vertex 67 60 24.5
      vertex 67 62 25.3
      vertex 67 62 24.5
    endloop
  endfacet
  facet normal -1 -0 0
    outer loop
      vertex 67 62 25.3
      vertex 67 60 24.5
      vertex 67 60 25.3
    endloop
  endfacet
  facet normal -0 0 1
    outer loop
      vertex 67 62 25.3
      vertex 76 60 25.3
      vertex 76 62 25.3
    endloop
  endfacet
  facet normal 0 0 1
    outer loop
      vertex 76 60 25.3
      vertex 67 62 25.3
      vertex 67 60 25.3
    endloop
  endfacet
  facet normal 1 -0 0
    outer loop
      vertex 76 60 25.3
      vertex 76 62 24.5
      vertex 76 62 25.3
    endloop
  endfacet
  facet normal 1 0 0
    outer loop
      vertex 76 62 24.5
      vertex 76 60 25.3
      vertex 76 60 24.5
    endloop
  endfacet
endsolid OpenSCAD_Model
